Time,1677627473.4054499{}0.0256,0.0171,2.7609{}0.53{}-6.23,-9.59,0{}-0.01,0.01{}2{}{}3.83,3.84{}{}-0.24,0.0{}{}-0.1,1.7{}{}[-0.65 -0.65]{}
Time,1677627473.5130088{}0.0256,0.0171,2.7609{}0.53{}-6.23,-9.59,0{}-0.01,0.01{}2{}{}3.81,3.85{}{}-0.12,-0.26{}{}0.74,1.4{}{}[-0.65 -0.65]{}
Time,1677627473.6169548{}0.0256,0.0171,2.7609{}0.53{}-6.23,-9.59,0{}-0.01,0.01{}2{}{}3.77,3.8{}{}-0.12,-0.13{}{}0.69,1.26{}{}[-0.65 -0.65]{}
Time,1677627473.7232833{}0.0256,0.0171,2.7609{}0.53{}-6.23,-9.59,0{}-0.01,0.01{}5{}{}3.52,6.83,3.7,3.94,3.73{}{}-0.6,-2.25,-0.12,-0.25,-0.26{}{}1.47,0.47,0.65,0.9,1.86{}{}[ 0.    0.   -1.31 -0.65 -0.65]{}
Time,1677627473.8311155{}0.0256,0.0171,2.7609{}0.53{}-6.23,-9.59,0{}-0.01,0.01{}4{}{}3.77,3.58,3.77,3.83{}{}-0.24,-0.11,-0.37,-0.26{}{}0.68,0.63,1.22,1.52{}{}[ 0.   -0.65 -0.65 -0.65]{}
Time,1677627473.936112{}0.0256,0.0171,2.7609{}0.53{}-6.23,-9.59,0{}-0.01,0.01{}4{}{}3.71,3.73,3.54,3.82{}{}-0.24,-0.12,-0.22,-0.37{}{}0.7,0.09,0.57,1.06{}{}[ 0.   -1.96 -0.65 -0.65]{}
Time,1677627474.0483334{}0.0256,0.0171,2.7609{}0.53{}-6.23,-9.59,0{}-0.01,0.01{}6{}{}3.49,6.82,3.38,3.53,3.53,3.71{}{}-0.22,-2.25,-0.32,-0.22,-0.23,-0.37{}{}0.54,0.52,-0.01,-0.16,0.95,1.16{}{}[ 0.    0.   -1.96 -1.96 -0.65 -0.65]{}
Time,1677627474.1528242{}0.0256,0.0171,2.7609{}0.53{}-6.23,-9.59,0{}-0.01,0.01{}3{}{}3.2,3.46,3.61{}{}-0.41,-0.22,-0.36{}{}-0.37,0.94,1.3{}{}[-1.31 -0.65 -0.65]{}
Time,1677627474.320559{}0.0256,0.0171,2.7609{}0.53{}-6.23,-9.59,0{}-0.01,0.01{}3{}{}6.82,3.4,3.68{}{}-2.25,-0.43,-0.61{}{}0.55,0.3,1.15{}{}[ 0.   -0.65 -0.65]{}
Time,1677627474.4266605{}0.0256,0.0171,2.7609{}0.53{}-6.23,-9.59,0{}-0.01,0.01{}6{}{}3.23,3.76,6.82,15.36,3.12,3.49{}{}-0.41,-0.24,-2.25,5.65,-0.32,-0.46{}{}0.29,-0.39,0.55,1.45,1.24,1.02{}{}[ 0.    0.    0.    0.   -0.65 -0.65]{}
Time,1677627474.5318043{}0.0256,0.0171,2.7609{}0.53{}-6.23,-9.59,0{}-0.01,0.01{}4{}{}3.25,6.82,3.45,3.5{}{}-0.52,-2.25,-0.45,-0.7{}{}0.24,0.6,1.06,1.11{}{}[ 0.    0.   -0.65 -0.65]{}
Time,1677627474.6372082{}0.0256,0.0171,2.7609{}0.53{}-6.23,-9.59,0{}-0.01,0.01{}3{}{}3.18,6.83,3.35{}{}-0.51,-2.25,-0.57{}{}0.56,0.38,1.3{}{}[ 0.    0.   -0.65]{}
Time,1677627474.7421167{}0.0256,0.0171,2.7609{}0.53{}-6.23,-9.59,0{}-0.01,0.01{}3{}{}3.12,3.27,3.41{}{}-0.61,-0.64,-0.68{}{}0.65,0.65,0.99{}{}[ 0.   -0.65 -0.65]{}
Time,1677627474.847922{}0.0256,0.0171,2.7609{}0.53{}-6.23,-9.59,0{}-0.01,0.01{}4{}{}3.09,3.16,3.11,15.27{}{}-0.5,-0.54,-0.67,5.61{}{}0.76,1.26,1.61,1.27{}{}[0. 0. 0. 0.]{}
Time,1677627474.9555058{}0.0256,0.0171,2.7609{}0.53{}-6.23,-9.59,0{}-0.01,0.01{}3{}{}2.84,3.02,3.21{}{}-0.57,-0.6,-0.77{}{}0.95,0.79,1.2{}{}[0. 0. 0.]{}
Time,1677627475.0621064{}0.0256,0.0171,2.7609{}0.53{}-6.23,-9.59,0{}-0.01,0.01{}2{}{}2.99,3.04{}{}-0.68,-0.75{}{}0.62,1.38{}{}[0. 0.]{}
Time,1677627475.1686208{}0.0256,0.0171,2.7609{}0.53{}-6.23,-9.59,0{}-0.01,0.01{}2{}{}2.99,3.04{}{}-0.68,-0.75{}{}0.62,1.38{}{}[0. 0.]{}
Time,1677627475.2798054{}0.0256,0.0171,2.7609{}0.53{}-6.23,-9.59,0{}-0.01,0.01{}4{}{}2.93,3.03,3.17,2.9{}{}-0.68,-0.81,-0.87,-0.78{}{}0.77,0.86,1.18,0.77{}{}[ 0.    0.    0.   -1.31]{}
Time,1677627475.3866608{}0.0256,0.0171,2.7609{}0.53{}-6.23,-9.59,0{}-0.01,0.01{}5{}{}3.03,2.96,3.19,2.7,2.88{}{}-0.9,-0.85,-1.0,-0.93,-0.67{}{}0.52,1.48,1.16,0.84,0.84{}{}[ 0.    0.    0.   -1.31 -0.65]{}
Time,1677627475.490797{}0.0256,0.0171,2.7609{}0.53{}-6.23,-9.59,0{}-0.01,0.01{}3{}{}2.6,2.79,2.88{}{}-0.89,-0.94,-0.96{}{}0.79,0.59,1.58{}{}[0. 0. 0.]{}
Time,1677627475.5960755{}0.0256,0.0171,2.7609{}0.53{}-6.23,-9.59,0{}-0.01,0.01{}3{}{}2.88,2.55,2.83{}{}-1.07,-0.9,-0.93{}{}1.51,1.0,0.09{}{}[ 0.    0.65 -0.65]{}
Time,1677627475.7066803{}0.0256,0.0171,2.7609{}0.53{}-6.23,-9.59,0{}-0.01,0.01{}3{}{}2.73,2.74,2.98{}{}-1.04,-1.08,-1.21{}{}0.8,1.1,1.42{}{}[0. 0. 0.]{}
Time,1677627475.8145106{}0.0256,0.0171,2.7609{}0.53{}-6.23,-9.59,0{}-0.01,0.01{}3{}{}2.68,2.77,3.04{}{}-1.02,-1.06,-1.2{}{}0.81,0.82,1.24{}{}[0. 0. 0.]{}
Time,1677627475.9246154{}0.0256,0.0171,2.7609{}0.53{}-6.23,-9.59,0{}-0.01,0.01{}5{}{}2.56,2.71,2.93,2.76,2.83{}{}-1.01,-1.23,-1.09,-1.05,-1.29{}{}1.0,0.53,0.58,1.58,1.47{}{}[0. 0. 0. 0. 0.]{}
Time,1677627476.030132{}0.0256,0.0171,2.7609{}0.53{}-6.23,-9.59,0{}-0.01,0.01{}3{}{}2.62,2.67,2.64{}{}-1.32,-1.14,-1.0{}{}0.76,1.61,0.69{}{}[ 0.    0.   -0.65]{}
Time,1677627476.1351156{}0.0256,0.0171,2.7609{}0.53{}-6.23,-9.59,0{}-0.01,0.01{}5{}{}2.49,2.65,2.96,2.66,15.16{}{}-1.17,-1.23,-1.09,-1.39,6.14{}{}0.85,0.79,0.33,1.64,0.45{}{}[0. 0. 0. 0. 0.]{}
Time,1677627476.2425442{}0.0256,0.0171,2.7609{}0.53{}-6.23,-9.59,0{}-0.01,0.01{}4{}{}2.42,2.63,2.97,2.89{}{}-1.34,-1.32,-1.09,-1.2{}{}0.71,0.71,0.24,0.65{}{}[0.   0.   0.   0.65]{}
Time,1677627476.3519523{}0.0256,0.0171,2.7609{}0.53{}-6.23,-9.59,0{}-0.01,0.01{}3{}{}2.7,2.69,6.82{}{}-1.23,-1.51,-2.25{}{}0.62,1.53,0.54{}{}[0. 0. 0.]{}
Time,1677627476.4559472{}0.0256,0.0171,2.7609{}0.53{}-6.23,-9.59,0{}-0.01,0.01{}3{}{}2.66,2.88,6.84{}{}-1.15,-1.41,-2.25{}{}1.02,0.29,0.29{}{}[0. 0. 0.]{}
Time,1677627476.5599618{}0.0256,0.0171,2.7609{}0.53{}-6.23,-9.59,0{}-0.01,0.01{}2{}{}6.84,2.83{}{}-2.25,-1.52{}{}0.3,0.47{}{}[0.   0.65]{}
Time,1677627476.6634908{}0.0256,0.0171,2.7609{}0.53{}-6.23,-9.59,0{}-0.01,0.01{}1{}{}2.62{}{}-1.44{}{}0.71{}{}[0.]{}
Time,1677627476.8201945{}0.0256,0.0171,2.7609{}0.53{}-6.23,-9.59,0{}-0.01,0.01{}2{}{}2.7,14.58{}{}-1.43,6.55{}{}-0.04,2.05{}{}[ 0.   -0.65]{}
Time,1677627476.9250877{}0.0256,0.0171,2.7609{}0.53{}-6.23,-9.59,0{}-0.01,0.01{}2{}{}2.7,14.58{}{}-1.43,6.55{}{}-0.04,2.05{}{}[ 0.   -0.65]{}
Time,1677627477.0288413{}0.0256,0.0171,2.7609{}0.53{}-6.23,-9.59,0{}-0.01,0.01{}1{}{}2.69{}{}-1.43{}{}0.09{}{}[0.]{}
Time,1677627477.1320207{}0.0256,0.0171,2.7609{}0.53{}-6.23,-9.59,0{}-0.01,0.01{}1{}{}2.69{}{}-1.43{}{}0.09{}{}[0.]{}
Time,1677627477.2414205{}0.0256,0.0171,2.7609{}0.53{}-6.23,-9.59,0{}-0.01,0.01{}1{}{}2.69{}{}-1.43{}{}0.09{}{}[0.]{}
Time,1677627477.3444853{}0.0256,0.0171,2.7609{}0.53{}-6.23,-9.59,0{}-0.01,0.01{}1{}{}6.82{}{}-2.25{}{}0.55{}{}[0.]{}
Time,1677627477.4475272{}0.0256,0.0171,2.7609{}0.53{}-6.23,-9.59,0{}-0.01,0.01{}1{}{}6.82{}{}-2.25{}{}0.52{}{}[0.]{}
Time,1677627477.550621{}0.0256,0.0171,2.7609{}0.53{}-6.23,-9.59,0{}-0.01,0.01{}1{}{}6.82{}{}-2.25{}{}0.51{}{}[0.]{}
Time,1677627477.6536949{}0.0256,0.0171,2.7609{}0.53{}-6.23,-9.59,0{}-0.01,0.01{}1{}{}6.83{}{}-2.25{}{}0.44{}{}[0.]{}
Time,1677627477.7725892{}0.0256,0.0171,2.7609{}0.53{}-6.23,-9.59,0{}-0.01,0.01{}1{}{}6.82{}{}-2.25{}{}0.53{}{}[0.]{}
Time,1677627477.8828797{}0.0256,0.0171,2.7609{}0.53{}-6.23,-9.59,0{}-0.01,0.01{}1{}{}6.83{}{}-2.25{}{}0.37{}{}[0.]{}
Time,1677627477.9858847{}0.0256,0.0171,2.7609{}0.53{}-6.23,-9.59,0{}-0.01,0.01{}1{}{}6.83{}{}-2.25{}{}0.37{}{}[0.]{}
Time,1677627478.0890665{}0.0256,0.0171,2.7609{}0.53{}-6.23,-9.59,0{}-0.01,0.01{}2{}{}6.83,12.7{}{}-2.25,6.99{}{}0.45,3.52{}{}[0. 0.]{}
Time,1677627478.1919765{}0.0256,0.0171,2.7609{}0.53{}-6.23,-9.59,0{}-0.01,0.01{}1{}{}6.82{}{}-2.25{}{}0.55{}{}[0.]{}
Time,1677627478.2947783{}0.0256,0.0171,2.7609{}0.53{}-6.23,-9.59,0{}-0.01,0.01{}1{}{}6.8{}{}-2.25{}{}0.75{}{}[0.]{}
Time,1677627478.3980212{}0.0256,0.0171,2.7609{}0.53{}-6.23,-9.59,0{}-0.01,0.01{}1{}{}6.82{}{}-2.25{}{}0.54{}{}[0.]{}
Time,1677627478.501193{}0.0256,0.0171,2.7609{}0.53{}-6.23,-9.59,0{}-0.01,0.01{}1{}{}6.82{}{}-2.25{}{}0.54{}{}[0.]{}
Time,1677627478.6042938{}0.0256,0.0171,2.7609{}0.53{}-6.23,-9.59,0{}-0.01,0.01{}1{}{}6.82{}{}-2.25{}{}0.54{}{}[0.]{}
Time,1677627478.7072542{}0.0256,0.0171,2.7609{}0.53{}-6.23,-9.59,0{}-0.01,0.01{}1{}{}6.83{}{}-2.25{}{}0.33{}{}[0.]{}
Time,1677627478.814857{}0.0256,0.0171,2.7609{}0.53{}-6.23,-9.59,0{}-0.01,0.01{}1{}{}6.84{}{}-2.25{}{}0.26{}{}[0.]{}
Time,1677627478.9176857{}0.0256,0.0171,2.7609{}0.53{}-6.23,-9.59,0{}-0.01,0.01{}1{}{}6.83{}{}-2.25{}{}0.45{}{}[0.]{}
Time,1677627479.026251{}0.0256,0.0171,2.7609{}0.53{}-6.23,-9.59,0{}-0.01,0.01{}1{}{}6.73{}{}-2.48{}{}0.66{}{}[0.]{}
Time,1677627479.1316934{}0.0256,0.0171,2.7609{}0.53{}-6.23,-9.59,0{}-0.01,0.01{}2{}{}3.21,6.82{}{}-1.81,-2.25{}{}1.86,0.57{}{}[0. 0.]{}
Time,1677627479.2360468{}0.0256,0.0171,2.7609{}0.53{}-6.23,-9.59,0{}-0.01,0.01{}1{}{}3.28{}{}-1.84{}{}1.15{}{}[0.]{}
Time,1677627479.3388708{}0.0256,0.0171,2.7609{}0.53{}-6.23,-9.59,0{}-0.01,0.01{}1{}{}3.28{}{}-1.84{}{}1.15{}{}[0.]{}
Time,1677627479.4432878{}0.0256,0.0171,2.7609{}0.53{}-6.23,-9.59,0{}-0.01,0.01{}1{}{}6.83{}{}-2.25{}{}0.45{}{}[0.]{}
Time,1677627479.546085{}0.0256,0.0171,2.7609{}0.53{}-6.23,-9.59,0{}-0.01,0.01{}1{}{}6.83{}{}-2.25{}{}0.45{}{}[0.]{}
Time,1677627479.648863{}0.0256,0.0171,2.7609{}0.53{}-6.23,-9.59,0{}-0.01,0.01{}1{}{}6.81{}{}-2.25{}{}0.72{}{}[0.]{}
Time,1677627479.7629347{}0.0256,0.0171,2.7609{}0.53{}-6.23,-9.59,0{}-0.01,0.01{}3{}{}6.82,3.36,3.59{}{}-2.25,-1.78,-2.0{}{}0.57,1.47,1.16{}{}[0.   0.65 0.65]{}
Time,1677627479.866557{}0.0256,0.0171,2.7609{}0.53{}-6.23,-9.59,0{}-0.01,0.01{}2{}{}6.81,3.53{}{}-2.25,-1.79{}{}0.63,1.08{}{}[0.   0.65]{}
Time,1677627479.9765892{}0.0256,0.0171,2.7609{}0.53{}-6.23,-9.59,0{}-0.01,0.01{}6{}{}3.56,6.82,14.36,3.49,3.46,3.76{}{}-1.91,-2.25,6.46,-1.92,-1.92,-2.11{}{}0.55,0.59,2.19,0.96,1.91,1.28{}{}[0.   0.   0.   0.65 0.65 0.65]{}
Time,1677627480.0807004{}0.0256,0.0171,2.7609{}0.53{}-6.23,-9.59,0{}-0.01,0.01{}2{}{}3.77,3.5{}{}-1.82,-1.83{}{}1.56,1.36{}{}[0.   0.65]{}
Time,1677627480.1856241{}0.0256,0.0171,2.7609{}0.53{}-6.23,-9.59,0{}-0.01,0.01{}3{}{}3.88,3.87,3.7{}{}-1.9,-2.16,-1.72{}{}0.45,1.27,1.09{}{}[0.   0.   0.65]{}
Time,1677627480.306225{}0.0256,0.0171,2.7609{}0.53{}-6.23,-9.59,0{}-0.01,0.01{}4{}{}3.77,3.86,3.88,6.83{}{}-1.72,-1.9,-2.16,-2.25{}{}0.82,0.64,1.25,0.46{}{}[0. 0. 0. 0.]{}
Time,1677627480.4103732{}0.0256,0.0171,2.7609{}0.53{}-6.23,-9.59,0{}-0.01,0.01{}2{}{}3.77,3.88{}{}-1.74,-2.16{}{}1.01,1.25{}{}[0. 0.]{}
Time,1677627480.5164313{}0.0256,0.0171,2.7609{}0.53{}-6.23,-9.59,0{}-0.01,0.01{}3{}{}3.77,3.96,3.96{}{}-1.76,-1.7,-2.02{}{}1.16,1.42,1.25{}{}[0. 0. 0.]{}
Time,1677627480.627795{}0.0256,0.0171,2.7609{}0.53{}-6.23,-9.59,0{}-0.01,0.01{}2{}{}3.81,4.06{}{}-1.62,-2.04{}{}1.23,1.07{}{}[0. 0.]{}
Time,1677627480.7317042{}0.0256,0.0171,2.7609{}0.53{}-6.23,-9.59,0{}-0.01,0.01{}3{}{}3.72,4.02,4.12{}{}-1.62,-1.65,-1.89{}{}1.49,0.69,1.09{}{}[0. 0. 0.]{}
Time,1677627480.8380096{}0.0256,0.0171,2.7609{}0.53{}-6.23,-9.59,0{}-0.01,0.01{}3{}{}3.93,4.03,4.01{}{}-1.63,-1.56,-2.04{}{}0.89,1.39,1.22{}{}[0. 0. 0.]{}
Time,1677627480.9426217{}0.0256,0.0171,2.7609{}0.53{}-6.23,-9.59,0{}-0.01,0.01{}4{}{}4.01,3.98,4.15,13.91{}{}-1.5,-1.56,-1.9,7.42{}{}0.86,1.54,1.07,1.4{}{}[0.   0.   0.   0.65]{}
Time,1677627481.0463269{}0.0256,0.0171,2.7609{}0.53{}-6.23,-9.59,0{}-0.01,0.01{}3{}{}4.04,4.19,4.17{}{}-1.49,-1.57,-1.77{}{}0.6,0.91,1.31{}{}[0. 0. 0.]{}
Time,1677627481.1505096{}0.0256,0.0171,2.7609{}0.53{}-6.23,-9.59,0{}-0.01,0.01{}2{}{}4.1,4.26{}{}-1.36,-1.61{}{}0.46,1.1{}{}[0. 0.]{}
Time,1677627481.263924{}0.0256,0.0171,2.7609{}0.53{}-6.23,-9.59,0{}-0.01,0.01{}2{}{}4.13,4.31{}{}-1.37,-1.63{}{}0.58,1.1{}{}[0. 0.]{}
Time,1677627481.3674984{}0.0256,0.0171,2.7609{}0.53{}-6.23,-9.59,0{}-0.01,0.01{}2{}{}4.13,4.31{}{}-1.37,-1.63{}{}0.58,1.1{}{}[0. 0.]{}
Time,1677627481.4708998{}0.0256,0.0171,2.7609{}0.53{}-6.23,-9.59,0{}-0.01,0.01{}2{}{}4.09,4.29{}{}-1.37,-1.64{}{}0.85,1.25{}{}[0. 0.]{}
Time,1677627481.5801177{}0.0256,0.0171,2.7609{}0.53{}-6.23,-9.59,0{}-0.01,0.01{}1{}{}4.09{}{}-1.11{}{}1.32{}{}[0.65]{}
Time,1677627481.703147{}0.0256,0.0171,2.7609{}0.53{}-6.23,-9.59,0{}-0.01,0.01{}1{}{}4.09{}{}-1.11{}{}1.32{}{}[0.65]{}
Time,1677627481.8088465{}0.0256,0.0171,2.7609{}0.53{}-6.23,-9.59,0{}-0.01,0.01{}2{}{}4.3,4.4{}{}-1.12,-1.05{}{}0.44,1.58{}{}[0.65 0.65]{}
Time,1677627481.9152653{}0.0256,0.0171,2.7609{}0.53{}-6.23,-9.59,0{}-0.01,0.01{}3{}{}4.27,4.31,4.59{}{}-0.99,-1.0,-1.03{}{}1.1,1.21,0.32{}{}[0. 0. 0.]{}
Time,1677627482.0198994{}0.0256,0.0171,2.7609{}0.53{}-6.23,-9.59,0{}-0.01,0.01{}4{}{}4.39,4.61,4.53,6.81{}{}-0.85,-1.04,-0.91,-2.25{}{}0.79,0.33,1.43,0.65{}{}[0. 0. 0. 0.]{}
Time,1677627482.1280186{}0.0256,0.0171,2.7609{}0.53{}-6.23,-9.59,0{}-0.01,0.01{}3{}{}4.48,4.61,4.47{}{}-0.71,-1.04,-0.91{}{}0.14,0.39,1.68{}{}[0. 0. 0.]{}
Time,1677627482.238794{}0.0256,0.0171,2.7609{}0.53{}-6.23,-9.59,0{}-0.01,0.01{}3{}{}4.44,4.38,6.82{}{}-0.86,-0.9,-2.25{}{}0.81,1.76,0.51{}{}[0. 0. 0.]{}
Time,1677627482.3434563{}0.0256,0.0171,2.7609{}0.53{}-6.23,-9.59,0{}-0.01,0.01{}3{}{}4.17,4.61,6.83{}{}-0.85,-0.88,-2.25{}{}1.6,0.47,0.44{}{}[0. 0. 0.]{}
Time,1677627482.4474452{}0.0256,0.0171,2.7609{}0.53{}-6.23,-9.59,0{}-0.01,0.01{}2{}{}4.62,6.83{}{}-0.89,-2.25{}{}0.56,0.38{}{}[0. 0.]{}
Time,1677627482.5578315{}0.0256,0.0171,2.7609{}0.53{}-6.23,-9.59,0{}-0.01,0.01{}3{}{}4.21,4.45,14.51{}{}-0.56,-0.59,7.06{}{}1.46,1.45,0.02{}{}[0. 0. 0.]{}
Time,1677627482.662293{}0.0256,0.0171,2.7609{}0.53{}-6.23,-9.59,0{}-0.01,0.01{}3{}{}4.21,4.45,14.51{}{}-0.56,-0.59,7.06{}{}1.46,1.45,0.02{}{}[0. 0. 0.]{}
Time,1677627482.7769284{}0.0256,0.0171,2.7609{}0.53{}-6.23,-9.59,0{}-0.01,0.01{}5{}{}4.35,4.63,6.83,14.45,4.84{}{}-0.56,-0.59,-2.25,7.06,-0.46{}{}1.1,0.79,0.38,1.39,0.1{}{}[ 0.    0.    0.    0.   -0.65]{}
Time,1677627482.8817208{}0.0256,0.0171,2.7609{}0.53{}-6.23,-9.59,0{}-0.01,0.01{}5{}{}4.2,4.28,4.48,4.81,6.82{}{}-0.28,-0.56,-0.29,-0.45,-2.25{}{}1.34,1.34,1.42,-0.23,0.6{}{}[0. 0. 0. 0. 0.]{}
Time,1677627482.9877393{}0.0256,0.0171,2.7609{}0.53{}-6.23,-9.59,0{}-0.01,0.01{}4{}{}4.38,4.53,4.33,6.83{}{}-0.42,-0.29,-0.29,-2.25{}{}0.66,0.53,1.84,0.48{}{}[0. 0. 0. 0.]{}
Time,1677627483.0933049{}0.0256,0.0171,2.7609{}0.53{}-6.23,-9.59,0{}-0.01,0.01{}4{}{}4.38,4.53,4.33,6.83{}{}-0.42,-0.29,-0.29,-2.25{}{}0.66,0.53,1.84,0.48{}{}[0. 0. 0. 0.]{}
Time,1677627483.1976388{}0.0256,0.0171,2.7609{}0.53{}-6.23,-9.59,0{}-0.01,0.01{}3{}{}4.41,4.63,6.8{}{}-0.28,0.0,-2.25{}{}0.82,1.1,0.77{}{}[0. 0. 0.]{}
Time,1677627483.303922{}0.0256,0.0171,2.7609{}0.53{}-6.23,-9.59,0{}-0.01,0.01{}4{}{}4.36,4.67,6.83,12.64{}{}0.0,0.15,-2.25,6.99{}{}0.98,0.33,0.33,3.74{}{}[0. 0. 0. 0.]{}
Time,1677627483.4077618{}0.0256,0.0171,2.7609{}0.53{}-6.23,-9.59,0{}-0.01,0.01{}3{}{}4.44,4.71,6.81{}{}0.14,0.15,-2.25{}{}0.48,-0.1,0.68{}{}[0. 0. 0.]{}
Time,1677627483.5115514{}0.0256,0.0171,2.7609{}0.53{}-6.23,-9.59,0{}-0.01,0.01{}3{}{}4.47,4.7,6.82{}{}0.14,0.0,-2.25{}{}0.9,0.28,0.51{}{}[0. 0. 0.]{}
Time,1677627483.6156824{}0.0256,0.0171,2.7609{}0.53{}-6.23,-9.59,0{}-0.01,0.01{}4{}{}4.47,4.67,6.83,12.73{}{}0.14,0.15,-2.25,6.99{}{}0.81,0.6,0.46,3.43{}{}[0. 0. 0. 0.]{}
Time,1677627483.7208068{}0.0256,0.0171,2.7609{}0.53{}-6.23,-9.59,0{}-0.01,0.01{}5{}{}4.39,4.67,4.81,6.83,12.63{}{}0.14,0.15,0.15,-2.25,6.99{}{}0.96,0.58,0.45,0.44,3.78{}{}[0. 0. 0. 0. 0.]{}
Time,1677627483.8293436{}0.0256,0.0171,2.7609{}0.53{}-6.23,-9.59,0{}-0.01,0.01{}4{}{}4.37,4.6,6.75,14.28{}{}0.42,0.29,-2.48,7.58{}{}0.67,0.71,0.4,-0.18{}{}[0. 0. 0. 0.]{}
Time,1677627483.9344616{}0.0256,0.0171,2.7609{}0.53{}-6.23,-9.59,0{}-0.01,0.01{}5{}{}4.43,6.83,14.52,4.26,4.4{}{}0.42,-2.25,7.07,0.69,0.43{}{}0.63,0.48,0.6,0.84,1.41{}{}[ 0.    0.    0.   -0.65 -0.65]{}
Time,1677627484.0389507{}0.0256,0.0171,2.7609{}0.53{}-6.23,-9.59,0{}-0.01,0.01{}3{}{}4.32,4.35,6.75{}{}0.55,0.43,-2.48{}{}0.74,1.54,0.46{}{}[0. 0. 0.]{}
Time,1677627484.1448286{}0.0256,0.0171,2.7609{}0.53{}-6.23,-9.59,0{}-0.01,0.01{}3{}{}4.33,6.83,4.64{}{}0.55,-2.25,0.44{}{}0.66,0.35,0.01{}{}[ 0.    0.   -0.65]{}
Time,1677627484.2500794{}0.0256,0.0171,2.7609{}0.53{}-6.23,-9.59,0{}-0.01,0.01{}2{}{}4.36,4.56{}{}0.55,0.72{}{}0.42,-0.14{}{}[ 0.   -0.65]{}
Time,1677627484.3549786{}0.0256,0.0171,2.7609{}0.53{}-6.23,-9.59,0{}-0.01,0.01{}4{}{}4.02,4.27,4.38,6.84{}{}0.93,0.69,1.0,-2.25{}{}1.02,0.93,0.84,0.31{}{}[0. 0. 0. 0.]{}
Time,1677627484.4600062{}0.0256,0.0171,2.7609{}0.53{}-6.23,-9.59,0{}-0.01,0.01{}3{}{}4.19,4.4,6.84{}{}0.81,1.14,-2.25{}{}0.8,0.11,0.26{}{}[0. 0. 0.]{}
Time,1677627484.564254{}0.0256,0.0171,2.7609{}0.53{}-6.23,-9.59,0{}-0.01,0.01{}3{}{}4.19,4.4,6.84{}{}0.81,1.14,-2.25{}{}0.8,0.11,0.26{}{}[0. 0. 0.]{}
Time,1677627484.6685197{}0.0256,0.0171,2.7609{}0.53{}-6.23,-9.59,0{}-0.01,0.01{}3{}{}4.14,4.17,6.83{}{}0.95,1.16,-2.25{}{}0.92,1.66,0.41{}{}[0. 0. 0.]{}
Time,1677627484.8309493{}0.0256,0.0171,2.7609{}0.53{}-6.23,-9.59,0{}-0.01,0.01{}5{}{}4.09,4.24,4.36,4.31,6.81{}{}1.21,0.97,1.28,1.3,-2.25{}{}0.53,0.79,0.17,1.12,0.67{}{}[0. 0. 0. 0. 0.]{}
Time,1677627484.934564{}0.0256,0.0171,2.7609{}0.53{}-6.23,-9.59,0{}-0.01,0.01{}3{}{}4.15,4.29,6.81{}{}1.22,1.31,-2.25{}{}0.45,1.27,0.63{}{}[0. 0. 0.]{}
Time,1677627485.0396526{}0.0256,0.0171,2.7609{}0.53{}-6.23,-9.59,0{}-0.01,0.01{}4{}{}4.05,4.38,4.17,6.83{}{}1.5,1.28,1.45,-2.25{}{}0.67,-0.01,1.43,0.38{}{}[0. 0. 0. 0.]{}
Time,1677627485.1453497{}0.0256,0.0171,2.7609{}0.53{}-6.23,-9.59,0{}-0.01,0.01{}3{}{}4.07,4.31,6.84{}{}1.65,1.42,-2.25{}{}-0.18,0.26,0.16{}{}[0. 0. 0.]{}
Time,1677627485.2570639{}0.0256,0.0171,2.7609{}0.53{}-6.23,-9.59,0{}-0.01,0.01{}2{}{}4.03,4.08{}{}1.65,1.72{}{}0.62,1.21{}{}[0. 0.]{}
Time,1677627485.363757{}0.0256,0.0171,2.7609{}0.53{}-6.23,-9.59,0{}-0.01,0.01{}2{}{}3.87,4.1{}{}1.64,1.72{}{}1.19,1.14{}{}[0.   0.65]{}
Time,1677627485.469568{}0.0256,0.0171,2.7609{}0.53{}-6.23,-9.59,0{}-0.01,0.01{}2{}{}3.87,4.1{}{}1.64,1.72{}{}1.19,1.14{}{}[0.   0.65]{}
Time,1677627485.5736356{}0.0256,0.0171,2.7609{}0.53{}-6.23,-9.59,0{}-0.01,0.01{}3{}{}3.88,4.05,6.84{}{}1.79,1.73,-2.25{}{}1.03,1.38,0.2{}{}[0. 0. 0.]{}
Time,1677627485.6809983{}0.0256,0.0171,2.7609{}0.53{}-6.23,-9.59,0{}-0.01,0.01{}2{}{}3.9,4.08{}{}1.92,2.03{}{}0.65,0.86{}{}[0. 0.]{}
Time,1677627485.7996602{}0.0256,0.0171,2.7609{}0.53{}-6.23,-9.59,0{}-0.01,0.01{}4{}{}3.84,3.91,6.82,4.18{}{}1.91,1.96,-2.25,2.06{}{}0.83,0.92,0.58,0.69{}{}[0.   0.   0.   0.65]{}
Time,1677627485.9055984{}0.0256,0.0171,2.7609{}0.53{}-6.23,-9.59,0{}-0.01,0.01{}4{}{}3.84,3.91,6.82,4.18{}{}1.91,1.96,-2.25,2.06{}{}0.83,0.92,0.58,0.69{}{}[0.   0.   0.   0.65]{}
Time,1677627486.0121295{}0.0256,0.0171,2.7609{}0.53{}-6.23,-9.59,0{}-0.01,0.01{}3{}{}6.82,3.78,4.22{}{}-2.25,2.09,2.14{}{}0.51,1.13,1.22{}{}[0.   0.65 0.65]{}
Time,1677627486.1168005{}0.0256,0.0171,2.7609{}0.53{}-6.23,-9.59,0{}-0.01,0.01{}2{}{}6.83,4.28{}{}-2.25,2.16{}{}0.46,1.15{}{}[0.   0.65]{}
Time,1677627486.2215877{}0.0256,0.0171,2.7609{}0.53{}-6.23,-9.59,0{}-0.01,0.01{}2{}{}6.83,3.9{}{}-2.25,2.09{}{}0.43,-0.6{}{}[0.   0.65]{}
Time,1677627486.3249817{}0.0256,0.0171,2.7609{}0.53{}-6.23,-9.59,0{}-0.01,0.01{}1{}{}6.83{}{}-2.25{}{}0.39{}{}[0.]{}
Time,1677627486.428018{}0.0256,0.0171,2.7609{}0.53{}-6.23,-9.59,0{}-0.01,0.01{}1{}{}6.83{}{}-2.25{}{}0.47{}{}[0.]{}
Time,1677627486.5312843{}0.0256,0.0171,2.7609{}0.53{}-6.23,-9.59,0{}-0.01,0.01{}1{}{}6.75{}{}-2.48{}{}0.41{}{}[0.]{}
Time,1677627486.634938{}0.0256,0.0171,2.7609{}0.53{}-6.23,-9.59,0{}-0.01,0.01{}1{}{}6.75{}{}-2.48{}{}0.47{}{}[0.]{}
Time,1677627486.7431383{}0.0256,0.0171,2.7609{}0.53{}-6.23,-9.59,0{}-0.01,0.01{}1{}{}6.82{}{}-2.25{}{}0.54{}{}[0.]{}
Time,1677627486.851561{}0.0256,0.0171,2.7609{}0.53{}-6.23,-9.59,0{}-0.01,0.01{}1{}{}6.75{}{}-2.48{}{}0.36{}{}[0.]{}
Time,1677627486.9542978{}0.0256,0.0171,2.7609{}0.53{}-6.23,-9.59,0{}-0.01,0.01{}1{}{}6.75{}{}-2.48{}{}0.36{}{}[0.]{}
Time,1677627487.0571303{}0.0256,0.0171,2.7609{}0.53{}-6.23,-9.59,0{}-0.01,0.01{}1{}{}6.81{}{}-2.25{}{}0.63{}{}[0.]{}
Time,1677627487.1603057{}0.0256,0.0171,2.7609{}0.53{}-6.23,-9.59,0{}-0.01,0.01{}1{}{}6.83{}{}-2.25{}{}0.46{}{}[0.]{}
Time,1677627487.2690637{}0.0256,0.0171,2.7609{}0.53{}-6.23,-9.59,0{}-0.01,0.01{}1{}{}6.82{}{}-2.25{}{}0.6{}{}[0.]{}
Time,1677627487.375548{}0.0256,0.0171,2.7609{}0.53{}-6.23,-9.59,0{}-0.01,0.01{}1{}{}6.82{}{}-2.25{}{}0.6{}{}[0.]{}
Time,1677627487.479107{}0.0256,0.0171,2.7609{}0.53{}-6.23,-9.59,0{}-0.01,0.01{}1{}{}6.83{}{}-2.25{}{}0.45{}{}[0.]{}
Time,1677627487.5832827{}0.0256,0.0171,2.7609{}0.53{}-6.23,-9.59,0{}-0.01,0.01{}1{}{}6.83{}{}-2.25{}{}0.47{}{}[0.]{}
Time,1677627487.6866312{}0.0256,0.0171,2.7609{}0.53{}-6.23,-9.59,0{}-0.01,0.01{}1{}{}6.83{}{}-2.25{}{}0.47{}{}[0.]{}
Time,1677627487.7918262{}0.0256,0.0171,2.7609{}0.53{}-6.23,-9.59,0{}-0.01,0.01{}1{}{}6.83{}{}-2.25{}{}0.42{}{}[0.]{}
Time,1677627487.8950002{}0.0256,0.0171,2.7609{}0.53{}-6.23,-9.59,0{}-0.01,0.01{}1{}{}6.83{}{}-2.25{}{}0.42{}{}[0.]{}
Time,1677627488.0000916{}0.0256,0.0171,2.7609{}0.53{}-6.23,-9.59,0{}-0.01,0.01{}1{}{}6.83{}{}-2.25{}{}0.46{}{}[0.]{}
Time,1677627488.1077008{}0.0256,0.0171,2.7609{}0.53{}-6.23,-9.59,0{}-0.01,0.01{}1{}{}6.83{}{}-2.25{}{}0.36{}{}[0.]{}
Time,1677627488.2111614{}0.0256,0.0171,2.7609{}0.53{}-6.23,-9.59,0{}-0.01,0.01{}1{}{}6.82{}{}-2.25{}{}0.56{}{}[0.]{}
Time,1677627488.3138816{}0.0256,0.0171,2.7609{}0.53{}-6.23,-9.59,0{}-0.01,0.01{}1{}{}6.81{}{}-2.25{}{}0.69{}{}[0.]{}
Time,1677627488.4191828{}0.0256,0.0171,2.7609{}0.53{}-6.23,-9.59,0{}-0.01,0.01{}1{}{}6.81{}{}-2.25{}{}0.69{}{}[0.]{}
Time,1677627488.5248823{}0.0256,0.0171,2.7609{}0.53{}-6.23,-9.59,0{}-0.01,0.01{}1{}{}6.84{}{}-2.25{}{}0.23{}{}[0.]{}
Time,1677627488.6359992{}0.0256,0.0171,2.7609{}0.53{}-6.23,-9.59,0{}-0.01,0.01{}1{}{}6.83{}{}-2.25{}{}0.41{}{}[0.]{}
Time,1677627488.7433403{}0.0256,0.0171,2.7609{}0.53{}-6.23,-9.59,0{}-0.01,0.01{}1{}{}6.83{}{}-2.25{}{}0.41{}{}[0.]{}
Time,1677627488.8461564{}0.0256,0.0171,2.7609{}0.53{}-6.23,-9.59,0{}-0.01,0.01{}1{}{}6.83{}{}-2.25{}{}0.41{}{}[0.]{}
Time,1677627488.949935{}0.0256,0.0171,2.7609{}0.53{}-6.23,-9.59,0{}-0.01,0.01{}1{}{}6.83{}{}-2.25{}{}0.36{}{}[0.]{}
Time,1677627489.052862{}0.0256,0.0171,2.7609{}0.53{}-6.23,-9.59,0{}-0.01,0.01{}1{}{}6.83{}{}-2.25{}{}0.36{}{}[0.]{}
Time,1677627489.1557658{}0.0256,0.0171,2.7609{}0.53{}-6.23,-9.59,0{}-0.01,0.01{}1{}{}6.81{}{}-2.25{}{}0.62{}{}[0.]{}
Time,1677627489.2625659{}0.0256,0.0171,2.7609{}0.53{}-6.23,-9.59,0{}-0.01,0.01{}1{}{}6.81{}{}-2.25{}{}0.62{}{}[0.]{}
Time,1677627489.3664405{}0.0256,0.0171,2.7609{}0.53{}-6.23,-9.59,0{}-0.01,0.01{}1{}{}6.82{}{}-2.25{}{}0.58{}{}[0.]{}
Time,1677627489.4694612{}0.0256,0.0171,2.7609{}0.53{}-6.23,-9.59,0{}-0.01,0.01{}1{}{}6.82{}{}-2.25{}{}0.58{}{}[0.]{}
Time,1677627489.5722408{}0.0256,0.0171,2.7609{}0.53{}-6.23,-9.59,0{}-0.01,0.01{}1{}{}6.83{}{}-2.25{}{}0.42{}{}[0.]{}
Time,1677627489.6751978{}0.0256,0.0171,2.7609{}0.53{}-6.23,-9.59,0{}-0.01,0.01{}1{}{}6.83{}{}-2.25{}{}0.42{}{}[0.]{}
Time,1677627489.785361{}0.0256,0.0171,2.7609{}0.53{}-6.23,-9.59,0{}-0.01,0.01{}1{}{}6.83{}{}-2.25{}{}0.42{}{}[0.]{}
Time,1677627489.890645{}0.0256,0.0171,2.7609{}0.53{}-6.23,-9.59,0{}-0.01,0.01{}0{}{}{}{}{}{}{}{}[]{}
Time,1677627489.9940114{}0.0256,0.0171,2.7609{}0.53{}-6.23,-9.59,0{}-0.01,0.01{}1{}{}6.83{}{}-2.25{}{}0.45{}{}[0.]{}
Time,1677627490.0972388{}0.0256,0.0171,2.7609{}0.53{}-6.23,-9.59,0{}-0.01,0.01{}1{}{}6.82{}{}-2.25{}{}0.54{}{}[0.]{}
Time,1677627490.2050889{}0.0256,0.0171,2.7609{}0.53{}-6.23,-9.59,0{}-0.01,0.01{}1{}{}6.82{}{}-2.25{}{}0.57{}{}[0.]{}
Time,1677627490.316466{}0.0256,0.0171,2.7609{}0.53{}-6.23,-9.59,0{}-0.01,0.01{}1{}{}6.82{}{}-2.25{}{}0.57{}{}[0.]{}
Time,1677627490.4213164{}0.0256,0.0171,2.7609{}0.53{}-6.23,-9.59,0{}-0.01,0.01{}1{}{}6.83{}{}-2.25{}{}0.4{}{}[0.]{}
Time,1677627490.524673{}0.0256,0.0171,2.7609{}0.53{}-6.23,-9.59,0{}-0.01,0.01{}1{}{}6.83{}{}-2.25{}{}0.4{}{}[0.]{}
Time,1677627490.6277595{}0.0256,0.0171,2.7609{}0.53{}-6.23,-9.59,0{}-0.01,0.01{}1{}{}6.82{}{}-2.25{}{}0.5{}{}[0.]{}
Time,1677627490.7375002{}0.0256,0.0171,2.7609{}0.53{}-6.23,-9.59,0{}-0.01,0.01{}1{}{}6.82{}{}-2.25{}{}0.59{}{}[0.]{}
Time,1677627490.8416014{}0.0256,0.0171,2.7609{}0.53{}-6.23,-9.59,0{}-0.01,0.01{}1{}{}6.83{}{}-2.25{}{}0.4{}{}[0.]{}
Time,1677627490.9464564{}0.0256,0.0171,2.7609{}0.53{}-6.23,-9.59,0{}-0.01,0.01{}1{}{}6.8{}{}-2.25{}{}0.78{}{}[0.]{}
Time,1677627491.05464{}0.0256,0.0171,2.7609{}0.53{}-6.23,-9.59,0{}-0.01,0.01{}1{}{}6.8{}{}-2.25{}{}0.78{}{}[0.]{}
Time,1677627491.159414{}0.0256,0.0171,2.7609{}0.53{}-6.23,-9.59,0{}-0.01,0.01{}1{}{}6.8{}{}-2.25{}{}0.78{}{}[0.]{}
Time,1677627491.2677476{}0.0256,0.0171,2.7609{}0.53{}-6.23,-9.59,0{}-0.01,0.01{}0{}{}{}{}{}{}{}{}[]{}
Time,1677627491.3713543{}0.0256,0.0171,2.7609{}0.53{}-6.23,-9.59,0{}-0.01,0.01{}1{}{}6.81{}{}-2.25{}{}0.72{}{}[0.]{}
Time,1677627491.4745648{}0.0256,0.0171,2.7609{}0.53{}-6.23,-9.59,0{}-0.01,0.01{}1{}{}6.81{}{}-2.25{}{}0.72{}{}[0.]{}
Time,1677627491.5778697{}0.0256,0.0171,2.7609{}0.53{}-6.23,-9.59,0{}-0.01,0.01{}1{}{}6.83{}{}-2.25{}{}0.39{}{}[0.]{}
Time,1677627491.6851704{}0.0256,0.0171,2.7609{}0.53{}-6.23,-9.59,0{}-0.01,0.01{}1{}{}6.83{}{}-2.25{}{}0.39{}{}[0.]{}
Time,1677627491.7935388{}0.0256,0.0171,2.7609{}0.53{}-6.23,-9.59,0{}-0.01,0.01{}1{}{}6.83{}{}-2.25{}{}0.39{}{}[0.]{}
Time,1677627491.8969715{}0.0256,0.0171,2.7609{}0.53{}-6.23,-9.59,0{}-0.01,0.01{}0{}{}{}{}{}{}{}{}[]{}
Time,1677627492.0007603{}0.0256,0.0171,2.7609{}0.53{}-6.23,-9.59,0{}-0.01,0.01{}1{}{}6.83{}{}-2.25{}{}0.37{}{}[0.]{}
Time,1677627492.1040003{}0.0256,0.0171,2.7609{}0.53{}-6.23,-9.59,0{}-0.01,0.01{}1{}{}6.83{}{}-2.25{}{}0.36{}{}[0.]{}
Time,1677627492.2079477{}0.0256,0.0171,2.7609{}0.53{}-6.23,-9.59,0{}-0.01,0.01{}1{}{}6.91{}{}-2.03{}{}0.32{}{}[0.]{}
Time,1677627492.3205993{}0.0256,0.0171,2.7609{}0.53{}-6.23,-9.59,0{}-0.01,0.01{}1{}{}6.84{}{}-2.25{}{}0.2{}{}[0.]{}
Time,1677627492.4264731{}0.0256,0.0171,2.7609{}0.53{}-6.23,-9.59,0{}-0.01,0.01{}1{}{}6.84{}{}-2.25{}{}0.2{}{}[0.]{}
Time,1677627492.5300145{}0.0256,0.0171,2.7609{}0.53{}-6.23,-9.59,0{}-0.01,0.01{}1{}{}6.84{}{}-2.25{}{}0.26{}{}[0.]{}
Time,1677627492.6346407{}0.0256,0.0171,2.7609{}0.53{}-6.23,-9.59,0{}-0.01,0.01{}1{}{}6.84{}{}-2.25{}{}0.14{}{}[0.]{}
Time,1677627492.7431157{}0.0256,0.0171,2.7609{}0.53{}-6.23,-9.59,0{}-0.01,0.01{}1{}{}6.84{}{}-2.25{}{}0.25{}{}[0.]{}
Time,1677627492.8462021{}0.0256,0.0171,2.7609{}0.53{}-6.23,-9.59,0{}-0.01,0.01{}1{}{}6.84{}{}-2.25{}{}0.25{}{}[0.]{}
Time,1677627492.951317{}0.0256,0.0171,2.7609{}0.53{}-6.23,-9.59,0{}-0.01,0.01{}1{}{}6.84{}{}-2.25{}{}0.19{}{}[0.]{}
Time,1677627493.0552208{}0.0256,0.0171,2.7609{}0.53{}-6.23,-9.59,0{}-0.01,0.01{}1{}{}6.84{}{}-2.25{}{}0.19{}{}[0.]{}
Time,1677627493.1580665{}0.0256,0.0171,2.7609{}0.53{}-6.23,-9.59,0{}-0.01,0.01{}1{}{}6.84{}{}-2.25{}{}0.19{}{}[0.]{}
Time,1677627493.2641604{}0.0256,0.0171,2.7609{}0.53{}-6.23,-9.59,0{}-0.01,0.01{}1{}{}6.91{}{}-2.03{}{}0.05{}{}[0.]{}
Time,1677627493.3672323{}0.0256,0.0171,2.7609{}0.53{}-6.23,-9.59,0{}-0.01,0.01{}1{}{}6.91{}{}-2.03{}{}0.05{}{}[0.]{}
Time,1677627493.470116{}0.0256,0.0171,2.7609{}0.53{}-6.23,-9.59,0{}-0.01,0.01{}1{}{}6.91{}{}-2.03{}{}0.01{}{}[0.]{}
Time,1677627493.5738993{}0.0256,0.0171,2.7609{}0.53{}-6.23,-9.59,0{}-0.01,0.01{}1{}{}6.91{}{}-2.03{}{}0.01{}{}[0.]{}
Time,1677627493.6807165{}0.0256,0.0171,2.7609{}0.53{}-6.23,-9.59,0{}-0.01,0.01{}1{}{}6.91{}{}-2.03{}{}0.01{}{}[0.]{}
Time,1677627493.7840147{}0.0256,0.0171,2.7609{}0.53{}-6.23,-9.59,0{}-0.01,0.01{}1{}{}7.0{}{}-1.81{}{}0.53{}{}[0.]{}
Time,1677627493.886939{}0.0256,0.0171,2.7609{}0.53{}-6.23,-9.59,0{}-0.01,0.01{}1{}{}7.0{}{}-1.81{}{}0.53{}{}[0.]{}
Time,1677627493.9911542{}0.0256,0.0171,2.7609{}0.53{}-6.23,-9.59,0{}-0.01,0.01{}2{}{}6.77,0.68{}{}-2.29,0.23{}{}1.59,-0.38{}{}[0.   0.65]{}
Time,1677627494.0947094{}0.0256,0.0171,2.7609{}0.53{}-6.23,-9.59,0{}-0.01,0.01{}1{}{}6.98{}{}-2.05{}{}0.24{}{}[0.]{}
Time,1677627494.2058105{}0.0256,0.0171,2.7609{}0.53{}-6.23,-9.59,0{}-0.01,0.01{}1{}{}0.87{}{}-0.22{}{}-0.45{}{}[0.65]{}
Time,1677627494.309526{}0.0256,0.0171,2.7609{}0.53{}-6.23,-9.59,0{}-0.01,0.01{}1{}{}0.87{}{}-0.22{}{}-0.45{}{}[0.65]{}
Time,1677627494.4128315{}0.0256,0.0171,2.7609{}0.53{}-6.23,-9.59,0{}-0.01,0.01{}1{}{}0.87{}{}-0.22{}{}-0.45{}{}[0.65]{}
Time,1677627494.5157652{}0.0256,0.0171,2.7609{}0.53{}-6.23,-9.59,0{}-0.01,0.01{}1{}{}6.97{}{}-2.05{}{}0.72{}{}[0.]{}
Time,1677627494.6224256{}0.0256,0.0171,2.7609{}0.53{}-6.23,-9.59,0{}-0.01,0.01{}1{}{}6.7{}{}-2.53{}{}1.67{}{}[0.]{}
Time,1677627494.7284245{}0.0256,0.0171,2.7609{}0.53{}-6.23,-9.59,0{}-0.01,0.01{}1{}{}6.7{}{}-2.53{}{}1.67{}{}[0.]{}
Time,1677627494.8327775{}0.0256,0.0171,2.7609{}0.53{}-6.23,-9.59,0{}-0.01,0.01{}1{}{}6.7{}{}-2.53{}{}1.67{}{}[0.]{}
Time,1677627494.935541{}0.0256,0.0171,2.7609{}0.53{}-6.23,-9.59,0{}-0.01,0.01{}1{}{}7.03{}{}-2.07{}{}-0.53{}{}[0.]{}
Time,1677627495.0384645{}0.0256,0.0171,2.7609{}0.53{}-6.23,-9.59,0{}-0.01,0.01{}1{}{}7.03{}{}-2.07{}{}-0.53{}{}[0.]{}
Time,1677627495.1413703{}0.0256,0.0171,2.7609{}0.53{}-6.23,-9.59,0{}-0.01,0.01{}1{}{}7.03{}{}-2.07{}{}-0.53{}{}[0.]{}
Time,1677627495.2539454{}0.0256,0.0171,2.7609{}0.53{}-6.23,-9.59,0{}-0.01,0.01{}1{}{}11.6{}{}-6.24{}{}1.89{}{}[0.]{}
Time,1677627495.3606293{}0.0256,0.0171,2.7609{}0.53{}-6.23,-9.59,0{}-0.01,0.01{}1{}{}11.6{}{}-6.24{}{}1.89{}{}[0.]{}
Time,1677627495.4633882{}0.0256,0.0171,2.7609{}0.53{}-6.23,-9.59,0{}-0.01,0.01{}1{}{}11.51{}{}-6.25{}{}2.49{}{}[0.]{}
Time,1677627495.5662704{}0.0256,0.0171,2.7609{}0.53{}-6.23,-9.59,0{}-0.01,0.01{}1{}{}11.51{}{}-6.25{}{}2.49{}{}[0.]{}
Time,1677627495.6698563{}0.0256,0.0171,2.7609{}0.53{}-6.23,-9.59,0{}-0.01,0.01{}1{}{}6.49{}{}-2.99{}{}1.72{}{}[0.65]{}
Time,1677627495.7732887{}0.0256,0.0171,2.7609{}0.53{}-6.23,-9.59,0{}-0.01,0.01{}1{}{}6.49{}{}-2.99{}{}1.72{}{}[0.65]{}
Time,1677627495.8764813{}0.0256,0.0171,2.7609{}0.53{}-6.23,-9.59,0{}-0.01,0.01{}1{}{}13.15{}{}4.82{}{}0.64{}{}[0.]{}
Time,1677627495.9798288{}0.0256,0.0171,2.7609{}0.53{}-6.23,-9.59,0{}-0.01,0.01{}1{}{}4.3{}{}1.42{}{}0.33{}{}[0.]{}
Time,1677627496.0859413{}0.0256,0.0171,2.7609{}0.53{}-6.23,-9.59,0{}-0.01,0.01{}4{}{}4.39,4.5,4.53,13.93{}{}0.69,0.57,0.58,-2.21{}{}0.09,0.18,0.95,0.55{}{}[0.   0.   0.   0.65]{}
Time,1677627496.1916337{}0.0256,0.0171,2.7609{}0.53{}-6.23,-9.59,0{}-0.01,0.01{}3{}{}4.41,4.53,6.94{}{}-0.28,-0.28,2.81{}{}-0.21,0.12,0.32{}{}[0. 0. 0.]{}
Time,1677627496.2958844{}0.0256,0.0171,2.7609{}0.53{}-6.23,-9.59,0{}-0.01,0.01{}3{}{}4.31,11.61,15.37{}{}-1.42,5.21,0.0{}{}0.21,1.57,4.92{}{}[0. 0. 0.]{}
Time,1677627496.400922{}0.0256,0.0171,2.7609{}0.53{}-6.23,-9.59,0{}-0.01,0.01{}3{}{}4.31,11.61,15.37{}{}-1.42,5.21,0.0{}{}0.21,1.57,4.92{}{}[0. 0. 0.]{}
Time,1677627496.506795{}0.0256,0.0171,2.7609{}0.53{}-6.23,-9.59,0{}-0.01,0.01{}3{}{}11.33,15.66,16.94{}{}0.71,2.02,-3.8{}{}0.34,3.59,0.9{}{}[0.   0.   0.65]{}
Time,1677627496.6120586{}0.0256,0.0171,2.7609{}0.53{}-6.23,-9.59,0{}-0.01,0.01{}4{}{}4.94,6.26,15.12,15.77{}{}0.34,-0.84,-3.04,-7.08{}{}2.44,2.35,5.09,2.25{}{}[0.   0.   0.65 0.65]{}
Time,1677627496.72977{}0.0256,0.0171,2.7609{}0.53{}-6.23,-9.59,0{}-0.01,0.01{}4{}{}7.28,9.18,14.39,15.5{}{}-2.67,-4.26,-5.56,-5.75{}{}0.49,2.7,4.84,2.54{}{}[0.65 0.65 0.65 0.65]{}
Time,1677627496.8370829{}0.0256,0.0171,2.7609{}0.53{}-6.23,-9.59,0{}-0.01,0.01{}4{}{}7.28,9.18,14.39,15.5{}{}-2.67,-4.26,-5.56,-5.75{}{}0.49,2.7,4.84,2.54{}{}[0.65 0.65 0.65 0.65]{}
Time,1677627496.9393096{}0.0256,0.0171,2.7609{}0.53{}-6.23,-9.59,0{}-0.01,0.01{}0{}{}{}{}{}{}{}{}[]{}
Time,1677627497.0429275{}0.0256,0.0171,2.7609{}0.53{}-6.23,-9.59,0{}-0.01,0.01{}1{}{}1.29{}{}0.27{}{}-0.57{}{}[0.]{}
Time,1677627497.1468463{}0.0256,0.0171,2.7609{}0.53{}-6.23,-9.59,0{}-0.01,0.01{}1{}{}1.29{}{}0.27{}{}-0.57{}{}[0.]{}
Time,1677627497.250889{}0.0256,0.0171,2.7609{}0.53{}-6.23,-9.59,0{}-0.01,0.01{}1{}{}1.29{}{}0.27{}{}-0.57{}{}[0.]{}
Time,1677627497.3542724{}0.0256,0.0171,2.7609{}0.53{}-6.23,-9.59,0{}-0.01,0.01{}0{}{}{}{}{}{}{}{}[]{}
Time,1677627497.458998{}0.0256,0.0171,2.7609{}0.53{}-6.23,-9.59,0{}-0.01,0.01{}0{}{}{}{}{}{}{}{}[]{}
Time,1677627497.5612364{}0.0256,0.0171,2.7609{}0.53{}-6.23,-9.59,0{}-0.01,0.01{}0{}{}{}{}{}{}{}{}[]{}
Time,1677627497.6650217{}0.0256,0.0171,2.7609{}0.53{}-6.23,-9.59,0{}-0.01,0.01{}0{}{}{}{}{}{}{}{}[]{}
Time,1677627497.775566{}0.0256,0.0171,2.7609{}0.53{}-6.23,-9.59,0{}-0.01,0.01{}0{}{}{}{}{}{}{}{}[]{}
Time,1677627497.8803692{}0.0256,0.0171,2.7609{}0.53{}-6.23,-9.59,0{}-0.01,0.01{}0{}{}{}{}{}{}{}{}[]{}
Time,1677627497.9838858{}0.0256,0.0171,2.7609{}0.53{}-6.23,-9.59,0{}-0.01,0.01{}1{}{}17.76{}{}-5.89{}{}2.26{}{}[0.]{}
Time,1677627498.0887103{}0.0256,0.0171,2.7609{}0.53{}-6.23,-9.59,0{}-0.01,0.01{}1{}{}17.79{}{}-5.3{}{}3.18{}{}[0.]{}
Time,1677627498.194609{}0.0256,0.0171,2.7609{}0.53{}-6.23,-9.59,0{}-0.01,0.01{}2{}{}1.23,18.01{}{}-0.09,-4.7{}{}-0.59,2.66{}{}[0. 0.]{}
Time,1677627498.2984588{}0.0256,0.0171,2.7609{}0.53{}-6.23,-9.59,0{}-0.01,0.01{}1{}{}18.03{}{}-4.11{}{}3.28{}{}[0.]{}
Time,1677627498.4020817{}0.0256,0.0171,2.7609{}0.53{}-6.23,-9.59,0{}-0.01,0.01{}1{}{}18.36{}{}-3.52{}{}1.49{}{}[-0.65]{}
Time,1677627498.5061753{}0.0256,0.0171,2.7609{}0.53{}-6.23,-9.59,0{}-0.01,0.01{}1{}{}18.36{}{}-3.52{}{}1.49{}{}[-0.65]{}
Time,1677627498.611{}0.0256,0.0171,2.7609{}0.53{}-6.23,-9.59,0{}-0.01,0.01{}1{}{}18.36{}{}-3.52{}{}1.49{}{}[-0.65]{}
Time,1677627498.7146468{}0.0256,0.0171,2.7609{}0.53{}-6.23,-9.59,0{}-0.01,0.01{}0{}{}{}{}{}{}{}{}[]{}
Time,1677627498.8166435{}0.0256,0.0171,2.7609{}0.53{}-6.23,-9.59,0{}-0.01,0.01{}0{}{}{}{}{}{}{}{}[]{}
Time,1677627498.9203913{}0.0256,0.0171,2.7609{}0.53{}-6.23,-9.59,0{}-0.01,0.01{}0{}{}{}{}{}{}{}{}[]{}
Time,1677627499.0234876{}0.0256,0.0171,2.7609{}0.53{}-6.23,-9.59,0{}-0.01,0.01{}0{}{}{}{}{}{}{}{}[]{}
Time,1677627499.1257815{}0.0256,0.0171,2.7609{}0.53{}-6.23,-9.59,0{}-0.01,0.01{}0{}{}{}{}{}{}{}{}[]{}
Time,1677627499.228416{}0.0256,0.0171,2.7609{}0.53{}-6.23,-9.59,0{}-0.01,0.01{}0{}{}{}{}{}{}{}{}[]{}
Time,1677627499.3311198{}0.0256,0.0171,2.7609{}0.53{}-6.23,-9.59,0{}-0.01,0.01{}0{}{}{}{}{}{}{}{}[]{}
Time,1677627499.4345844{}0.0256,0.0171,2.7609{}0.53{}-6.23,-9.59,0{}-0.01,0.01{}0{}{}{}{}{}{}{}{}[]{}
Time,1677627499.5368967{}0.0256,0.0171,2.7609{}0.53{}-6.23,-9.59,0{}-0.01,0.01{}0{}{}{}{}{}{}{}{}[]{}
Time,1677627499.6401916{}0.0256,0.0171,2.7609{}0.53{}-6.23,-9.59,0{}-0.01,0.01{}0{}{}{}{}{}{}{}{}[]{}
Time,1677627499.748625{}0.0256,0.0171,2.7609{}0.53{}-6.23,-9.59,0{}-0.01,0.01{}0{}{}{}{}{}{}{}{}[]{}
Time,1677627499.8508444{}0.0256,0.0171,2.7609{}0.53{}-6.23,-9.59,0{}-0.01,0.01{}0{}{}{}{}{}{}{}{}[]{}
Time,1677627499.9544606{}0.0256,0.0171,2.7609{}0.53{}-6.23,-9.59,0{}-0.01,0.01{}1{}{}8.54{}{}-4.59{}{}1.38{}{}[-0.65]{}
Time,1677627500.060624{}0.0256,0.0171,2.7609{}0.53{}-6.23,-9.59,0{}-0.01,0.01{}1{}{}8.54{}{}-4.59{}{}1.38{}{}[-0.65]{}
Time,1677627500.1720357{}0.0256,0.0171,2.7609{}0.53{}-6.23,-9.59,0{}-0.01,0.01{}1{}{}8.54{}{}-4.59{}{}1.38{}{}[-0.65]{}
Time,1677627500.3009267{}0.0256,0.0171,2.7609{}0.53{}-6.23,-9.59,0{}-0.01,0.01{}0{}{}{}{}{}{}{}{}[]{}
Time,1677627500.4041212{}0.0256,0.0171,2.7609{}0.53{}-6.23,-9.59,0{}-0.01,0.01{}0{}{}{}{}{}{}{}{}[]{}
Time,1677627500.5077999{}0.0256,0.0171,2.7609{}0.53{}-6.23,-9.59,0{}-0.01,0.01{}0{}{}{}{}{}{}{}{}[]{}
Time,1677627500.610407{}0.0256,0.0171,2.7609{}0.53{}-6.23,-9.59,0{}-0.01,0.01{}0{}{}{}{}{}{}{}{}[]{}
Time,1677627500.7142777{}0.0256,0.0171,2.7609{}0.53{}-6.23,-9.59,0{}-0.01,0.01{}0{}{}{}{}{}{}{}{}[]{}
Time,1677627500.8185196{}0.0256,0.0171,2.7609{}0.53{}-6.23,-9.59,0{}-0.01,0.01{}1{}{}16.84{}{}-0.53{}{}-1.57{}{}[-1.31]{}
Time,1677627500.9221225{}0.0256,0.0171,2.7609{}0.53{}-6.23,-9.59,0{}-0.01,0.01{}1{}{}16.84{}{}-0.53{}{}-1.57{}{}[-1.31]{}
Time,1677627501.0272322{}0.0256,0.0171,2.7609{}0.53{}-6.23,-9.59,0{}-0.01,0.01{}1{}{}16.84{}{}-0.53{}{}-1.57{}{}[-1.31]{}
Time,1677627501.1308553{}0.0256,0.0171,2.7609{}0.53{}-6.23,-9.59,0{}-0.01,0.01{}1{}{}8.03{}{}-3.65{}{}1.7{}{}[-0.65]{}
Time,1677627501.240577{}0.0256,0.0171,2.7609{}0.53{}-6.23,-9.59,0{}-0.01,0.01{}1{}{}7.93{}{}-3.62{}{}1.85{}{}[-0.65]{}
Time,1677627501.3442223{}0.0256,0.0171,2.7609{}0.53{}-6.23,-9.59,0{}-0.01,0.01{}1{}{}17.38{}{}-8.63{}{}3.56{}{}[-0.65]{}
Time,1677627501.4484727{}0.0256,0.0171,2.7609{}0.53{}-6.23,-9.59,0{}-0.01,0.01{}1{}{}17.38{}{}-8.63{}{}3.56{}{}[-0.65]{}
Time,1677627501.552437{}0.0256,0.0171,2.7609{}0.53{}-6.23,-9.59,0{}-0.01,0.01{}1{}{}17.38{}{}-8.63{}{}3.56{}{}[-0.65]{}
Time,1677627501.6548882{}0.0256,0.0171,2.7609{}0.53{}-6.23,-9.59,0{}-0.01,0.01{}0{}{}{}{}{}{}{}{}[]{}
Time,1677627501.761173{}0.0256,0.0171,2.7609{}0.53{}-6.23,-9.59,0{}-0.01,0.01{}0{}{}{}{}{}{}{}{}[]{}
Time,1677627501.8703403{}0.0256,0.0171,2.7609{}0.53{}-6.23,-9.59,0{}-0.01,0.01{}0{}{}{}{}{}{}{}{}[]{}
Time,1677627501.9738934{}0.0256,0.0171,2.7609{}0.53{}-6.23,-9.59,0{}-0.01,0.01{}0{}{}{}{}{}{}{}{}[]{}
Time,1677627502.0778463{}0.0256,0.0171,2.7609{}0.53{}-6.23,-9.59,0{}-0.01,0.01{}1{}{}8.43{}{}-4.31{}{}2.7{}{}[-0.65]{}
Time,1677627502.1937428{}0.0256,0.0171,2.7609{}0.53{}-6.23,-9.59,0{}-0.01,0.01{}1{}{}8.43{}{}-4.31{}{}2.7{}{}[-0.65]{}
Time,1677627502.3042583{}0.0256,0.0171,2.7609{}0.53{}-6.23,-9.59,0{}-0.01,0.01{}1{}{}8.43{}{}-4.31{}{}2.7{}{}[-0.65]{}
Time,1677627502.4062042{}0.0256,0.0171,2.7609{}0.53{}-6.23,-9.59,0{}-0.01,0.01{}0{}{}{}{}{}{}{}{}[]{}
Time,1677627502.5112102{}0.0256,0.0171,2.7609{}0.53{}-6.23,-9.59,0{}-0.01,0.01{}1{}{}15.31{}{}-1.94{}{}1.48{}{}[-0.65]{}
Time,1677627502.61538{}0.0256,0.0171,2.7609{}0.53{}-6.23,-9.59,0{}-0.01,0.01{}1{}{}15.31{}{}-1.94{}{}1.48{}{}[-0.65]{}
Time,1677627502.7193034{}0.0256,0.0171,2.7609{}0.53{}-6.23,-9.59,0{}-0.01,0.01{}1{}{}15.31{}{}-1.94{}{}1.48{}{}[-0.65]{}
Time,1677627502.8302534{}0.0256,0.0171,2.7609{}0.53{}-6.23,-9.59,0{}-0.01,0.01{}0{}{}{}{}{}{}{}{}[]{}
Time,1677627502.9372597{}0.0256,0.0171,2.7609{}0.53{}-6.23,-9.59,0{}-0.01,0.01{}0{}{}{}{}{}{}{}{}[]{}
Time,1677627503.0389957{}0.0256,0.0171,2.7609{}0.53{}-6.23,-9.59,0{}-0.01,0.01{}0{}{}{}{}{}{}{}{}[]{}
Time,1677627503.1421738{}0.0256,0.0171,2.7609{}0.53{}-6.23,-9.59,0{}-0.01,0.01{}1{}{}14.12{}{}-5.23{}{}2.18{}{}[0.]{}
Time,1677627503.246897{}0.0256,0.0171,2.7609{}0.53{}-6.23,-9.59,0{}-0.01,0.01{}1{}{}14.12{}{}-5.23{}{}2.18{}{}[0.]{}
Time,1677627503.351253{}0.0256,0.0171,2.7609{}0.53{}-6.23,-9.59,0{}-0.01,0.01{}1{}{}14.12{}{}-5.23{}{}2.18{}{}[0.]{}
Time,1677627503.4546{}0.0256,0.0171,2.7609{}0.53{}-6.23,-9.59,0{}-0.01,0.01{}1{}{}5.63{}{}2.06{}{}0.42{}{}[0.]{}
Time,1677627503.5589387{}0.0256,0.0171,2.7609{}0.53{}-6.23,-9.59,0{}-0.01,0.01{}1{}{}5.81{}{}1.3{}{}0.2{}{}[0.]{}
Time,1677627503.6625335{}0.0256,0.0171,2.7609{}0.53{}-6.23,-9.59,0{}-0.01,0.01{}1{}{}5.81{}{}1.3{}{}0.2{}{}[0.]{}
Time,1677627503.7713413{}0.0256,0.0171,2.7609{}0.53{}-6.23,-9.59,0{}-0.01,0.01{}3{}{}9.18,9.11,3.22{}{}3.05,3.85,1.72{}{}1.36,2.71,-0.28{}{}[ 0.    0.   -0.65]{}
Time,1677627503.876912{}0.0256,0.0171,2.7609{}0.53{}-6.23,-9.59,0{}-0.01,0.01{}3{}{}3.66,3.75,5.57{}{}0.23,0.47,-1.87{}{}0.0,0.11,1.12{}{}[0.   0.   0.65]{}
Time,1677627503.9813843{}0.0256,0.0171,2.7609{}0.53{}-6.23,-9.59,0{}-0.01,0.01{}3{}{}3.66,3.75,5.57{}{}0.23,0.47,-1.87{}{}0.0,0.11,1.12{}{}[0.   0.   0.65]{}
Time,1677627504.0865614{}0.0256,0.0171,2.7609{}0.53{}-6.23,-9.59,0{}-0.01,0.01{}6{}{}1.28,2.3,2.33,2.31,3.47,4.96{}{}0.34,1.24,1.1,1.14,-1.14,2.44{}{}-0.33,0.4,0.85,1.11,0.21,0.65{}{}[0. 0. 0. 0. 0. 0.]{}
Time,1677627504.1906462{}0.0256,0.0171,2.7609{}0.53{}-6.23,-9.59,0{}-0.01,0.01{}3{}{}2.51,2.64,5.38{}{}0.65,0.6,1.58{}{}-0.05,0.36,0.38{}{}[0. 0. 0.]{}
Time,1677627504.2952032{}0.0256,0.0171,2.7609{}0.53{}-6.23,-9.59,0{}-0.01,0.01{}5{}{}2.52,2.59,5.39,5.53,18.44{}{}0.24,0.09,0.87,0.71,2.92{}{}0.52,0.86,0.94,0.88,1.12{}{}[0. 0. 0. 0. 0.]{}
Time,1677627504.3997838{}0.0256,0.0171,2.7609{}0.53{}-6.23,-9.59,0{}-0.01,0.01{}4{}{}2.6,5.49,18.64,19.08{}{}-0.34,0.17,0.58,0.6{}{}0.85,0.89,1.49,2.63{}{}[0. 0. 0. 0.]{}
Time,1677627504.5045197{}0.0256,0.0171,2.7609{}0.53{}-6.23,-9.59,0{}-0.01,0.01{}5{}{}2.49,2.66,5.59,18.6,19.01{}{}-0.16,-0.43,-0.35,0.0,-0.6{}{}0.77,0.61,0.69,2.16,3.08{}{}[0. 0. 0. 0. 0.]{}
Time,1677627504.6103568{}0.0256,0.0171,2.7609{}0.53{}-6.23,-9.59,0{}-0.01,0.01{}7{}{}2.45,2.63,5.44,5.6,6.56,18.62,18.98{}{}-0.16,-0.43,-0.17,-0.18,0.44,-0.59,-0.6{}{}0.9,0.7,1.17,0.83,2.35,1.89,3.28{}{}[0. 0. 0. 0. 0. 0. 0.]{}
Time,1677627504.7335577{}0.0256,0.0171,2.7609{}0.53{}-6.23,-9.59,0{}-0.01,0.01{}8{}{}2.46,2.55,5.42,5.56,5.79,6.75,18.59,18.95{}{}-0.08,-0.34,0.0,-0.18,-0.37,0.43,0.0,0.0{}{}0.89,0.99,1.16,0.92,1.45,1.64,2.24,3.49{}{}[0. 0. 0. 0. 0. 0. 0. 0.]{}
Time,1677627504.8398833{}0.0256,0.0171,2.7609{}0.53{}-6.23,-9.59,0{}-0.01,0.01{}8{}{}2.47,2.55,5.39,5.54,5.83,6.57,18.51,18.85{}{}0.0,-0.26,0.17,0.18,-0.56,0.87,0.59,0.6{}{}0.85,0.96,1.27,1.04,1.24,2.12,2.81,3.94{}{}[0. 0. 0. 0. 0. 0. 0. 0.]{}
Time,1677627504.946968{}0.0256,0.0171,2.7609{}0.53{}-6.23,-9.59,0{}-0.01,0.01{}8{}{}2.53,2.69,2.74,5.39,5.75,18.54,18.88,18.7{}{}0.16,-0.26,-0.09,0.35,-0.56,1.17,1.2,1.81{}{}0.64,0.42,0.61,1.25,1.55,2.18,2.76,4.25{}{}[0. 0. 0. 0. 0. 0. 0. 0.]{}
Time,1677627505.0515018{}0.0256,0.0171,2.7609{}0.53{}-6.23,-9.59,0{}-0.01,0.01{}5{}{}2.57,2.75,5.44,18.46,18.76{}{}0.0,0.0,0.52,1.75,1.79{}{}0.79,0.58,0.93,2.26,3.25{}{}[0. 0. 0. 0. 0.]{}
Time,1677627505.1648405{}0.0256,0.0171,2.7609{}0.53{}-6.23,-9.59,0{}-0.01,0.01{}4{}{}2.63,2.69,5.22,18.85{}{}0.0,0.26,1.2,2.98{}{}0.44,0.58,1.22,0.54{}{}[0. 0. 0. 0.]{}
Time,1677627505.271736{}0.0256,0.0171,2.7609{}0.53{}-6.23,-9.59,0{}-0.01,0.01{}3{}{}2.59,5.27,6.22{}{}0.25,1.03,1.96{}{}0.57,1.17,2.44{}{}[0. 0. 0.]{}
Time,1677627505.3773227{}0.0256,0.0171,2.7609{}0.53{}-6.23,-9.59,0{}-0.01,0.01{}3{}{}2.59,5.27,6.22{}{}0.25,1.03,1.96{}{}0.57,1.17,2.44{}{}[0. 0. 0.]{}
Time,1677627505.481845{}0.0256,0.0171,2.7609{}0.53{}-6.23,-9.59,0{}-0.01,0.01{}3{}{}2.27,2.5,5.31{}{}0.62,0.32,1.02{}{}0.74,0.61,0.34{}{}[-0.65 -0.65 -0.65]{}
Time,1677627505.5954683{}0.0256,0.0171,2.7609{}0.53{}-6.23,-9.59,0{}-0.01,0.01{}3{}{}2.32,2.37,5.5{}{}0.6,0.48,0.17{}{}0.35,0.84,0.98{}{}[-0.65 -0.65 -0.65]{}
Time,1677627505.7008095{}0.0256,0.0171,2.7609{}0.53{}-6.23,-9.59,0{}-0.01,0.01{}3{}{}2.32,2.37,5.5{}{}0.6,0.48,0.17{}{}0.35,0.84,0.98{}{}[-0.65 -0.65 -0.65]{}
Time,1677627505.806037{}0.0256,0.0171,2.7609{}0.53{}-6.23,-9.59,0{}-0.01,0.01{}4{}{}2.1,2.29,5.19,5.55{}{}0.65,0.3,0.49,0.53{}{}0.68,0.61,0.36,1.02{}{}[-0.65 -0.65 -0.65 -0.65]{}
Time,1677627505.9150429{}0.0256,0.0171,2.7609{}0.53{}-6.23,-9.59,0{}-0.01,0.01{}4{}{}2.1,2.36,5.08,5.52{}{}0.56,0.53,0.64,0.52{}{}0.55,-0.03,0.61,0.47{}{}[-0.65 -0.65 -0.65 -0.65]{}
Time,1677627506.021705{}0.0256,0.0171,2.7609{}0.53{}-6.23,-9.59,0{}-0.01,0.01{}3{}{}2.03,2.07,5.03{}{}0.61,0.35,0.8{}{}0.49,0.86,0.31{}{}[-0.65 -0.65 -0.65]{}
Time,1677627506.1257493{}0.0256,0.0171,2.7609{}0.53{}-6.23,-9.59,0{}-0.01,0.01{}3{}{}1.92,2.07,4.95{}{}0.65,0.56,0.79{}{}0.45,0.65,0.41{}{}[-0.65 -0.65 -0.65]{}
Time,1677627506.2352166{}0.0256,0.0171,2.7609{}0.53{}-6.23,-9.59,0{}-0.01,0.01{}4{}{}1.83,2.06,4.9,5.22{}{}0.7,0.55,0.78,0.84{}{}0.53,0.55,0.41,0.94{}{}[-0.65 -0.65 -0.65 -0.65]{}
Time,1677627506.3406036{}0.0256,0.0171,2.7609{}0.53{}-6.23,-9.59,0{}-0.01,0.01{}3{}{}1.78,1.9,4.83{}{}0.61,0.58,0.77{}{}0.52,0.53,0.36{}{}[-0.65 -0.65 -0.65]{}
Time,1677627506.4441814{}0.0256,0.0171,2.7609{}0.53{}-6.23,-9.59,0{}-0.01,0.01{}2{}{}1.89,4.77{}{}0.51,0.76{}{}0.61,0.23{}{}[-0.65 -0.65]{}
Time,1677627506.5497015{}0.0256,0.0171,2.7609{}0.53{}-6.23,-9.59,0{}-0.01,0.01{}5{}{}1.29,1.67,1.75,1.91,5.13{}{}-0.38,0.61,0.48,0.49,0.65{}{}-0.7,-0.05,0.58,0.15,0.29{}{}[ 0.   -0.65 -0.65 -0.65 -0.65]{}
Time,1677627506.6548903{}0.0256,0.0171,2.7609{}0.53{}-6.23,-9.59,0{}-0.01,0.01{}4{}{}1.6,1.72,1.81,4.61{}{}0.65,0.52,0.55,0.88{}{}0.1,0.34,0.48,0.01{}{}[-0.65 -0.65 -0.65 -0.65]{}
Time,1677627506.7617733{}0.0256,0.0171,2.7609{}0.53{}-6.23,-9.59,0{}-0.01,0.01{}3{}{}1.5,1.7,4.51{}{}0.62,0.56,0.71{}{}0.36,0.22,-0.01{}{}[-0.65 -0.65 -0.65]{}
Time,1677627506.866635{}0.0256,0.0171,2.7609{}0.53{}-6.23,-9.59,0{}-0.01,0.01{}3{}{}1.5,1.7,4.51{}{}0.62,0.56,0.71{}{}0.36,0.22,-0.01{}{}[-0.65 -0.65 -0.65]{}
Time,1677627506.9726048{}0.0256,0.0171,2.7609{}0.53{}-6.23,-9.59,0{}-0.01,0.01{}3{}{}1.4,1.58,4.41{}{}0.58,0.3,0.7{}{}0.27,0.12,0.05{}{}[-0.65 -0.65 -0.65]{}
Time,1677627507.0839748{}0.0256,0.0171,2.7609{}0.53{}-6.23,-9.59,0{}-0.01,0.01{}4{}{}1.36,1.53,1.63,4.38{}{}0.51,0.35,0.38,0.55{}{}0.32,0.38,0.44,0.06{}{}[-0.65 -0.65 -0.65 -0.65]{}
Time,1677627507.1886659{}0.0256,0.0171,2.7609{}0.53{}-6.23,-9.59,0{}-0.01,0.01{}4{}{}1.36,1.53,1.63,4.38{}{}0.51,0.35,0.38,0.55{}{}0.32,0.38,0.44,0.06{}{}[-0.65 -0.65 -0.65 -0.65]{}
Time,1677627507.2971306{}0.0256,0.0171,2.7609{}0.53{}-6.23,-9.59,0{}-0.01,0.01{}5{}{}1.47,1.93,1.92,4.3,4.75{}{}0.14,-0.19,-0.31,0.27,0.0{}{}0.17,-0.48,-0.49,0.31,0.59{}{}[0. 0. 0. 0. 0.]{}
Time,1677627507.4017143{}0.0256,0.0171,2.7609{}0.53{}-6.23,-9.59,0{}-0.01,0.01{}5{}{}1.27,1.46,1.45,1.82,4.32{}{}0.29,0.09,0.29,-0.25,0.14{}{}0.33,0.13,0.42,-0.73,0.21{}{}[0. 0. 0. 0. 0.]{}
Time,1677627507.5054252{}0.0256,0.0171,2.7609{}0.53{}-6.23,-9.59,0{}-0.01,0.01{}3{}{}1.26,1.42,4.48{}{}0.38,0.28,-0.14{}{}0.28,0.46,0.53{}{}[0. 0. 0.]{}
Time,1677627507.6098642{}0.0256,0.0171,2.7609{}0.53{}-6.23,-9.59,0{}-0.01,0.01{}4{}{}1.26,1.41,4.26,4.46{}{}0.38,0.14,0.27,-0.14{}{}0.28,0.46,0.28,0.53{}{}[0. 0. 0. 0.]{}
Time,1677627507.7171257{}0.0256,0.0171,2.7609{}0.53{}-6.23,-9.59,0{}-0.01,0.01{}6{}{}1.27,1.39,1.84,4.23,4.46,4.54{}{}0.33,0.14,-0.24,0.27,-0.14,0.15{}{}0.16,0.34,-0.62,0.28,0.57,1.14{}{}[0. 0. 0. 0. 0. 0.]{}
Time,1677627507.8224733{}0.0256,0.0171,2.7609{}0.53{}-6.23,-9.59,0{}-0.01,0.01{}7{}{}1.26,1.27,1.44,1.8,4.24,4.46,4.58{}{}0.33,0.05,0.24,-0.24,0.13,-0.14,0.0{}{}0.23,0.69,0.41,-0.64,0.31,0.55,0.91{}{}[0. 0. 0. 0. 0. 0. 0.]{}
Time,1677627507.929189{}0.0256,0.0171,2.7609{}0.53{}-6.23,-9.59,0{}-0.01,0.01{}6{}{}1.26,1.45,1.8,4.24,4.44,4.5{}{}0.33,0.19,-0.24,0.13,-0.28,0.0{}{}0.23,0.41,-0.66,0.13,0.46,1.24{}{}[0. 0. 0. 0. 0. 0.]{}
Time,1677627508.0329547{}0.0256,0.0171,2.7609{}0.53{}-6.23,-9.59,0{}-0.01,0.01{}3{}{}1.26,1.4,4.43{}{}0.29,0.14,-0.28{}{}0.24,0.4,0.47{}{}[0. 0. 0.]{}
Time,1677627508.1371331{}0.0256,0.0171,2.7609{}0.53{}-6.23,-9.59,0{}-0.01,0.01{}4{}{}1.27,1.39,1.46,4.41{}{}0.21,-0.04,0.09,-0.7{}{}0.28,0.27,0.38,0.53{}{}[0. 0. 0. 0.]{}
Time,1677627508.2447088{}0.0256,0.0171,2.7609{}0.53{}-6.23,-9.59,0{}-0.01,0.01{}3{}{}1.26,1.39,4.38{}{}0.04,-0.14,-0.98{}{}0.38,0.44,0.19{}{}[0. 0. 0.]{}
Time,1677627508.3492906{}0.0256,0.0171,2.7609{}0.53{}-6.23,-9.59,0{}-0.01,0.01{}3{}{}1.26,1.42,4.19{}{}-0.12,-0.33,-1.55{}{}0.27,0.31,0.64{}{}[0.   0.   0.65]{}
Time,1677627508.4586666{}0.0256,0.0171,2.7609{}0.53{}-6.23,-9.59,0{}-0.01,0.01{}9{}{}4.17,6.28,8.62,8.48,1.21,3.93,15.96,16.04,16.14{}{}1.98,-0.2,4.2,4.6,-0.63,-1.93,-7.12,-7.85,-7.92{}{}1.58,1.09,-0.3,1.82,0.47,0.58,1.34,1.81,2.09{}{}[0.   0.   0.   0.   0.65 0.65 0.65 0.65 0.65]{}
Time,1677627508.5657022{}0.0256,0.0171,2.7609{}0.53{}-6.23,-9.59,0{}-0.01,0.01{}9{}{}4.17,6.28,8.62,8.48,1.21,3.93,15.96,16.04,16.14{}{}1.98,-0.2,4.2,4.6,-0.63,-1.93,-7.12,-7.85,-7.92{}{}1.58,1.09,-0.3,1.82,0.47,0.58,1.34,1.81,2.09{}{}[0.   0.   0.   0.   0.65 0.65 0.65 0.65 0.65]{}
Time,1677627508.6721747{}0.0256,0.0171,2.7609{}0.53{}-6.23,-9.59,0{}-0.01,0.01{}9{}{}8.55,9.19,9.52,10.32,10.24,10.65,10.32,14.59,4.83{}{}1.37,2.69,3.97,4.59,4.67,5.93,5.28,5.38,-2.74{}{}1.38,-0.11,2.42,0.51,2.39,3.39,5.86,1.77,1.79{}{}[0.   0.   0.   0.   0.   0.   0.   0.   0.65]{}
Time,1677627508.7835822{}0.0256,0.0171,2.7609{}0.53{}-6.23,-9.59,0{}-0.01,0.01{}3{}{}9.57,11.25,14.78{}{}-0.6,0.35,2.35{}{}-0.38,-1.06,1.56{}{}[0. 0. 0.]{}
Time,1677627508.8897374{}0.0256,0.0171,2.7609{}0.53{}-6.23,-9.59,0{}-0.01,0.01{}8{}{}10.19,10.0,14.78,15.79,16.6,8.11,9.29,13.09{}{}-2.29,-1.66,0.0,0.5,0.53,0.0,-2.41,-2.59{}{}0.38,3.26,2.78,2.18,3.39,-0.08,0.7,3.51{}{}[0.   0.   0.   0.   0.   0.65 0.65 0.65]{}
Time,1677627508.9950004{}0.0256,0.0171,2.7609{}0.53{}-6.23,-9.59,0{}-0.01,0.01{}7{}{}8.91,8.88,9.82,11.05,10.87,10.57,15.63{}{}-3.63,-3.4,-3.6,1.75,-3.19,-2.88,-1.5{}{}0.95,2.72,0.51,0.6,0.23,3.58,2.91{}{}[0. 0. 0. 0. 0. 0. 0.]{}
Time,1677627509.1025016{}0.0256,0.0171,2.7609{}0.53{}-6.23,-9.59,0{}-0.01,0.01{}7{}{}1.73,8.45,10.49,10.5,11.73,15.15,7.88{}{}-0.54,-4.54,-4.27,-3.96,-3.57,-3.0,-2.34{}{}-0.67,1.36,1.15,2.61,3.31,4.25,1.18{}{}[0.   0.   0.   0.   0.   0.   0.65]{}
Time,1677627509.2121272{}0.0256,0.0171,2.7609{}0.53{}-6.23,-9.59,0{}-0.01,0.01{}7{}{}1.54,10.08,10.28,11.2,13.59,15.86,15.72{}{}-0.75,-4.99,-4.33,-3.97,-4.24,-4.68,-4.24{}{}-0.05,1.91,2.99,4.49,4.94,1.76,4.77{}{}[0. 0. 0. 0. 0. 0. 0.]{}
Time,1677627509.3211348{}0.0256,0.0171,2.7609{}0.53{}-6.23,-9.59,0{}-0.01,0.01{}8{}{}1.49,9.83,9.78,10.81,13.44,15.68,15.48,7.73{}{}-0.79,-5.33,-4.68,-5.15,-4.7,-4.67,-4.76,-2.9{}{}-0.05,2.11,3.9,4.16,4.86,2.83,4.9,1.79{}{}[0.   0.   0.   0.   0.   0.   0.   0.65]{}
Time,1677627509.4277878{}0.0256,0.0171,2.7609{}0.53{}-6.23,-9.59,0{}-0.01,0.01{}6{}{}9.86,9.97,11.16,14.74,15.48,15.59{}{}-5.32,-4.67,-4.74,-4.48,-5.18,-4.75{}{}1.85,3.33,3.61,4.02,2.91,4.46{}{}[-0.65 -0.65 -0.65 -0.65 -0.65 -0.65]{}
Time,1677627509.5329452{}0.0256,0.0171,2.7609{}0.53{}-6.23,-9.59,0{}-0.01,0.01{}4{}{}7.45,11.25,14.34,15.23{}{}-3.19,-4.73,-4.86,-5.17{}{}2.56,3.13,3.55,3.82{}{}[ 0.65 -0.65 -0.65 -0.65]{}
Time,1677627509.6392667{}0.0256,0.0171,2.7609{}0.53{}-6.23,-9.59,0{}-0.01,0.01{}7{}{}7.69,9.58,9.85,13.55,14.13,15.2,15.38{}{}-3.2,-5.28,-4.29,-4.66,-4.84,-4.62,-4.21{}{}1.8,2.67,3.96,4.15,4.09,4.19,5.38{}{}[ 0.   -0.65 -0.65 -0.65 -0.65 -0.65 -0.65]{}
Time,1677627509.7453473{}0.0256,0.0171,2.7609{}0.53{}-6.23,-9.59,0{}-0.01,0.01{}5{}{}9.46,11.15,13.6,14.01,15.19{}{}-5.25,-4.29,-4.17,-4.82,-4.6{}{}2.91,3.6,4.17,4.25,3.97{}{}[-0.65 -0.65 -0.65 -0.65 -0.65]{}
Time,1677627509.8511255{}0.0256,0.0171,2.7609{}0.53{}-6.23,-9.59,0{}-0.01,0.01{}4{}{}7.66,13.39,13.89,15.15{}{}-3.21,-4.61,-4.78,-4.58{}{}2.04,4.12,4.32,3.85{}{}[ 0.   -0.65 -0.65 -0.65]{}
Time,1677627509.9581478{}0.0256,0.0171,2.7609{}0.53{}-6.23,-9.59,0{}-0.01,0.01{}6{}{}7.5,13.42,13.68,14.22,14.98,15.27{}{}-3.48,-4.1,-4.74,-4.36,-4.54,-4.12{}{}2.27,3.96,4.5,4.38,3.95,4.65{}{}[ 0.   -0.65 -0.65 -0.65 -0.65 -0.65]{}
Time,1677627510.065081{}0.0256,0.0171,2.7609{}0.53{}-6.23,-9.59,0{}-0.01,0.01{}6{}{}7.5,13.42,13.68,14.22,14.98,15.27{}{}-3.48,-4.1,-4.74,-4.36,-4.54,-4.12{}{}2.27,3.96,4.5,4.38,3.95,4.65{}{}[ 0.   -0.65 -0.65 -0.65 -0.65 -0.65]{}
Time,1677627510.1720643{}0.0256,0.0171,2.7609{}0.53{}-6.23,-9.59,0{}-0.01,0.01{}4{}{}9.07,13.77,14.96,14.95{}{}-5.13,-4.72,-4.52,-4.1{}{}3.34,4.0,3.74,5.3{}{}[-0.65 -0.65 -0.65 -0.65]{}
Time,1677627510.2804167{}0.0256,0.0171,2.7609{}0.53{}-6.23,-9.59,0{}-0.01,0.01{}3{}{}8.79,15.02,14.9{}{}-4.45,-4.48,-4.06{}{}4.81,2.82,5.02{}{}[-0.65 -0.65 -0.65]{}
Time,1677627510.4003284{}0.0256,0.0171,2.7609{}0.53{}-6.23,-9.59,0{}-0.01,0.01{}4{}{}8.8,10.33,14.69,14.62{}{}-4.76,-3.21,-4.94,-4.04{}{}4.29,3.61,3.21,5.52{}{}[-0.65 -0.65 -0.65 -0.65]{}
Time,1677627510.5111437{}0.0256,0.0171,2.7609{}0.53{}-6.23,-9.59,0{}-0.01,0.01{}3{}{}7.33,13.41,14.68{}{}-3.72,-5.08,-4.42{}{}2.17,3.56,3.41{}{}[ 0.   -0.65 -0.65]{}
Time,1677627510.61635{}0.0256,0.0171,2.7609{}0.53{}-6.23,-9.59,0{}-0.01,0.01{}3{}{}9.07,13.06,13.38{}{}-4.35,-3.53,-4.59{}{}3.7,4.04,3.93{}{}[-0.65 -0.65 -0.65]{}
Time,1677627510.7219856{}0.0256,0.0171,2.7609{}0.53{}-6.23,-9.59,0{}-0.01,0.01{}4{}{}8.66,12.83,13.57,14.78{}{}-4.66,-3.95,-4.56,-4.37{}{}4.07,4.13,2.89,2.08{}{}[-0.65 -0.65 -0.65 -0.65]{}
Time,1677627510.8273764{}0.0256,0.0171,2.7609{}0.53{}-6.23,-9.59,0{}-0.01,0.01{}4{}{}8.69,12.65,13.53,14.61{}{}-4.64,-4.26,-4.54,-4.35{}{}3.9,2.74,2.71,2.67{}{}[-0.65 -0.65 -0.65 -0.65]{}
Time,1677627510.93621{}0.0256,0.0171,2.7609{}0.53{}-6.23,-9.59,0{}-0.01,0.01{}3{}{}7.25,8.58,14.41{}{}-3.74,-4.6,-4.33{}{}2.54,3.99,3.21{}{}[ 0.   -0.65 -0.65]{}
Time,1677627511.041444{}0.0256,0.0171,2.7609{}0.53{}-6.23,-9.59,0{}-0.01,0.01{}3{}{}14.6,8.79,9.94{}{}-3.82,-4.25,-4.55{}{}2.44,3.74,2.47{}{}[-1.31 -0.65 -0.65]{}
Time,1677627511.14487{}0.0256,0.0171,2.7609{}0.53{}-6.23,-9.59,0{}-0.01,0.01{}1{}{}8.51{}{}-4.54{}{}3.83{}{}[-0.65]{}
Time,1677627511.2517073{}0.0256,0.0171,2.7609{}0.53{}-6.23,-9.59,0{}-0.01,0.01{}2{}{}9.62,12.07{}{}-5.19,-4.67{}{}1.72,4.11{}{}[-0.65 -0.65]{}
Time,1677627511.3559132{}0.0256,0.0171,2.7609{}0.53{}-6.23,-9.59,0{}-0.01,0.01{}3{}{}11.94,11.97,13.95{}{}-5.05,-6.54,-5.14{}{}3.6,2.91,1.54{}{}[-0.65 -0.65 -0.65]{}
Time,1677627511.4613876{}0.0256,0.0171,2.7609{}0.53{}-6.23,-9.59,0{}-0.01,0.01{}2{}{}11.72,12.06{}{}-5.43,-6.08{}{}3.41,3.25{}{}[-0.65 -0.65]{}
Time,1677627511.5649784{}0.0256,0.0171,2.7609{}0.53{}-6.23,-9.59,0{}-0.01,0.01{}2{}{}11.72,12.06{}{}-5.43,-6.08{}{}3.41,3.25{}{}[-0.65 -0.65]{}
Time,1677627511.6696067{}0.0256,0.0171,2.7609{}0.53{}-6.23,-9.59,0{}-0.01,0.01{}1{}{}12.53{}{}-5.62{}{}1.77{}{}[-0.65]{}
Time,1677627511.775983{}0.0256,0.0171,2.7609{}0.53{}-6.23,-9.59,0{}-0.01,0.01{}1{}{}1.35{}{}0.0{}{}-0.57{}{}[-0.65]{}
Time,1677627511.8791997{}0.0256,0.0171,2.7609{}0.53{}-6.23,-9.59,0{}-0.01,0.01{}1{}{}1.35{}{}0.0{}{}-0.57{}{}[-0.65]{}
Time,1677627511.985212{}0.0256,0.0171,2.7609{}0.53{}-6.23,-9.59,0{}-0.01,0.01{}4{}{}9.16,11.62,12.42,13.81{}{}-4.9,-4.45,-4.76,-4.06{}{}1.13,3.56,3.86,1.0{}{}[-0.65 -0.65 -0.65 -0.65]{}
Time,1677627512.0960102{}0.0256,0.0171,2.7609{}0.53{}-6.23,-9.59,0{}-0.01,0.01{}4{}{}9.16,11.62,12.42,13.81{}{}-4.9,-4.45,-4.76,-4.06{}{}1.13,3.56,3.86,1.0{}{}[-0.65 -0.65 -0.65 -0.65]{}
Time,1677627512.2019765{}0.0256,0.0171,2.7609{}0.53{}-6.23,-9.59,0{}-0.01,0.01{}1{}{}11.39{}{}-4.39{}{}3.75{}{}[-0.65]{}
Time,1677627512.3063164{}0.0256,0.0171,2.7609{}0.53{}-6.23,-9.59,0{}-0.01,0.01{}1{}{}11.39{}{}-4.39{}{}3.75{}{}[-0.65]{}
Time,1677627512.410129{}0.0256,0.0171,2.7609{}0.53{}-6.23,-9.59,0{}-0.01,0.01{}1{}{}11.39{}{}-4.39{}{}3.75{}{}[-0.65]{}
Time,1677627512.5144742{}0.0256,0.0171,2.7609{}0.53{}-6.23,-9.59,0{}-0.01,0.01{}1{}{}8.65{}{}-4.84{}{}2.9{}{}[-0.65]{}
Time,1677627512.6183815{}0.0256,0.0171,2.7609{}0.53{}-6.23,-9.59,0{}-0.01,0.01{}1{}{}8.65{}{}-4.84{}{}2.9{}{}[-0.65]{}
Time,1677627512.7226794{}0.0256,0.0171,2.7609{}0.53{}-6.23,-9.59,0{}-0.01,0.01{}1{}{}8.65{}{}-4.84{}{}2.9{}{}[-0.65]{}
Time,1677627512.826926{}0.0256,0.0171,2.7609{}0.53{}-6.23,-9.59,0{}-0.01,0.01{}2{}{}11.5,12.36{}{}-5.62,-5.2{}{}1.03,3.55{}{}[-0.65 -0.65]{}
Time,1677627512.930871{}0.0256,0.0171,2.7609{}0.53{}-6.23,-9.59,0{}-0.01,0.01{}1{}{}12.43{}{}-5.58{}{}1.66{}{}[-0.65]{}
Time,1677627513.0348885{}0.0256,0.0171,2.7609{}0.53{}-6.23,-9.59,0{}-0.01,0.01{}2{}{}10.45,12.42{}{}-5.35,-5.53{}{}3.43,0.48{}{}[-0.65 -0.65]{}
Time,1677627513.1396706{}0.0256,0.0171,2.7609{}0.53{}-6.23,-9.59,0{}-0.01,0.01{}2{}{}10.45,12.42{}{}-5.35,-5.53{}{}3.43,0.48{}{}[-0.65 -0.65]{}
Time,1677627513.2435894{}0.0256,0.0171,2.7609{}0.53{}-6.23,-9.59,0{}-0.01,0.01{}0{}{}{}{}{}{}{}{}[]{}
Time,1677627513.3503845{}0.0256,0.0171,2.7609{}0.53{}-6.23,-9.59,0{}-0.01,0.01{}2{}{}11.25,12.27{}{}-5.49,-5.48{}{}0.93,1.1{}{}[-0.65 -0.65]{}
Time,1677627513.4563212{}0.0256,0.0171,2.7609{}0.53{}-6.23,-9.59,0{}-0.01,0.01{}2{}{}11.25,12.27{}{}-5.49,-5.48{}{}0.93,1.1{}{}[-0.65 -0.65]{}
Time,1677627513.5609632{}0.0256,0.0171,2.7609{}0.53{}-6.23,-9.59,0{}-0.01,0.01{}2{}{}12.1,12.06{}{}-5.43,-5.05{}{}1.61,3.27{}{}[-0.65 -0.65]{}
Time,1677627513.6660898{}0.0256,0.0171,2.7609{}0.53{}-6.23,-9.59,0{}-0.01,0.01{}1{}{}10.05{}{}-5.6{}{}3.21{}{}[-0.65]{}
Time,1677627513.774698{}0.0256,0.0171,2.7609{}0.53{}-6.23,-9.59,0{}-0.01,0.01{}2{}{}10.95,11.94{}{}-5.41,-5.39{}{}1.88,2.08{}{}[0. 0.]{}
Time,1677627513.8786583{}0.0256,0.0171,2.7609{}0.53{}-6.23,-9.59,0{}-0.01,0.01{}2{}{}10.95,11.94{}{}-5.41,-5.39{}{}1.88,2.08{}{}[0. 0.]{}
Time,1677627513.9828255{}0.0256,0.0171,2.7609{}0.53{}-6.23,-9.59,0{}-0.01,0.01{}1{}{}12.05{}{}-4.95{}{}2.19{}{}[0.]{}
Time,1677627514.0873625{}0.0256,0.0171,2.7609{}0.53{}-6.23,-9.59,0{}-0.01,0.01{}3{}{}0.86,10.11,12.24{}{}0.25,-5.21,-4.54{}{}-0.44,3.54,2.05{}{}[0. 0. 0.]{}
Time,1677627514.195566{}0.0256,0.0171,2.7609{}0.53{}-6.23,-9.59,0{}-0.01,0.01{}3{}{}0.91,10.39,12.53{}{}0.31,-4.84,-4.13{}{}-0.29,3.26,0.73{}{}[0. 0. 0.]{}
Time,1677627514.3019924{}0.0256,0.0171,2.7609{}0.53{}-6.23,-9.59,0{}-0.01,0.01{}2{}{}10.3,12.2{}{}-4.85,-4.19{}{}3.61,3.64{}{}[0. 0.]{}
Time,1677627514.406553{}0.0256,0.0171,2.7609{}0.53{}-6.23,-9.59,0{}-0.01,0.01{}2{}{}10.3,12.2{}{}-4.85,-4.19{}{}3.61,3.64{}{}[0. 0.]{}
Time,1677627514.5107515{}0.0256,0.0171,2.7609{}0.53{}-6.23,-9.59,0{}-0.01,0.01{}2{}{}0.86,12.39{}{}-0.15,-4.55{}{}-0.37,0.98{}{}[0. 0.]{}
Time,1677627514.6143265{}0.0256,0.0171,2.7609{}0.53{}-6.23,-9.59,0{}-0.01,0.01{}1{}{}0.79{}{}0.16{}{}-0.34{}{}[-0.65]{}
Time,1677627514.7285151{}0.0256,0.0171,2.7609{}0.53{}-6.23,-9.59,0{}-0.01,0.01{}2{}{}10.51,12.57{}{}-4.87,-4.15{}{}3.08,1.08{}{}[0. 0.]{}
Time,1677627514.831571{}0.0256,0.0171,2.7609{}0.53{}-6.23,-9.59,0{}-0.01,0.01{}1{}{}12.14{}{}-4.63{}{}3.57{}{}[0.]{}
Time,1677627514.9360986{}0.0256,0.0171,2.7609{}0.53{}-6.23,-9.59,0{}-0.01,0.01{}2{}{}12.06,0.67{}{}-4.63,-0.13{}{}3.83,0.2{}{}[ 0.   -0.65]{}
Time,1677627515.0410647{}0.0256,0.0171,2.7609{}0.53{}-6.23,-9.59,0{}-0.01,0.01{}2{}{}12.06,0.67{}{}-4.63,-0.13{}{}3.83,0.2{}{}[ 0.   -0.65]{}
Time,1677627515.1455042{}0.0256,0.0171,2.7609{}0.53{}-6.23,-9.59,0{}-0.01,0.01{}1{}{}7.12{}{}-0.67{}{}-0.21{}{}[0.]{}
Time,1677627515.2514431{}0.0256,0.0171,2.7609{}0.53{}-6.23,-9.59,0{}-0.01,0.01{}1{}{}7.12{}{}-0.67{}{}-0.21{}{}[0.]{}
Time,1677627515.355503{}0.0256,0.0171,2.7609{}0.53{}-6.23,-9.59,0{}-0.01,0.01{}1{}{}7.12{}{}-0.67{}{}-0.21{}{}[0.]{}
Time,1677627515.4588661{}0.0256,0.0171,2.7609{}0.53{}-6.23,-9.59,0{}-0.01,0.01{}1{}{}11.82{}{}-5.49{}{}3.54{}{}[0.]{}
Time,1677627515.5626647{}0.0256,0.0171,2.7609{}0.53{}-6.23,-9.59,0{}-0.01,0.01{}1{}{}11.82{}{}-5.49{}{}3.54{}{}[0.]{}
Time,1677627515.6668515{}0.0256,0.0171,2.7609{}0.53{}-6.23,-9.59,0{}-0.01,0.01{}1{}{}12.05{}{}-5.06{}{}3.39{}{}[0.]{}
Time,1677627515.784698{}0.0256,0.0171,2.7609{}0.53{}-6.23,-9.59,0{}-0.01,0.01{}3{}{}12.11,11.45,0.77{}{}-5.41,-5.9,0.27{}{}1.12,3.97,-0.25{}{}[0.   0.   0.65]{}
Time,1677627515.8936865{}0.0256,0.0171,2.7609{}0.53{}-6.23,-9.59,0{}-0.01,0.01{}3{}{}12.11,11.45,0.77{}{}-5.41,-5.9,0.27{}{}1.12,3.97,-0.25{}{}[0.   0.   0.65]{}
Time,1677627516.00663{}0.0256,0.0171,2.7609{}0.53{}-6.23,-9.59,0{}-0.01,0.01{}3{}{}12.11,11.45,0.77{}{}-5.41,-5.9,0.27{}{}1.12,3.97,-0.25{}{}[0.   0.   0.65]{}
Time,1677627516.111249{}0.0256,0.0171,2.7609{}0.53{}-6.23,-9.59,0{}-0.01,0.01{}1{}{}11.92{}{}-5.82{}{}1.03{}{}[0.]{}
Time,1677627516.2150772{}0.0256,0.0171,2.7609{}0.53{}-6.23,-9.59,0{}-0.01,0.01{}1{}{}11.92{}{}-5.82{}{}1.03{}{}[0.]{}
Time,1677627516.3199797{}0.0256,0.0171,2.7609{}0.53{}-6.23,-9.59,0{}-0.01,0.01{}1{}{}11.92{}{}-5.82{}{}1.03{}{}[0.]{}
Time,1677627516.4236004{}0.0256,0.0171,2.7609{}0.53{}-6.23,-9.59,0{}-0.01,0.01{}0{}{}{}{}{}{}{}{}[]{}
Time,1677627516.527027{}0.0256,0.0171,2.7609{}0.53{}-6.23,-9.59,0{}-0.01,0.01{}0{}{}{}{}{}{}{}{}[]{}
Time,1677627516.6298988{}0.0256,0.0171,2.7609{}0.53{}-6.23,-9.59,0{}-0.01,0.01{}0{}{}{}{}{}{}{}{}[]{}
Time,1677627516.7438114{}0.0256,0.0171,2.7609{}0.53{}-6.23,-9.59,0{}-0.01,0.01{}0{}{}{}{}{}{}{}{}[]{}
Time,1677627516.8463562{}0.0256,0.0171,2.7609{}0.53{}-6.23,-9.59,0{}-0.01,0.01{}0{}{}{}{}{}{}{}{}[]{}
Time,1677627516.948748{}0.0256,0.0171,2.7609{}0.53{}-6.23,-9.59,0{}-0.01,0.01{}0{}{}{}{}{}{}{}{}[]{}
Time,1677627517.0521963{}0.0256,0.0171,2.7609{}0.53{}-6.23,-9.59,0{}-0.01,0.01{}1{}{}0.45{}{}-0.03{}{}-0.18{}{}[0.]{}
Time,1677627517.1570508{}0.0256,0.0171,2.7609{}0.53{}-6.23,-9.59,0{}-0.01,0.01{}1{}{}0.45{}{}-0.03{}{}-0.18{}{}[0.]{}
Time,1677627517.2657642{}0.0256,0.0171,2.7609{}0.53{}-6.23,-9.59,0{}-0.01,0.01{}1{}{}0.45{}{}-0.03{}{}-0.18{}{}[0.]{}
Time,1677627517.3685772{}0.0256,0.0171,2.7609{}0.53{}-6.23,-9.59,0{}-0.01,0.01{}1{}{}0.46{}{}-0.05{}{}-0.23{}{}[0.]{}
Time,1677627517.4714224{}0.0256,0.0171,2.7609{}0.53{}-6.23,-9.59,0{}-0.01,0.01{}1{}{}0.46{}{}-0.05{}{}-0.23{}{}[0.]{}
Time,1677627517.5742767{}0.0256,0.0171,2.7609{}0.53{}-6.23,-9.59,0{}-0.01,0.01{}0{}{}{}{}{}{}{}{}[]{}
Time,1677627517.679143{}0.0256,0.0171,2.7609{}0.53{}-6.23,-9.59,0{}-0.01,0.01{}0{}{}{}{}{}{}{}{}[]{}
Time,1677627517.7949138{}0.0256,0.0171,2.7609{}0.53{}-6.23,-9.59,0{}-0.01,0.01{}0{}{}{}{}{}{}{}{}[]{}
Time,1677627517.8990002{}0.0256,0.0171,2.7609{}0.53{}-6.23,-9.59,0{}-0.01,0.01{}0{}{}{}{}{}{}{}{}[]{}
Time,1677627518.0021963{}0.0256,0.0171,2.7609{}0.53{}-6.23,-9.59,0{}-0.01,0.01{}0{}{}{}{}{}{}{}{}[]{}
Time,1677627518.1066182{}0.0256,0.0171,2.7609{}0.53{}-6.23,-9.59,0{}-0.01,0.01{}1{}{}0.39{}{}0.15{}{}0.13{}{}[0.]{}
Time,1677627518.2408533{}0.0256,0.0171,2.7609{}0.53{}-6.23,-9.59,0{}-0.01,0.01{}1{}{}0.39{}{}0.15{}{}0.13{}{}[0.]{}
Time,1677627518.3514526{}0.0256,0.0171,2.7609{}0.53{}-6.23,-9.59,0{}-0.01,0.01{}0{}{}{}{}{}{}{}{}[]{}
Time,1677627518.454375{}0.0256,0.0171,2.7609{}0.53{}-6.23,-9.59,0{}-0.01,0.01{}1{}{}0.38{}{}0.15{}{}0.17{}{}[0.]{}
Time,1677627518.5622532{}0.0256,0.0171,2.7609{}0.53{}-6.23,-9.59,0{}-0.01,0.01{}1{}{}0.38{}{}0.15{}{}0.17{}{}[0.]{}
Time,1677627518.6657217{}0.0256,0.0171,2.7609{}0.53{}-6.23,-9.59,0{}-0.01,0.01{}1{}{}0.38{}{}0.15{}{}0.17{}{}[0.]{}
Time,1677627518.7791665{}0.0256,0.0171,2.7609{}0.53{}-6.23,-9.59,0{}-0.01,0.01{}0{}{}{}{}{}{}{}{}[]{}
Time,1677627518.8838634{}0.0256,0.0171,2.7609{}0.53{}-6.23,-9.59,0{}-0.01,0.01{}0{}{}{}{}{}{}{}{}[]{}
Time,1677627518.9853947{}0.0256,0.0171,2.7609{}0.53{}-6.23,-9.59,0{}-0.01,0.01{}0{}{}{}{}{}{}{}{}[]{}
Time,1677627519.088726{}0.0256,0.0171,2.7609{}0.53{}-6.23,-9.59,0{}-0.01,0.01{}1{}{}1.31{}{}-0.09{}{}0.52{}{}[-0.65]{}
Time,1677627519.1953175{}0.0256,0.0171,2.7609{}0.53{}-6.23,-9.59,0{}-0.01,0.01{}1{}{}1.31{}{}-0.09{}{}0.52{}{}[-0.65]{}
Time,1677627519.3020453{}0.0256,0.0171,2.7609{}0.53{}-6.23,-9.59,0{}-0.01,0.01{}0{}{}{}{}{}{}{}{}[]{}
Time,1677627519.4059155{}0.0256,0.0171,2.7609{}0.53{}-6.23,-9.59,0{}-0.01,0.01{}0{}{}{}{}{}{}{}{}[]{}
Time,1677627519.5127969{}0.0256,0.0171,2.7609{}0.53{}-6.23,-9.59,0{}-0.01,0.01{}0{}{}{}{}{}{}{}{}[]{}
Time,1677627519.6161265{}0.0256,0.0171,2.7609{}0.53{}-6.23,-9.59,0{}-0.01,0.01{}0{}{}{}{}{}{}{}{}[]{}
Time,1677627519.7210832{}0.0256,0.0171,2.7609{}0.53{}-6.23,-9.59,0{}-0.01,0.01{}0{}{}{}{}{}{}{}{}[]{}
Time,1677627519.8327856{}0.0256,0.0171,2.7609{}0.53{}-6.23,-9.59,0{}-0.01,0.01{}0{}{}{}{}{}{}{}{}[]{}
Time,1677627519.9353054{}0.0256,0.0171,2.7609{}0.53{}-6.23,-9.59,0{}-0.01,0.01{}0{}{}{}{}{}{}{}{}[]{}
Time,1677627520.037141{}0.0256,0.0171,2.7609{}0.53{}-6.23,-9.59,0{}-0.01,0.01{}0{}{}{}{}{}{}{}{}[]{}
Time,1677627520.1386826{}0.0256,0.0171,2.7609{}0.53{}-6.23,-9.59,0{}-0.01,0.01{}0{}{}{}{}{}{}{}{}[]{}
Time,1677627520.2442763{}0.0256,0.0171,2.7609{}0.53{}-6.23,-9.59,0{}-0.01,0.01{}0{}{}{}{}{}{}{}{}[]{}
Time,1677627520.3532894{}0.0256,0.0171,2.7609{}0.53{}-6.23,-9.59,0{}-0.01,0.01{}1{}{}12.57{}{}6.13{}{}-0.99{}{}[0.]{}
Time,1677627520.4565845{}0.0256,0.0171,2.7609{}0.53{}-6.23,-9.59,0{}-0.01,0.01{}1{}{}6.71{}{}-2.74{}{}0.86{}{}[0.]{}
Time,1677627520.5600762{}0.0256,0.0171,2.7609{}0.53{}-6.23,-9.59,0{}-0.01,0.01{}1{}{}6.71{}{}-2.74{}{}0.86{}{}[0.]{}
Time,1677627520.6640038{}0.0256,0.0171,2.7609{}0.53{}-6.23,-9.59,0{}-0.01,0.01{}1{}{}0.88{}{}-0.3{}{}-0.49{}{}[-0.65]{}
Time,1677627520.7686036{}0.0256,0.0171,2.7609{}0.53{}-6.23,-9.59,0{}-0.01,0.01{}1{}{}6.42{}{}-2.26{}{}2.44{}{}[0.]{}
Time,1677627520.871993{}0.0256,0.0171,2.7609{}0.53{}-6.23,-9.59,0{}-0.01,0.01{}1{}{}6.42{}{}-2.26{}{}2.44{}{}[0.]{}
Time,1677627520.9758544{}0.0256,0.0171,2.7609{}0.53{}-6.23,-9.59,0{}-0.01,0.01{}2{}{}6.7,13.66{}{}-2.5,7.54{}{}1.34,3.93{}{}[0. 0.]{}
Time,1677627521.079249{}0.0256,0.0171,2.7609{}0.53{}-6.23,-9.59,0{}-0.01,0.01{}1{}{}6.7{}{}-2.03{}{}1.7{}{}[0.]{}
Time,1677627521.18312{}0.0256,0.0171,2.7609{}0.53{}-6.23,-9.59,0{}-0.01,0.01{}1{}{}6.82{}{}-2.54{}{}1.21{}{}[0.]{}
Time,1677627521.286267{}0.0256,0.0171,2.7609{}0.53{}-6.23,-9.59,0{}-0.01,0.01{}1{}{}6.68{}{}-2.27{}{}1.68{}{}[0.]{}
Time,1677627521.394197{}0.0256,0.0171,2.7609{}0.53{}-6.23,-9.59,0{}-0.01,0.01{}1{}{}6.68{}{}-2.27{}{}1.68{}{}[0.]{}
Time,1677627521.4976134{}0.0256,0.0171,2.7609{}0.53{}-6.23,-9.59,0{}-0.01,0.01{}1{}{}13.83{}{}7.01{}{}4.03{}{}[0.]{}
Time,1677627521.6013482{}0.0256,0.0171,2.7609{}0.53{}-6.23,-9.59,0{}-0.01,0.01{}1{}{}6.73{}{}-2.24{}{}0.95{}{}[0.]{}
Time,1677627521.7052045{}0.0256,0.0171,2.7609{}0.53{}-6.23,-9.59,0{}-0.01,0.01{}1{}{}6.73{}{}-2.24{}{}0.95{}{}[0.]{}
Time,1677627521.8101153{}0.0256,0.0171,2.7609{}0.53{}-6.23,-9.59,0{}-0.01,0.01{}1{}{}6.73{}{}-2.24{}{}0.95{}{}[0.]{}
Time,1677627521.9134707{}0.0256,0.0171,2.7609{}0.53{}-6.23,-9.59,0{}-0.01,0.01{}1{}{}6.62{}{}-2.02{}{}1.91{}{}[0.]{}
Time,1677627522.0176365{}0.0256,0.0171,2.7609{}0.53{}-6.23,-9.59,0{}-0.01,0.01{}2{}{}6.82,13.62{}{}-1.78,7.54{}{}1.06,4.07{}{}[0. 0.]{}
Time,1677627522.121928{}0.0256,0.0171,2.7609{}0.53{}-6.23,-9.59,0{}-0.01,0.01{}2{}{}6.82,13.62{}{}-1.78,7.54{}{}1.06,4.07{}{}[0. 0.]{}
Time,1677627522.2373302{}0.0256,0.0171,2.7609{}0.53{}-6.23,-9.59,0{}-0.01,0.01{}1{}{}6.93{}{}-1.56{}{}0.57{}{}[0.]{}
Time,1677627522.3413687{}0.0256,0.0171,2.7609{}0.53{}-6.23,-9.59,0{}-0.01,0.01{}1{}{}6.93{}{}-1.56{}{}0.57{}{}[0.]{}
Time,1677627522.4491127{}0.0256,0.0171,2.7609{}0.53{}-6.23,-9.59,0{}-0.01,0.01{}1{}{}6.93{}{}-1.56{}{}0.57{}{}[0.]{}
Time,1677627522.5512152{}0.0256,0.0171,2.7609{}0.53{}-6.23,-9.59,0{}-0.01,0.01{}0{}{}{}{}{}{}{}{}[]{}
Time,1677627522.652847{}0.0256,0.0171,2.7609{}0.53{}-6.23,-9.59,0{}-0.01,0.01{}0{}{}{}{}{}{}{}{}[]{}
Time,1677627522.7691398{}0.0256,0.0171,2.7609{}0.53{}-6.23,-9.59,0{}-0.01,0.01{}0{}{}{}{}{}{}{}{}[]{}
Time,1677627522.8713198{}0.0256,0.0171,2.7609{}0.53{}-6.23,-9.59,0{}-0.01,0.01{}0{}{}{}{}{}{}{}{}[]{}
Time,1677627522.9730372{}0.0256,0.0171,2.7609{}0.53{}-6.23,-9.59,0{}-0.01,0.01{}0{}{}{}{}{}{}{}{}[]{}
Time,1677627523.0746498{}0.0256,0.0171,2.7609{}0.53{}-6.23,-9.59,0{}-0.01,0.01{}0{}{}{}{}{}{}{}{}[]{}
Time,1677627523.1790426{}0.0256,0.0171,2.7609{}0.53{}-6.23,-9.59,0{}-0.01,0.01{}0{}{}{}{}{}{}{}{}[]{}
Time,1677627523.2874997{}0.0256,0.0171,2.7609{}0.53{}-6.23,-9.59,0{}-0.01,0.01{}0{}{}{}{}{}{}{}{}[]{}
Time,1677627523.3912492{}0.0256,0.0171,2.7609{}0.53{}-6.23,-9.59,0{}-0.01,0.01{}0{}{}{}{}{}{}{}{}[]{}
Time,1677627523.4982302{}0.0256,0.0171,2.7609{}0.53{}-6.23,-9.59,0{}-0.01,0.01{}0{}{}{}{}{}{}{}{}[]{}
Time,1677627523.6011748{}0.0256,0.0171,2.7609{}0.53{}-6.23,-9.59,0{}-0.01,0.01{}0{}{}{}{}{}{}{}{}[]{}
Time,1677627523.7030895{}0.0256,0.0171,2.7609{}0.53{}-6.23,-9.59,0{}-0.01,0.01{}0{}{}{}{}{}{}{}{}[]{}
Time,1677627523.8092394{}0.0256,0.0171,2.7609{}0.53{}-6.23,-9.59,0{}-0.01,0.01{}0{}{}{}{}{}{}{}{}[]{}
Time,1677627523.9111698{}0.0256,0.0171,2.7609{}0.53{}-6.23,-9.59,0{}-0.01,0.01{}0{}{}{}{}{}{}{}{}[]{}
Time,1677627524.0131054{}0.0256,0.0171,2.7609{}0.53{}-6.23,-9.59,0{}-0.01,0.01{}0{}{}{}{}{}{}{}{}[]{}
Time,1677627524.1148987{}0.0256,0.0171,2.7609{}0.53{}-6.23,-9.59,0{}-0.01,0.01{}0{}{}{}{}{}{}{}{}[]{}
Time,1677627524.218668{}0.0256,0.0171,2.7609{}0.53{}-6.23,-9.59,0{}-0.01,0.01{}0{}{}{}{}{}{}{}{}[]{}
Time,1677627524.3321567{}0.0256,0.0171,2.7609{}0.53{}-6.23,-9.59,0{}-0.01,0.01{}0{}{}{}{}{}{}{}{}[]{}
Time,1677627524.4341152{}0.0256,0.0171,2.7609{}0.53{}-6.23,-9.59,0{}-0.01,0.01{}0{}{}{}{}{}{}{}{}[]{}
Time,1677627524.5369933{}0.0256,0.0171,2.7609{}0.53{}-6.23,-9.59,0{}-0.01,0.01{}1{}{}0.42{}{}0.03{}{}-0.2{}{}[0.]{}
