Time,1677616146.2815456{}0.0086,-0.007,2.6433{}0.54{}8.06,18.39,0{}(13.0044601,77.6813519){}-0.04,-0.09{}0{}{}{}{}{}{}{}{}[]{}
Time,1677616146.3839843{}0.0086,-0.007,2.6433{}0.54{}8.04,18.33,0{}(13.0044601,77.6813519){}-0.04,-0.08{}0{}{}{}{}{}{}{}{}[]{}
Time,1677616146.4866295{}0.0086,-0.007,2.6433{}0.54{}8.04,18.33,0{}(13.0044601,77.6813519){}-0.04,-0.08{}0{}{}{}{}{}{}{}{}[]{}
Time,1677616146.589008{}0.0086,-0.007,2.6433{}0.54{}8.02,18.27,0{}(13.0044601,77.6813519){}-0.04,-0.08{}0{}{}{}{}{}{}{}{}[]{}
Time,1677616146.6949615{}0.0086,-0.007,2.6433{}0.54{}8.02,18.27,0{}(13.0044598,77.68135199999999){}-0.04,-0.08{}3{}{}0.12,11.98,0.13{}{}-0.05,-6.54,-0.05{}{}-0.11,2.85,-0.1{}{}[]{}
Time,1677616146.7962077{}0.0083,-0.0069,2.6433{}0.54{}8.0,18.22,0{}(13.0044598,77.68135199999999){}-0.04,-0.07{}0{}{}{}{}{}{}{}{}[]{}
Time,1677616146.9000988{}0.0083,-0.0069,2.6433{}0.54{}8.0,18.22,0{}(13.0044598,77.68135199999999){}-0.04,-0.07{}0{}{}{}{}{}{}{}{}[]{}
Time,1677616147.001504{}0.0083,-0.0069,2.6433{}0.54{}7.98,18.18,0{}(13.0044598,77.68135199999999){}-0.04,-0.06{}0{}{}{}{}{}{}{}{}[]{}
Time,1677616147.1046188{}0.0083,-0.0069,2.6433{}0.54{}7.98,18.18,0{}(13.0044598,77.68135199999999){}-0.04,-0.06{}3{}{}0.12,11.93,0.13{}{}-0.05,-6.54,-0.05{}{}-0.11,3.05,-0.1{}{}[]{}
Time,1677616147.2074416{}0.0083,-0.0069,2.6433{}0.54{}7.97,18.14,0{}(13.0044594,77.68135199999999){}-0.03,-0.06{}2{}{}0.11,0.13{}{}-0.06,-0.05{}{}-0.12,-0.1{}{}[]{}
Time,1677616147.3115907{}0.0083,-0.0069,2.6433{}0.54{}7.97,18.14,0{}(13.0044594,77.68135199999999){}-0.03,-0.06{}3{}{}0.11,11.97,0.13{}{}-0.06,-6.54,-0.05{}{}-0.12,2.92,-0.1{}{}[]{}
Time,1677616147.4169292{}0.0083,-0.0069,2.6433{}0.54{}7.95,18.1,0{}(13.0044594,77.68135199999999){}-0.03,-0.05{}5{}{}0.11,11.95,0.13,12.19,12.2{}{}-0.06,-6.54,-0.05,-6.54,-6.55{}{}-0.12,2.97,-0.1,1.8,1.85{}{}[]{}
Time,1677616147.5219984{}0.0083,-0.0069,2.6433{}0.54{}7.95,18.1,0{}(13.0044594,77.68135199999999){}-0.03,-0.05{}3{}{}0.12,11.88,0.13{}{}-0.05,-6.54,-0.05{}{}-0.11,3.26,-0.1{}{}[]{}
Time,1677616147.624032{}0.0083,-0.0069,2.6433{}0.54{}7.94,18.07,0{}(13.0044594,77.68135199999999){}-0.03,-0.04{}0{}{}{}{}{}{}{}{}[]{}
Time,1677616147.7283363{}0.0072,-0.0069,2.6432{}0.54{}7.94,18.07,0{}(13.0044589,77.68135219999999){}-0.03,-0.04{}2{}{}0.11,0.13{}{}-0.06,-0.05{}{}-0.12,-0.1{}{}[]{}
Time,1677616147.8357577{}0.0072,-0.0069,2.6432{}0.54{}7.93,18.04,0{}(13.0044589,77.68135219999999){}-0.03,-0.03{}3{}{}0.12,11.97,0.13{}{}-0.05,-6.54,-0.05{}{}-0.11,2.91,-0.1{}{}[]{}
Time,1677616147.9389277{}0.0072,-0.0069,2.6432{}0.54{}7.93,18.04,0{}(13.0044589,77.68135219999999){}-0.03,-0.03{}3{}{}0.12,11.95,0.13{}{}-0.05,-6.54,-0.05{}{}-0.11,2.97,-0.1{}{}[]{}
Time,1677616148.0416138{}0.0072,-0.0069,2.6432{}0.54{}7.91,18.01,0{}(13.0044589,77.68135219999999){}-0.02,-0.02{}3{}{}0.11,11.96,0.13{}{}-0.06,-6.54,-0.05{}{}-0.12,2.94,-0.1{}{}[]{}
Time,1677616148.145182{}0.0072,-0.0069,2.6432{}0.54{}7.91,18.01,0{}(13.0044589,77.68135219999999){}-0.02,-0.02{}4{}{}0.12,11.81,11.82,0.13{}{}-0.05,-6.54,-6.55,-0.05{}{}-0.11,3.48,3.53,-0.1{}{}[]{}
Time,1677616148.24608{}0.0072,-0.0069,2.6432{}0.54{}7.89,17.98,0{}(13.0044585,77.6813524){}-0.02,-0.01{}0{}{}{}{}{}{}{}{}[]{}
Time,1677616148.3469865{}0.0072,-0.0069,2.6432{}0.54{}7.89,17.98,0{}(13.0044585,77.6813524){}-0.02,-0.01{}0{}{}{}{}{}{}{}{}[]{}
Time,1677616148.4478512{}0.0072,-0.0069,2.6432{}0.54{}7.87,17.96,0{}(13.0044585,77.6813524){}-0.02,0.0{}0{}{}{}{}{}{}{}{}[]{}
Time,1677616148.5534225{}0.0072,-0.0069,2.6432{}0.54{}7.87,17.96,0{}(13.0044585,77.6813524){}-0.02,0.0{}0{}{}{}{}{}{}{}{}[]{}
Time,1677616148.656942{}0.0072,-0.0069,2.6432{}0.54{}7.86,17.94,0{}(13.0044585,77.6813524){}-0.02,0.0{}4{}{}0.12,11.96,0.13,11.76{}{}-0.05,-6.54,-0.05,-6.54{}{}-0.11,2.94,-0.1,3.65{}{}[]{}
Time,1677616148.7600133{}0.0063,-0.0072,2.6428{}0.54{}7.86,17.94,0{}(13.004457799999999,77.6813523){}-0.02,0.0{}3{}{}0.11,11.82,0.13{}{}-0.06,-6.54,-0.05{}{}-0.12,3.47,-0.1{}{}[]{}
Time,1677616148.863124{}0.0063,-0.0072,2.6428{}0.54{}7.84,17.91,0{}(13.004457799999999,77.6813523){}-0.02,0.0{}4{}{}0.11,11.97,0.13,12.11{}{}-0.06,-6.54,-0.05,-6.54{}{}-0.12,2.89,-0.1,2.24{}{}[]{}
Time,1677616148.964996{}0.0063,-0.0072,2.6428{}0.54{}7.84,17.91,0{}(13.004457799999999,77.6813523){}-0.02,0.0{}0{}{}{}{}{}{}{}{}[]{}
Time,1677616149.067108{}0.0063,-0.0072,2.6428{}0.54{}7.82,17.87,0{}(13.004457799999999,77.6813523){}-0.02,0.0{}0{}{}{}{}{}{}{}{}[]{}
Time,1677616149.169601{}0.0063,-0.0072,2.6428{}0.54{}7.82,17.87,0{}(13.004457799999999,77.6813523){}-0.02,0.0{}0{}{}{}{}{}{}{}{}[]{}
Time,1677616149.2725399{}0.0063,-0.0072,2.6428{}0.54{}7.79,17.85,0{}(13.0044575,77.6813524){}-0.02,0.0{}0{}{}{}{}{}{}{}{}[]{}
Time,1677616149.373657{}0.0063,-0.0072,2.6428{}0.54{}7.79,17.85,0{}(13.0044575,77.6813524){}-0.02,0.0{}0{}{}{}{}{}{}{}{}[]{}
Time,1677616149.4768481{}0.0063,-0.0072,2.6428{}0.54{}7.77,17.83,0{}(13.0044575,77.6813524){}-0.02,0.01{}3{}{}0.12,11.93,0.13{}{}-0.05,-6.54,-0.05{}{}-0.11,3.05,-0.1{}{}[]{}
Time,1677616149.5782123{}0.0063,-0.0072,2.6428{}0.54{}7.77,17.83,0{}(13.0044575,77.6813524){}-0.02,0.01{}0{}{}{}{}{}{}{}{}[]{}
Time,1677616149.6794255{}0.0063,-0.0072,2.6428{}0.54{}7.76,17.81,0{}(13.0044575,77.6813524){}-0.02,0.02{}0{}{}{}{}{}{}{}{}[]{}
Time,1677616149.782276{}0.0059,-0.0071,2.6428{}0.54{}7.74,17.8,0{}(13.004456999999999,77.6813523){}-0.02,0.03{}0{}{}{}{}{}{}{}{}[]{}
Time,1677616149.8866138{}0.0059,-0.0071,2.6428{}0.54{}7.74,17.8,0{}(13.004456999999999,77.6813523){}-0.02,0.03{}0{}{}{}{}{}{}{}{}[]{}
Time,1677616149.9911585{}0.0059,-0.0071,2.6428{}0.54{}7.72,17.78,0{}(13.004456999999999,77.6813523){}-0.02,0.03{}3{}{}0.12,11.93,0.13{}{}-0.05,-6.54,-0.05{}{}-0.11,3.08,-0.1{}{}[]{}
Time,1677616150.0951176{}0.0059,-0.0071,2.6428{}0.54{}7.72,17.78,0{}(13.004456999999999,77.6813523){}-0.02,0.03{}3{}{}0.11,11.95,0.13{}{}-0.06,-6.54,-0.05{}{}-0.12,3.0,-0.1{}{}[]{}
Time,1677616150.198183{}0.0059,-0.0071,2.6428{}0.54{}7.72,17.78,0{}(13.004456699999999,77.6813525){}-0.02,0.03{}2{}{}0.12,0.13{}{}-0.05,-0.05{}{}-0.11,-0.1{}{}[]{}
Time,1677616150.3006966{}0.0059,-0.0071,2.6428{}0.54{}7.7,17.75,0{}(13.004456699999999,77.6813525){}-0.02,0.03{}0{}{}{}{}{}{}{}{}[]{}
Time,1677616150.4019792{}0.0059,-0.0071,2.6428{}0.54{}7.68,17.73,0{}(13.004456699999999,77.6813525){}-0.02,0.03{}0{}{}{}{}{}{}{}{}[]{}
Time,1677616150.5032525{}0.0059,-0.0071,2.6428{}0.54{}7.68,17.73,0{}(13.004456699999999,77.6813525){}-0.02,0.03{}0{}{}{}{}{}{}{}{}[]{}
Time,1677616150.6066039{}0.0059,-0.0071,2.6428{}0.54{}7.66,17.71,0{}(13.004456699999999,77.6813525){}-0.02,0.03{}4{}{}0.11,11.94,0.13,12.14{}{}-0.06,-6.54,-0.05,-6.54{}{}-0.12,3.03,-0.1,2.06{}{}[]{}
Time,1677616150.71109{}0.0061,-0.0068,2.6427{}0.54{}7.66,17.71,0{}(13.004455799999999,77.6813509){}-0.02,0.03{}4{}{}0.12,11.99,0.13,12.15{}{}-0.05,-6.54,-0.05,-6.54{}{}-0.11,2.83,-0.1,2.02{}{}[]{}
Time,1677616150.8161566{}0.0061,-0.0068,2.6427{}0.54{}7.65,17.68,0{}(13.004455799999999,77.6813509){}-0.01,0.03{}6{}{}0.11,12.03,12.03,0.13,11.82,12.22{}{}-0.06,-6.52,-6.54,-0.05,-6.54,-6.54{}{}-0.12,2.56,2.63,-0.1,3.47,1.55{}{}[]{}
Time,1677616150.919186{}0.0061,-0.0068,2.6427{}0.54{}7.65,17.68,0{}(13.004455799999999,77.6813509){}-0.01,0.03{}2{}{}0.11,0.13{}{}-0.06,-0.05{}{}-0.12,-0.1{}{}[]{}
Time,1677616151.0236077{}0.0061,-0.0068,2.6427{}0.54{}7.65,17.65,0{}(13.004455799999999,77.6813509){}0.0,0.03{}2{}{}0.11,0.13{}{}-0.06,-0.05{}{}-0.12,-0.1{}{}[]{}
Time,1677616151.1283612{}0.0061,-0.0068,2.6427{}0.54{}7.65,17.65,0{}(13.004455799999999,77.6813509){}0.0,0.03{}3{}{}0.12,11.98,0.13{}{}-0.05,-6.54,-0.05{}{}-0.11,2.87,-0.1{}{}[]{}
Time,1677616151.2317863{}0.0061,-0.0068,2.6427{}0.54{}7.63,17.62,0{}(13.0044554,77.68134959999999){}0.0,0.03{}3{}{}0.12,12.02,0.13{}{}-0.05,-6.54,-0.05{}{}-0.11,2.7,-0.1{}{}[]{}
Time,1677616151.3365328{}0.0061,-0.0068,2.6427{}0.54{}7.63,17.62,0{}(13.0044554,77.68134959999999){}0.0,0.03{}7{}{}0.11,11.98,11.93,11.91,0.13,11.6,12.36{}{}-0.06,-6.52,-6.54,-6.55,-0.05,-6.55,-6.1{}{}-0.12,2.78,3.07,3.23,-0.1,4.21,2.11{}{}[]{}
Time,1677616151.439634{}0.0061,-0.0068,2.6427{}0.54{}7.61,17.58,0{}(13.0044554,77.68134959999999){}0.0,0.02{}2{}{}0.11,0.13{}{}-0.06,-0.05{}{}-0.12,-0.1{}{}[]{}
Time,1677616151.5443087{}0.0061,-0.0068,2.6427{}0.54{}7.61,17.58,0{}(13.0044554,77.68134959999999){}0.0,0.02{}2{}{}0.11,0.13{}{}-0.06,-0.05{}{}-0.12,-0.1{}{}[]{}
Time,1677616151.651485{}0.0061,-0.0068,2.6427{}0.54{}7.59,17.52,0{}(13.0044554,77.68134959999999){}0.0,0.01{}5{}{}0.12,0.13,13.93,13.95,13.96{}{}-0.05,-0.05,6.86,6.87,6.88{}{}-0.11,-0.1,2.14,2.15,2.26{}{}[]{}
Time,1677616151.7569392{}0.0071,-0.0058,2.643{}0.54{}7.59,17.52,0{}(13.004455,77.6813502){}0.0,0.01{}0{}{}{}{}{}{}{}{}[]{}
Time,1677616151.8596027{}0.0071,-0.0058,2.643{}0.54{}7.56,17.46,0{}(13.004455,77.6813502){}0.0,0.0{}0{}{}{}{}{}{}{}{}[]{}
Time,1677616151.9641664{}0.0071,-0.0058,2.643{}0.54{}7.56,17.46,0{}(13.004455,77.6813502){}0.0,0.0{}5{}{}0.11,0.13,13.75,14.01,14.05{}{}-0.06,-0.05,6.74,6.27,6.28{}{}-0.12,-0.1,1.74,1.65,1.48{}{}[]{}
Time,1677616152.0686336{}0.0071,-0.0058,2.643{}0.54{}7.54,17.41,0{}(13.004455,77.6813502){}0.0,-0.01{}4{}{}0.11,11.95,0.13,11.78{}{}-0.06,-6.54,-0.05,-6.54{}{}-0.12,2.99,-0.1,3.61{}{}[]{}
Time,1677616152.1702707{}0.0071,-0.0058,2.643{}0.54{}7.54,17.41,0{}(13.004455,77.6813502){}0.0,-0.01{}0{}{}{}{}{}{}{}{}[]{}
Time,1677616152.2719698{}0.0071,-0.0058,2.643{}0.54{}7.51,17.37,0{}(13.004454599999999,77.6813504){}-0.02,-0.01{}0{}{}{}{}{}{}{}{}[]{}
Time,1677616152.3745618{}0.0071,-0.0058,2.643{}0.54{}7.51,17.37,0{}(13.004454599999999,77.6813504){}-0.02,-0.01{}0{}{}{}{}{}{}{}{}[]{}
Time,1677616152.476328{}0.0071,-0.0058,2.643{}0.54{}7.49,17.34,0{}(13.004454599999999,77.6813504){}0.0,-0.02{}0{}{}{}{}{}{}{}{}[]{}
Time,1677616152.5834138{}0.0071,-0.0058,2.643{}0.54{}7.49,17.34,0{}(13.004454599999999,77.6813504){}0.0,-0.02{}0{}{}{}{}{}{}{}{}[]{}
Time,1677616152.6927733{}0.0071,-0.0058,2.643{}0.54{}7.46,17.32,0{}(13.004454599999999,77.6813504){}0.0,-0.02{}8{}{}0.11,12.06,0.13,13.39,13.25,13.3,13.33,12.21{}{}-0.06,-6.52,-0.05,6.0,6.47,6.48,6.5,-6.54{}{}-0.12,2.37,-0.1,1.7,1.22,0.92,0.66,1.61{}{}[]{}
Time,1677616152.8016822{}0.0105,-0.0064,2.6458{}0.5{}7.45,17.3,0{}(13.0044542,77.68135079999999){}0.03,-0.02{}0{}{}{}{}{}{}{}{}[]{}
Time,1677616152.903331{}0.0105,-0.0064,2.6458{}0.5{}7.45,17.3,0{}(13.0044542,77.68135079999999){}0.03,-0.02{}0{}{}{}{}{}{}{}{}[]{}
Time,1677616153.0061269{}0.0105,-0.0064,2.6458{}0.5{}7.43,17.28,0{}(13.0044542,77.68135079999999){}0.02,-0.01{}0{}{}{}{}{}{}{}{}[]{}
Time,1677616153.109601{}0.0105,-0.0064,2.6458{}0.5{}7.43,17.28,0{}(13.0044542,77.68135079999999){}0.02,-0.01{}2{}{}0.11,0.13{}{}-0.06,-0.05{}{}-0.12,-0.1{}{}[]{}
Time,1677616153.2130585{}0.0105,-0.0064,2.6458{}0.37{}7.42,17.28,0{}(13.0044539,77.6813516){}0.0,0.01{}2{}{}0.11,0.13{}{}-0.06,-0.05{}{}-0.12,-0.1{}{}[]{}
Time,1677616153.318565{}0.0105,-0.0064,2.6458{}0.37{}7.42,17.28,0{}(13.0044539,77.6813516){}0.0,0.01{}8{}{}0.12,9.25,9.2,9.41,0.13,0.57,9.44,9.64{}{}-0.05,-5.27,-5.28,-4.94,-0.05,0.24,-5.27,-4.93{}{}-0.11,3.6,3.77,3.8,-0.1,-0.15,3.07,3.08{}{}[]{}
Time,1677616153.4284296{}0.0105,-0.0064,2.6458{}0.37{}7.39,17.27,0{}(13.0044539,77.6813516){}-0.02,0.04{}11{}{}0.12,9.12,0.13,0.44,0.44,0.43,0.44,0.41,9.4,9.31,9.38{}{}-0.05,-0.57,-0.05,0.03,-0.18,-0.18,0.03,-0.21,-4.91,-5.28,-5.29{}{}-0.11,-0.58,-0.1,-0.26,-0.2,-0.26,-0.3,-0.32,3.71,3.51,3.37{}{}[]{}
Time,1677616153.5323067{}0.0105,-0.0064,2.6458{}0.37{}7.39,17.27,0{}(13.0044539,77.6813516){}-0.02,0.04{}0{}{}{}{}{}{}{}{}[]{}
Time,1677616153.6442587{}0.0105,-0.0064,2.6458{}0.37{}7.37,17.27,0{}(13.0044539,77.6813516){}-0.07,0.05{}30{}{}0.11,9.47,9.47,12.0,12.05,12.05,0.13,0.49,0.42,0.46,0.61,0.66,0.46,0.54,0.43,0.63,12.51,12.35,12.42,9.45,9.42,11.99,12.02,12.09,12.11,12.28,11.93,12.3,11.93,12.3{}{}-0.06,-5.06,-5.07,-6.07,-6.08,-6.09,-0.05,-0.19,-0.21,0.24,0.24,0.23,-0.24,0.21,-0.24,0.22,5.65,6.1,6.11,-4.89,-4.9,-5.04,-5.05,-5.05,-6.08,5.64,-6.52,5.65,-6.54,5.66{}{}-0.12,1.06,1.25,3.39,3.31,3.37,-0.1,-0.4,-0.5,-0.44,-0.27,-0.22,-0.45,-0.37,-0.51,-0.24,2.31,2.14,1.87,3.45,3.58,3.34,3.32,3.18,3.07,3.22,2.97,3.23,3.05,3.32{}{}[]{}
Time,1677616153.7506115{}0.0619,-0.0868,2.6293{}0.66{}7.37,17.27,0{}(13.004452599999999,77.6813492){}-0.07,0.05{}13{}{}0.11,8.2,12.09,12.39,12.39,0.13,0.74,7.93,8.39,12.3,12.17,12.01,12.59{}{}-0.06,-0.29,-6.07,-5.64,-5.65,-0.05,0.22,-0.29,-0.29,-6.07,5.2,-6.51,-5.65{}{}-0.12,4.02,3.06,2.77,2.88,-0.1,-0.13,4.53,3.6,2.09,4.15,2.51,1.78{}{}[]{}
Time,1677616153.8606503{}0.0619,-0.0868,2.6293{}0.66{}7.32,17.27,0{}(13.004452599999999,77.6813492){}-0.1,0.06{}21{}{}0.12,9.2,12.07,12.13,12.4,12.44,13.68,13.72,0.13,0.33,0.54,0.55,9.05,11.98,12.03,13.43,13.45,12.27,12.55,14.0,13.86{}{}-0.05,-5.05,-6.06,-6.07,-5.64,-5.65,-5.1,-5.11,-0.05,-0.1,-0.18,0.18,-5.05,-6.07,-6.08,-5.1,-5.11,-6.07,-5.64,-4.64,-5.11{}{}-0.11,2.43,3.04,2.9,2.72,2.64,2.71,2.61,-0.1,-0.73,-0.61,0.6,2.93,3.47,3.37,3.76,3.77,2.25,1.91,1.74,1.7{}{}[]{}
Time,1677616153.9736323{}0.0619,-0.0868,2.6293{}0.66{}7.32,17.27,0{}(13.004452599999999,77.6813492){}-0.1,0.06{}25{}{}0.12,11.46,11.49,13.44,13.46,13.49,13.51,13.53,0.13,13.2,13.28,13.29,13.49,13.49,12.22,12.28,12.35,9.55,11.7,11.75,13.77,13.79,13.8,13.82,13.84{}{}-0.05,-5.43,-5.44,-5.54,-5.55,-5.56,-5.57,-5.58,-0.05,-5.54,-5.55,-5.56,-5.1,-5.11,5.11,5.12,5.13,-5.22,-5.43,-5.44,-5.08,-5.09,-5.1,-5.1,-5.11{}{}-0.11,4.2,4.19,2.65,2.65,2.61,2.63,2.66,-0.1,3.66,3.43,3.48,3.51,3.63,3.21,3.07,2.87,2.37,3.49,3.39,1.68,1.75,1.8,1.84,1.86{}{}[]{}
Time,1677616154.0760021{}0.0619,-0.0868,2.6293{}0.66{}7.28,17.27,0{}(13.004452599999999,77.6813492){}-0.12,0.08{}0{}{}{}{}{}{}{}{}[]{}
Time,1677616154.178146{}0.0619,-0.0868,2.6293{}0.66{}7.28,17.27,0{}(13.004452599999999,77.6813492){}-0.12,0.08{}0{}{}{}{}{}{}{}{}[]{}
Time,1677616154.2876656{}0.0619,-0.0868,2.6293{}0.91{}7.24,17.3,0{}(13.0044518,77.68134979999999){}-0.09,0.12{}7{}{}0.12,0.96,0.77,8.27,0.13,12.53,12.56{}{}-0.05,-0.13,-0.36,-1.42,-0.05,3.74,3.75{}{}-0.11,-0.33,-0.62,3.53,-0.1,2.47,2.43{}{}[]{}
Time,1677616154.388978{}0.0619,-0.0868,2.6293{}0.91{}7.21,17.35,0{}(13.0044518,77.68134979999999){}-0.06,0.19{}0{}{}{}{}{}{}{}{}[]{}
Time,1677616154.491023{}0.0619,-0.0868,2.6293{}0.91{}7.21,17.35,0{}(13.0044518,77.68134979999999){}-0.06,0.19{}0{}{}{}{}{}{}{}{}[]{}
Time,1677616154.5979612{}0.0619,-0.0868,2.6293{}0.91{}7.19,17.37,0{}(13.0044518,77.68134979999999){}-0.06,0.15{}13{}{}0.11,13.14,13.14,13.34,13.34,0.13,13.15,13.11,13.1,13.49,13.5,13.52,13.54{}{}-0.06,-5.97,-5.98,-5.53,-5.54,-0.05,-5.52,-5.53,-5.54,-5.51,-5.52,-5.53,-5.54{}{}-0.12,2.8,2.88,3.01,3.11,-0.1,3.64,3.87,4.01,1.9,1.99,2.07,2.09{}{}[]{}
Time,1677616154.7023911{}-0.0052,-0.0659,2.6466{}1.01{}7.19,17.37,0{}(13.00445,77.6813485){}-0.06,0.15{}7{}{}0.11,4.95,8.93,0.13,8.42,3.07,8.84{}{}-0.06,-0.56,-0.56,-0.05,-0.84,-0.56,-0.56{}{}-0.12,-7.51,-1.23,-0.1,-3.09,-8.45,-1.77{}{}[]{}
Time,1677616154.806852{}-0.0052,-0.0659,2.6466{}1.01{}7.16,17.38,0{}(13.00445,77.6813485){}-0.15,0.06{}8{}{}0.11,8.86,8.93,0.13,12.13,12.01,12.16,8.92{}{}-0.06,-0.84,-0.85,-0.05,3.99,4.4,4.01,-0.84{}{}-0.12,1.39,1.08,-0.1,0.17,0.39,0.64,0.96{}{}[]{}
Time,1677616154.9080298{}-0.0052,-0.0659,2.6466{}1.01{}7.16,17.38,0{}(13.00445,77.6813485){}-0.15,0.06{}0{}{}{}{}{}{}{}{}[]{}
Time,1677616155.0090857{}-0.0052,-0.0659,2.6466{}1.01{}7.1,17.36,0{}(13.00445,77.6813485){}-0.28,-0.01{}0{}{}{}{}{}{}{}{}[]{}
Time,1677616155.1102793{}-0.0052,-0.0659,2.6466{}1.01{}7.1,17.36,0{}(13.00445,77.6813485){}-0.28,-0.01{}0{}{}{}{}{}{}{}{}[]{}
Time,1677616155.2221725{}-0.0052,-0.0659,2.6466{}1.09{}7.03,17.33,0{}(13.0044496,77.6813497){}-0.29,-0.11{}29{}{}0.11,7.67,8.37,9.3,9.28,9.46,9.48,12.35,13.51,13.4,13.47,13.48,13.54,0.13,9.2,9.16,9.14,9.12,13.15,13.24,13.19,13.18,8.3,9.36,9.54,9.57,13.72,13.68,13.84{}{}-0.06,-0.28,-0.28,-4.97,-4.98,-4.66,-4.67,-4.84,-4.58,-5.04,-4.65,-4.66,-4.67,-0.05,-4.97,-4.98,-4.99,-5.0,-5.04,-4.65,-4.66,-4.67,-0.28,-4.98,-4.66,-4.67,-4.59,-4.65,-4.2{}{}-0.12,4.57,3.2,1.09,1.36,1.44,1.48,4.75,3.33,3.2,4.32,4.37,4.27,-0.1,1.76,2.04,2.22,2.37,4.12,4.98,5.18,5.27,3.3,0.64,0.77,0.76,2.48,3.61,3.66{}{}[]{}
Time,1677616155.3371542{}-0.0052,-0.0659,2.6466{}1.09{}7.03,17.33,0{}(13.0044496,77.6813497){}-0.29,-0.11{}30{}{}0.11,8.91,8.96,9.39,9.19,11.78,11.64,11.64,11.62,13.9,13.76,13.75,13.72,13.23,13.29,0.13,8.96,8.9,11.3,11.3,11.31,13.58,13.61,13.6,8.92,8.96,9.4,13.85,14.0,14.01{}{}-0.06,-0.28,-0.28,-4.42,-4.78,-4.52,-4.94,-4.94,-4.95,-4.11,-4.58,-4.59,-4.59,-4.65,-4.65,-0.05,-0.28,-4.78,-4.93,-4.94,-4.94,-4.57,-4.58,-4.59,-0.28,-0.28,-4.78,-4.57,-4.12,-4.13{}{}-0.12,-0.6,0.02,3.31,3.46,3.66,3.64,3.73,3.85,1.98,2.09,2.3,2.6,4.96,4.85,-0.1,-0.18,4.14,4.54,4.6,4.64,2.93,2.9,3.05,-0.57,-0.18,2.81,1.14,1.27,1.4{}{}[]{}
Time,1677616155.4496872{}-0.0052,-0.0659,2.6466{}1.09{}6.96,17.27,0{}(13.0044496,77.6813497){}-0.24,-0.22{}21{}{}0.11,8.3,8.8,12.57,13.8,13.8,13.8,13.8,13.95,0.13,8.11,13.68,13.66,13.5,13.62,8.26,8.77,8.93,8.98,13.88,13.9{}{}-0.06,-0.28,-0.56,-4.83,-4.56,-4.56,-4.57,-4.58,-4.13,-0.05,-0.28,-4.56,-4.57,-5.04,-4.59,-0.28,-0.28,-0.28,-0.28,-4.57,-4.58{}{}-0.12,3.36,1.72,4.04,1.2,1.41,1.61,1.79,1.97,-0.1,3.85,2.31,2.55,2.66,2.95,3.4,1.81,0.96,0.75,0.67,0.79{}{}[]{}
Time,1677616155.559585{}-0.0052,-0.0659,2.6466{}1.09{}6.96,17.27,0{}(13.0044496,77.6813497){}-0.24,-0.22{}20{}{}0.11,8.7,9.36,9.39,13.68,13.7,13.7,13.7,0.13,9.27,9.29,9.31,9.33,13.6,13.6,13.43,13.41,11.2,11.23,8.83{}{}-0.06,-1.13,-4.98,-4.99,-5.02,-5.03,-5.04,-5.04,-0.05,-4.97,-4.98,-4.99,-5.0,-5.02,-5.03,-5.49,-5.5,3.72,3.72,-1.12{}{}-0.12,2.05,0.6,0.59,0.88,1.01,1.27,1.52,-0.1,1.31,1.33,1.34,1.32,1.72,1.95,2.06,2.3,1.51,1.4,1.22{}{}[]{}
Time,1677616155.665974{}-0.0052,-0.0659,2.6466{}1.09{}6.9,17.18,0{}(13.0044496,77.6813497){}-0.16,-0.36{}12{}{}0.12,0.13,0.77,1.2,12.7,11.95,11.99,13.32,13.33,13.35,11.42,11.44{}{}-0.05,-0.05,0.0,-0.35,-4.28,-6.16,-6.17,-5.94,-5.95,-5.96,2.95,2.95{}{}-0.11,-0.1,-1.19,-0.67,-2.83,4.21,4.17,1.08,1.24,1.29,-0.14,-0.11{}{}[]{}
Time,1677616155.7729795{}-0.0163,-0.0335,2.8834{}1.09{}6.9,17.18,0{}(13.0044472,77.6813458){}-0.16,-0.36{}10{}{}0.11,13.98,13.98,0.13,11.81,12.9,12.91,12.93,12.94,14.0{}{}-0.06,7.44,7.45,-0.05,-6.63,-6.87,-6.88,-6.89,-6.9,7.43{}{}-0.12,1.0,1.32,-0.1,4.06,1.07,1.16,1.23,1.35,-0.2{}{}[]{}
Time,1677616155.875444{}-0.0163,-0.0335,2.8834{}1.09{}6.85,17.11,0{}(13.0044472,77.6813458){}-0.12,-0.42{}0{}{}{}{}{}{}{}{}[]{}
Time,1677616155.9766998{}-0.0163,-0.0335,2.8834{}1.09{}6.85,17.11,0{}(13.0044472,77.6813458){}0.05,-0.38{}0{}{}{}{}{}{}{}{}[]{}
Time,1677616156.0806286{}-0.0163,-0.0335,2.8834{}1.09{}6.81,17.03,0{}(13.0044472,77.6813458){}0.05,-0.38{}0{}{}{}{}{}{}{}{}[]{}
Time,1677616156.1917176{}-0.0163,-0.0335,2.8834{}1.09{}6.81,17.03,0{}(13.0044472,77.6813458){}0.05,-0.38{}12{}{}0.12,11.0,11.02,11.04,15.61,0.13,15.46,15.44,15.45,11.09,11.11,11.01{}{}-0.05,3.26,3.26,3.27,-0.99,-0.05,-0.99,-0.99,-0.99,3.26,3.26,3.63{}{}-0.11,1.52,1.58,1.6,2.4,-0.1,3.12,3.32,3.37,0.69,0.73,0.86{}{}[]{}
Time,1677616156.2962866{}-0.0163,-0.0335,2.8834{}1.09{}6.8,16.95,0{}(13.0044466,77.6813451){}0.27,-0.26{}0{}{}{}{}{}{}{}{}[]{}
Time,1677616156.3988786{}-0.0163,-0.0335,2.8834{}1.09{}6.84,16.89,0{}(13.0044466,77.6813451){}0.39,-0.12{}0{}{}{}{}{}{}{}{}[]{}
Time,1677616156.5247273{}-0.0163,-0.0335,2.8834{}1.09{}6.84,16.89,0{}(13.0044466,77.6813451){}0.39,-0.12{}64{}{}0.12,8.43,8.45,13.33,13.39,14.7,14.5,14.49,14.51,14.54,15.4,15.42,15.43,15.44,15.71,15.97,16.21,16.25,16.28,18.79,18.82,18.82,19.33,19.35,0.13,8.41,8.43,10.84,10.85,10.86,15.4,15.43,15.71,16.02,16.08,16.13,16.17,18.66,18.67,18.67,15.57,15.59,15.62,15.87,16.1,7.27,7.17,13.68,15.12,14.51,14.49,14.7,14.69,15.52,15.54,15.56,15.58,15.83,16.07,16.1,16.32,16.35,18.84,18.87{}{}-0.05,1.07,0.8,4.07,4.07,0.48,6.73,6.74,6.75,6.76,6.91,6.92,6.93,6.94,6.42,5.89,5.36,5.37,5.38,-0.59,-0.59,0.0,-1.82,-1.82,-0.05,1.07,0.8,-3.63,-3.64,-3.65,6.4,6.41,5.88,5.36,5.36,5.37,5.38,-0.59,-0.59,-0.59,6.92,6.93,6.94,6.42,5.89,3.55,3.81,4.07,4.44,7.24,7.25,6.75,6.76,6.91,6.92,6.93,6.94,6.42,5.89,5.9,5.37,5.38,0.0,0.0{}{}-0.11,0.62,0.97,3.84,3.72,4.85,4.33,4.42,4.43,4.42,2.18,2.21,2.29,2.37,2.27,1.99,1.76,1.63,1.49,1.36,1.38,1.73,-0.17,-0.47,-0.1,0.89,1.19,2.09,2.16,2.23,3.64,3.61,3.4,2.93,2.74,2.58,2.47,2.59,2.69,2.86,-0.29,-0.31,-0.31,-0.26,-0.26,-0.49,-0.43,2.42,1.06,3.34,3.52,3.74,3.89,0.92,0.98,1.05,1.13,1.1,0.91,0.76,0.6,0.44,0.63,0.43{}{}[]{}
Time,1677616156.6293147{}-0.0163,-0.0335,2.8834{}1.09{}6.9,16.84,0{}(13.0044466,77.6813451){}0.32,0.12{}0{}{}{}{}{}{}{}{}[]{}
Time,1677616156.7460463{}-0.1028,-0.009,4.7142{}1.09{}6.9,16.84,0{}(13.004448499999999,77.681342){}0.32,0.12{}0{}{}{}{}{}{}{}{}[]{}
Time,1677616156.865719{}-0.1028,-0.009,4.7142{}1.09{}6.95,16.83,0{}(13.004448499999999,77.681342){}0.11,0.39{}59{}{}0.11,7.56,7.59,7.6,7.62,7.62,7.62,12.67,12.68,12.71,15.0,14.96,14.94,14.94,15.41,15.68,15.91,15.91,16.21,16.11,0.13,5.16,5.09,7.55,7.54,7.55,7.56,7.57,7.56,12.49,12.61,14.75,14.66,14.61,14.58,14.55,14.94,15.29,15.57,15.59,15.73,15.76,7.51,7.47,7.36,7.37,7.47,7.48,7.48,14.1,14.2,14.21,14.84,15.16,15.4,15.46,15.2,7.6,7.64{}{}-0.06,-2.77,-2.78,-2.79,-2.8,-2.8,-2.81,-6.82,-6.83,-6.84,-5.69,-5.7,-5.71,-5.72,-7.51,-6.98,-6.46,-6.46,-5.39,-5.4,-0.05,-2.59,-2.8,-2.77,-2.78,-2.79,-2.8,-2.8,-2.81,-6.81,-6.86,-5.68,-5.69,-5.7,-5.71,-5.72,-8.04,-7.51,-6.98,-6.99,-6.46,-5.4,-2.76,-2.77,-3.03,-3.04,-2.8,-2.8,-2.81,-6.21,-5.7,-5.71,-8.05,-7.52,-6.99,-6.46,-5.93,-2.79,-2.8{}{}-0.12,-0.31,0.21,0.41,0.55,0.73,1.0,2.21,2.24,2.17,4.09,4.31,4.48,4.55,0.9,0.91,1.2,1.5,2.33,3.05,-0.1,2.7,2.68,0.48,0.84,0.98,1.07,1.19,1.38,2.96,2.81,4.84,5.17,5.38,5.54,5.67,2.49,2.1,2.08,2.12,2.81,4.54,0.76,1.19,1.41,1.49,1.57,1.65,1.75,6.07,6.39,6.43,3.11,3.0,3.22,4.05,5.63,-0.4,-0.03{}{}[]{}
Time,1677616156.9696455{}-0.1028,-0.009,4.7142{}1.09{}6.95,16.83,0{}(13.004448499999999,77.681342){}0.11,0.39{}5{}{}0.11,0.13,15.02,14.91,14.71{}{}-0.06,-0.05,-8.21,-8.22,-8.22{}{}-0.12,-0.1,3.7,4.19,4.85{}{}[]{}
Time,1677616157.070953{}-0.1028,-0.009,4.7142{}1.09{}6.97,16.83,0{}(13.004448499999999,77.681342){}-0.16,0.48{}0{}{}{}{}{}{}{}{}[]{}
Time,1677616157.1730702{}-0.1028,-0.009,4.7142{}1.09{}6.97,16.83,0{}(13.004448499999999,77.681342){}-0.16,0.48{}0{}{}{}{}{}{}{}{}[]{}
Time,1677616157.2743328{}-0.1028,-0.009,4.7142{}1.09{}6.96,16.83,0{}(13.0044507,77.68134169999999){}-0.41,0.4{}0{}{}{}{}{}{}{}{}[]{}
Time,1677616157.375351{}-0.1028,-0.009,4.7142{}1.09{}6.93,16.82,0{}(13.0044507,77.68134169999999){}-0.55,0.28{}0{}{}{}{}{}{}{}{}[]{}
Time,1677616157.483239{}-0.1028,-0.009,4.7142{}1.09{}6.93,16.82,0{}(13.0044507,77.68134169999999){}-0.55,0.28{}19{}{}0.11,1.1,0.67,1.11,0.72,0.75,0.79,0.77,2.15,4.38,4.42,4.45,4.48,4.5,0.13,4.43,4.46,4.48,4.5{}{}-0.06,-0.42,0.39,-0.39,0.4,0.4,0.37,0.38,1.02,2.15,2.16,2.17,2.18,2.19,-0.05,2.16,2.17,2.18,2.19{}{}-0.12,0.31,-0.97,0.41,-0.97,-0.97,-0.99,-1.03,-2.25,0.51,0.41,0.19,0.03,0.0,-0.1,0.26,0.05,-0.1,-0.18{}{}[]{}
Time,1677616157.5845027{}-0.1028,-0.009,4.7142{}1.09{}6.93,16.82,0{}(13.0044507,77.68134169999999){}-0.55,0.28{}0{}{}{}{}{}{}{}{}[]{}
Time,1677616157.6946244{}-0.1028,-0.009,4.7142{}1.09{}6.89,16.85,0{}(13.004451999999999,77.6813451){}-0.54,0.24{}0{}{}{}{}{}{}{}{}[]{}
Time,1677616157.8137991{}-0.1322,-0.0764,0.1882{}1.08{}6.85,16.9,0{}(13.004451999999999,77.6813451){}-0.42,0.02{}71{}{}0.11,0.92,0.92,0.93,0.92,0.92,0.96,0.96,2.66,2.67,2.71,2.78,2.84,2.18,2.88,2.9,2.93,2.87,2.79,2.79,2.86,2.95,2.57,13.61,13.62,13.64,13.65,0.13,0.97,0.98,0.98,0.97,0.99,1.0,2.59,2.65,2.67,2.76,2.84,2.06,2.9,2.86,2.85,2.78,2.71,2.71,2.76,2.86,13.35,13.36,13.41,13.42,17.54,0.83,0.88,0.93,0.97,2.67,2.7,2.74,2.78,2.83,2.29,2.94,2.96,2.96,2.92,2.88,2.88,2.95,2.47{}{}-0.06,-0.17,-0.14,-0.14,-0.07,0.0,0.04,0.0,0.71,0.8,0.81,0.73,0.73,0.83,0.89,0.89,0.8,0.81,0.91,0.92,0.82,0.83,-0.42,0.0,0.0,0.0,-0.44,-0.05,-0.17,-0.14,-0.07,-0.04,0.0,0.0,0.8,0.71,0.81,0.73,0.73,0.83,-0.28,0.79,0.8,0.81,0.81,0.82,0.82,0.83,-0.43,-0.44,-0.44,-0.44,-3.39,0.0,0.04,0.04,0.08,0.8,0.8,0.81,0.82,0.73,0.83,0.89,0.89,0.9,0.91,0.91,0.92,0.82,-0.41{}{}-0.12,-0.52,-0.58,-0.61,-0.69,-0.73,-0.71,-0.75,0.68,0.62,0.54,0.41,-0.06,-1.81,0.93,0.93,1.01,1.22,1.4,1.44,1.41,1.29,-2.06,2.9,3.0,2.99,3.05,-0.1,-0.49,-0.53,-0.6,-0.65,-0.67,-0.7,0.81,0.8,0.71,0.56,0.04,-1.95,0.51,1.14,1.2,1.43,1.6,1.64,1.6,1.48,3.92,3.96,3.88,3.92,2.9,-0.79,-0.78,-0.75,-0.74,0.5,0.46,0.38,0.23,-0.16,-1.67,0.72,0.72,0.8,1.02,1.2,1.24,1.21,-2.14{}{}[]{}
Time,1677616157.9169753{}-0.1322,-0.0764,0.1882{}1.08{}6.85,16.9,0{}(13.004451999999999,77.6813451){}-0.42,0.02{}0{}{}{}{}{}{}{}{}[]{}
Time,1677616158.0312471{}-0.1322,-0.0764,0.1882{}1.08{}6.82,16.91,0{}(13.004451999999999,77.6813451){}-0.26,-0.25{}44{}{}0.12,0.92,0.89,2.65,2.71,2.75,2.78,2.78,2.52,2.83,2.95,3.04,3.13,4.48,4.43,13.02,13.02,16.34,16.34,0.13,2.55,2.63,2.68,2.71,2.69,2.43,2.74,2.87,2.97,3.08,4.63,4.71,4.67,2.72,2.77,2.8,2.83,2.84,2.6,2.91,3.02,3.1,3.17,4.16{}{}-0.05,0.49,-0.49,0.0,0.0,-0.09,-0.09,-0.09,-0.2,-0.2,-0.2,-0.2,-0.3,2.39,2.24,-3.07,-3.07,-7.52,-7.53,-0.05,0.0,0.0,0.0,0.0,-0.09,-0.3,-0.2,-0.2,-0.2,-0.41,2.25,2.1,2.11,0.0,0.0,0.0,0.0,0.0,-0.2,-0.2,-0.2,-0.2,-0.2,2.39{}{}-0.11,0.09,0.25,1.0,0.92,0.87,0.85,0.93,1.88,1.42,1.21,1.05,0.81,-0.51,-1.28,4.2,4.27,4.36,4.44,-0.1,1.23,1.12,1.06,1.04,1.15,1.98,1.59,1.4,1.24,0.95,-0.17,-0.42,-0.91,0.78,0.71,0.67,0.65,0.74,1.77,1.25,1.03,0.86,0.67,-1.73{}{}[]{}
Time,1677616158.1330345{}-0.1322,-0.0764,0.1882{}1.08{}6.82,16.91,0{}(13.004451999999999,77.6813451){}-0.26,-0.25{}0{}{}{}{}{}{}{}{}[]{}
Time,1677616158.2465475{}-0.1322,-0.0764,0.1882{}1.08{}6.83,16.87,0{}(13.004451399999999,77.6813463){}-0.06,-0.39{}59{}{}0.11,0.89,0.82,0.81,0.95,2.61,2.63,2.65,2.67,2.7,2.73,2.77,2.86,2.98,2.89,3.5,11.0,11.04,11.2,11.1,11.13,11.28,0.13,2.53,2.54,2.57,2.59,2.62,2.65,2.69,2.8,10.69,10.79,10.82,10.86,10.9,2.74,2.77,2.79,2.82,2.85,2.88,3.61,2.67,2.69,2.72,2.74,2.76,2.79,2.83,2.9,3.05,3.01,11.24,11.39,11.27,11.3,11.43,11.38{}{}-0.06,0.4,-0.32,-0.33,-0.34,-0.18,-0.18,-0.18,-0.18,-0.18,-0.18,-0.18,-0.19,-0.3,-0.31,1.89,-4.24,-4.25,-3.87,-4.26,-4.27,-3.89,-0.05,-0.18,-0.27,-0.18,-0.27,-0.18,-0.18,-0.28,-0.19,-4.24,-4.25,-4.26,-4.26,-4.27,-0.18,-0.18,-0.18,-0.18,-0.18,-0.18,2.04,-0.18,-0.18,-0.18,-0.18,-0.18,-0.18,-0.18,-0.19,-0.3,-0.31,-4.24,-3.86,-4.26,-4.26,-3.88,-3.89{}{}-0.12,0.45,-0.73,-0.78,-0.65,1.02,1.04,1.05,1.06,1.06,1.05,1.0,0.83,1.05,1.5,3.08,3.62,3.58,3.58,3.54,3.52,3.57,-0.09,1.2,1.22,1.24,1.24,1.25,1.24,1.2,1.01,4.46,4.26,4.25,4.22,4.16,0.7,0.68,0.69,0.68,0.67,0.62,2.85,0.85,0.86,0.87,0.88,0.88,0.86,0.81,0.64,0.83,1.24,2.78,2.83,2.85,2.84,2.94,3.24{}{}[]{}
Time,1677616158.363714{}-0.1322,-0.0764,0.1882{}1.08{}6.83,16.87,0{}(13.004451399999999,77.6813463){}-0.06,-0.39{}74{}{}0.11,0.84,2.57,2.57,2.6,2.62,2.65,2.66,2.68,2.77,2.8,2.86,5.18,5.24,10.92,11.09,10.98,11.16,11.21,11.25,15.59,15.64,15.67,0.13,2.49,2.06,2.49,2.51,2.53,2.55,2.56,2.57,2.66,2.65,2.75,5.1,10.61,10.67,10.7,10.74,10.79,10.96,2.72,2.75,2.77,2.8,2.82,2.85,2.92,3.02,5.38,5.4,0.92,2.66,2.66,2.67,2.7,2.72,2.74,2.76,2.85,2.88,2.94,2.99,5.29,5.34,11.17,11.32,11.35,11.37,11.41,11.47,15.84,15.88{}{}-0.06,-0.36,-0.18,-0.18,-0.18,-0.18,-0.18,-0.18,-0.18,-0.09,-0.3,-0.4,2.0,2.01,-4.23,-3.85,-4.25,-3.87,-3.88,-3.88,-8.68,-8.69,-8.7,-0.05,-0.18,-1.14,-0.18,-0.18,-0.18,-0.18,-0.18,-0.18,-0.19,-0.39,-0.4,2.01,-4.23,-4.24,-4.25,-4.26,-4.26,-3.88,-0.09,-0.09,-0.09,-0.09,-0.09,-0.09,-0.3,-0.3,2.0,2.01,-0.36,-0.09,-0.09,-0.18,-0.18,-0.18,-0.18,-0.18,-0.09,-0.3,-0.4,-0.4,2.0,2.01,-4.23,-3.85,-3.86,-3.87,-3.88,-3.88,-8.68,-8.69{}{}-0.12,0.88,1.11,1.17,1.18,1.18,1.18,1.21,1.24,1.09,1.42,1.32,1.72,1.62,3.77,3.77,3.75,3.72,3.65,3.57,4.93,4.83,4.82,-0.09,1.29,-1.54,1.33,1.36,1.36,1.38,1.41,1.45,1.33,1.65,1.54,2.01,4.59,4.49,4.48,4.44,4.38,4.38,0.79,0.79,0.79,0.78,0.78,0.79,1.15,0.94,0.94,0.91,0.8,0.9,0.96,1.0,1.0,0.99,1.01,1.03,0.86,1.24,1.14,1.06,1.33,1.25,2.97,3.01,3.01,3.0,2.96,2.81,4.06,3.98{}{}[]{}
Time,1677616158.4938216{}-0.1322,-0.0764,0.1882{}1.08{}6.86,16.84,0{}(13.004451399999999,77.6813463){}0.07,-0.42{}90{}{}0.11,1.03,1.03,1.03,1.05,1.05,1.06,2.53,2.56,2.64,2.73,2.74,2.79,2.85,2.81,2.8,2.83,2.87,9.98,10.04,10.02,10.43,10.52,11.1,10.97,10.98,11.0,11.16,11.14,15.51,15.83,15.84,15.86,0.13,1.04,1.05,1.07,1.08,2.5,2.61,2.72,2.7,2.73,2.8,2.68,2.67,2.7,2.75,10.7,10.67,10.65,10.59,2.75,2.82,2.84,2.88,2.97,2.97,2.99,3.02,1.03,1.02,1.02,1.01,1.02,1.01,1.02,2.57,2.62,2.69,2.77,2.8,2.84,2.89,2.89,2.89,2.9,2.96,10.16,10.17,10.71,10.61,11.36,11.26,11.43,11.46,11.49,16.2,16.16,16.12{}{}-0.06,-0.5,-0.55,-0.57,-0.54,-0.56,-0.57,-0.17,-0.26,-0.35,-0.27,-0.27,-0.18,-0.18,-0.1,-0.2,-0.2,-0.3,-2.29,-1.96,-1.97,-3.22,-2.87,-3.45,-3.85,-3.85,-3.86,-3.48,-3.49,-8.66,-8.1,-8.11,-8.12,-0.05,-0.55,-0.58,-0.56,-0.57,-0.35,-0.35,-0.27,-0.27,-0.27,-0.27,-0.19,-0.29,-0.3,-0.4,-3.85,-3.85,-3.86,-3.87,-0.27,-0.18,-0.18,-0.18,-0.1,-0.2,-0.2,-0.3,-0.5,-0.55,-0.56,-0.57,-0.54,-0.56,-0.57,-0.26,-0.26,-0.35,-0.27,-0.18,-0.18,-0.18,-0.19,-0.2,-0.3,-0.3,-1.96,-1.96,-2.86,-3.23,-3.46,-3.85,-3.48,-3.48,-3.49,-8.09,-8.1,-8.11{}{}-0.12,0.03,-0.09,-0.31,-0.39,-0.45,-0.48,1.16,1.12,0.96,0.78,0.85,0.79,0.67,1.3,1.37,1.37,1.32,2.1,2.25,2.46,3.45,3.59,3.96,4.06,4.08,4.08,4.08,4.2,5.1,5.14,5.19,5.19,-0.1,-0.02,-0.32,-0.39,-0.43,1.23,1.04,0.84,0.97,0.96,0.83,1.54,1.59,1.6,1.54,4.72,4.84,4.94,5.11,0.61,0.41,0.42,0.38,0.89,0.97,0.97,0.93,-0.0,-0.15,-0.28,-0.39,-0.46,-0.52,-0.55,1.04,0.98,0.82,0.63,0.63,0.6,0.48,1.12,1.17,1.18,1.12,1.45,1.57,2.89,2.97,3.24,3.21,3.15,3.13,3.13,3.74,3.99,4.23{}{}[]{}
Time,1677616158.5954661{}-0.1322,-0.0764,0.1882{}1.08{}6.92,16.81,0{}(13.004451399999999,77.6813463){}0.18,-0.48{}0{}{}{}{}{}{}{}{}[]{}
Time,1677616158.7004077{}-0.1512,-0.1247,0.1241{}1.08{}6.92,16.81,0{}(13.0044531,77.6813495){}0.18,-0.48{}0{}{}{}{}{}{}{}{}[]{}
Time,1677616158.8093264{}-0.1512,-0.1247,0.1241{}1.08{}6.98,16.77,0{}(13.0044531,77.6813495){}0.21,-0.63{}0{}{}{}{}{}{}{}{}[]{}
Time,1677616158.911778{}-0.1512,-0.1247,0.1241{}1.08{}6.98,16.77,0{}(13.0044531,77.6813495){}0.21,-0.63{}0{}{}{}{}{}{}{}{}[]{}
Time,1677616159.0131264{}-0.1512,-0.1247,0.1241{}1.08{}7.05,16.73,0{}(13.0044531,77.6813495){}0.26,-0.65{}0{}{}{}{}{}{}{}{}[]{}
Time,1677616159.1482706{}-0.1512,-0.1247,0.1241{}1.08{}7.05,16.73,0{}(13.0044531,77.6813495){}0.26,-0.65{}66{}{}0.11,0.96,0.96,1.18,2.21,2.27,2.29,2.31,2.33,2.34,2.36,2.36,6.59,11.68,11.61,11.64,11.67,12.21,12.16,12.17,12.2,12.21,0.13,0.96,2.22,2.24,2.25,2.28,2.3,2.35,2.37,2.39,2.42,2.44,2.45,2.47,5.54,5.34,6.8,11.92,11.95,12.76,0.98,0.96,1.18,2.28,2.32,2.35,2.37,2.36,2.39,2.41,2.41,2.43,5.66,6.67,11.81,11.79,11.8,11.83,11.86,12.52,12.5,12.51,12.5,12.54{}{}-0.06,0.1,0.14,-0.4,0.23,0.15,0.23,0.24,0.16,0.24,0.24,0.33,2.31,-1.13,-1.51,-1.13,-1.14,-1.61,-1.61,-1.61,-1.62,-1.62,-0.05,0.11,0.16,0.16,0.16,0.16,0.24,0.23,0.23,0.31,0.24,0.24,0.32,0.32,1.63,1.43,2.54,-1.13,-1.13,-1.21,0.14,0.18,-0.36,0.23,0.23,0.23,0.16,0.31,0.24,0.24,0.32,0.33,1.63,2.54,-1.13,-1.13,-1.13,-1.14,-1.14,-1.21,-1.21,-1.21,-1.62,-1.62{}{}-0.12,0.52,0.57,-0.25,1.02,0.95,0.96,0.98,0.99,1.02,1.03,1.08,2.44,2.69,2.91,3.06,3.02,3.73,3.98,4.01,3.99,4.04,-0.1,0.58,1.12,1.13,1.16,1.16,1.17,0.62,0.63,0.64,0.65,0.67,0.69,0.71,-3.03,-3.5,1.43,1.49,1.41,1.64,0.53,0.6,-0.32,0.83,0.79,0.8,0.81,0.82,0.83,0.85,0.88,0.91,-2.79,1.93,2.06,2.29,2.37,2.35,2.33,2.72,2.91,2.97,2.92,2.88{}{}[]{}
Time,1677616159.2513335{}-0.1512,-0.1247,0.1241{}1.1{}7.15,16.7,0{}(13.0044551,77.68135149999999){}0.36,-0.66{}0{}{}{}{}{}{}{}{}[]{}
Time,1677616159.3659334{}-0.1512,-0.1247,0.1241{}1.1{}7.15,16.7,0{}(13.0044551,77.68135149999999){}0.36,-0.66{}73{}{}0.11,0.87,2.06,2.09,2.14,2.23,2.31,2.37,2.41,2.43,2.44,10.67,10.71,10.77,11.44,11.47,11.46,12.36,12.3,12.28,12.24,12.23,0.13,2.2,2.22,2.27,2.32,2.38,2.43,2.45,2.49,2.52,5.13,6.72,6.82,6.76,10.94,10.95,10.98,11.79,11.83,11.84,12.63,12.66,12.72,0.87,0.67,0.62,0.8,2.14,2.16,2.21,2.28,2.35,2.4,2.44,2.47,2.48,5.37,6.61,10.84,10.87,10.89,11.66,11.64,11.66,11.68,11.73,12.52,12.49,12.5,12.51,12.5{}{}-0.06,-0.28,0.22,0.3,0.3,0.3,0.31,0.31,0.31,0.31,0.32,-0.34,-0.34,-0.34,-0.75,-0.75,-1.13,-1.2,-1.2,-1.2,-1.61,-1.61,-0.05,0.29,0.3,0.3,0.38,0.38,0.31,0.39,0.31,0.32,1.82,2.88,2.88,3.13,0.0,-0.34,0.0,-0.75,-0.37,-0.75,-1.2,-1.2,-0.8,0.32,0.33,0.34,-0.28,0.22,0.3,0.3,0.3,0.31,0.31,0.31,0.31,0.4,1.82,2.88,-0.34,0.0,-0.34,-0.75,-0.75,-0.75,-0.75,-0.75,-1.2,-1.2,-1.2,-1.2,-1.21{}{}-0.12,-0.88,1.09,1.07,1.02,0.89,0.74,0.62,0.56,0.55,0.61,2.61,2.54,2.39,3.42,3.41,3.44,2.99,3.32,3.48,3.55,3.68,-0.1,0.76,0.76,0.7,0.55,0.39,0.29,0.21,0.17,0.15,-3.51,2.32,2.09,2.02,1.03,1.15,1.1,1.92,1.91,1.89,1.67,1.61,1.55,-0.68,-0.91,-0.97,-0.95,0.93,0.92,0.87,0.73,0.57,0.45,0.39,0.36,0.38,-3.12,2.67,1.77,1.77,1.77,2.48,2.67,2.7,2.7,2.6,2.19,2.5,2.57,2.63,2.81{}{}[]{}
Time,1677616159.487608{}-0.1512,-0.1247,0.1241{}1.1{}7.24,16.67,0{}(13.0044551,77.68135149999999){}0.42,-0.74{}86{}{}0.11,1.02,1.02,0.96,0.86,0.79,0.52,0.68,1.91,2.02,2.08,2.11,2.15,2.18,2.19,2.18,4.99,5.13,5.2,5.33,5.36,5.41,10.6,10.62,11.61,12.39,12.48,12.53,0.13,0.93,0.84,0.79,2.05,2.13,2.18,2.22,2.25,2.28,2.29,2.28,5.16,4.85,4.83,4.88,5.04,6.6,6.6,6.58,10.91,10.92,10.92,12.64,12.69,0.99,0.85,0.28,1.0,0.59,0.75,1.99,2.09,2.14,2.17,2.21,2.23,2.25,2.24,5.04,5.15,5.21,5.14,5.17,5.2,5.33,6.36,10.8,10.79,10.8,11.73,11.67,12.53,12.53,12.54,12.61,12.7,12.71{}{}-0.06,-0.34,-0.31,-0.28,-0.29,-0.33,-0.04,-0.04,0.21,0.22,0.22,0.29,0.22,0.3,0.3,0.38,0.98,0.98,0.82,1.79,1.79,1.8,0.0,0.0,-0.74,-1.2,-1.2,-1.2,-0.05,-0.32,-0.29,-0.29,0.28,0.29,0.29,0.29,0.3,0.3,0.38,0.46,0.98,1.98,1.99,2.0,1.81,3.1,3.11,3.11,0.34,0.0,0.0,-0.8,-1.2,-0.32,-0.32,0.0,0.26,-0.04,-0.04,0.21,0.22,0.22,0.29,0.3,0.3,0.3,0.38,0.98,0.98,0.82,1.79,1.79,1.8,1.81,3.11,0.0,0.0,0.0,-0.37,-0.37,-0.79,-0.8,-1.2,-1.2,-0.8,-1.2{}{}-0.12,0.09,0.26,0.51,0.7,0.8,1.08,1.01,1.2,1.07,1.01,0.97,0.97,0.95,0.97,1.04,1.2,0.48,0.24,-2.95,-2.94,-2.9,2.79,2.82,2.59,2.73,2.42,2.29,-0.1,0.54,0.72,0.82,0.93,0.79,0.73,0.69,0.67,0.67,0.68,0.75,0.02,-3.59,-3.64,-3.62,-3.55,2.21,2.29,2.41,0.8,1.03,1.25,1.41,0.84,0.43,0.71,-1.14,-0.55,1.04,0.96,1.07,0.94,0.88,0.83,0.81,0.81,0.83,0.9,0.99,0.25,0.05,-3.28,-3.27,-3.26,-3.1,2.89,1.75,1.92,2.0,2.07,2.5,1.88,2.06,1.95,1.62,1.37,1.19{}{}[]{}
Time,1677616159.5900102{}-0.1512,-0.1247,0.1241{}1.1{}7.35,16.64,0{}(13.0044551,77.68135149999999){}0.48,-0.86{}0{}{}{}{}{}{}{}{}[]{}
Time,1677616159.6967523{}-0.1512,-0.1247,0.1241{}1.16{}7.35,16.64,0{}(13.0044586,77.6813535){}0.48,-0.86{}0{}{}{}{}{}{}{}{}[]{}
Time,1677616159.818707{}-0.1515,-0.0833,6.1594{}1.16{}7.52,16.63,0{}(13.0044586,77.6813535){}0.63,-0.88{}91{}{}0.12,1.01,1.1,1.11,1.03,0.92,0.91,0.46,0.95,1.07,1.95,1.96,1.98,2.01,2.04,2.09,2.12,2.11,2.03,1.88,4.96,11.44,11.48,12.19,12.24,12.29,12.3,0.13,0.83,0.99,2.07,2.1,2.12,2.15,2.01,2.04,2.06,2.08,2.11,2.13,2.15,2.15,2.13,2.06,4.53,4.23,11.68,11.69,11.71,11.72,12.4,12.47,12.5,12.54,12.57,1.0,0.99,0.95,0.93,0.96,1.0,1.06,0.53,1.98,2.0,2.03,2.05,2.08,2.13,2.15,2.14,2.11,1.98,4.75,4.33,10.28,10.31,10.32,11.57,11.58,11.59,11.59,12.33,12.37,12.41,12.45,12.47,12.46,14.03,14.06,14.13{}{}-0.05,0.14,0.04,0.0,-0.04,0.0,0.0,0.24,0.0,-0.08,0.32,0.33,0.33,0.34,0.34,0.34,0.42,0.49,0.57,0.57,2.3,0.37,0.0,0.0,0.0,0.0,0.0,-0.05,0.47,0.36,0.4,0.4,0.41,0.41,0.32,0.33,0.33,0.34,0.34,0.41,0.49,0.56,0.57,0.57,2.3,2.31,0.37,0.37,0.37,0.0,0.0,0.0,0.39,0.0,0.0,0.04,0.0,0.0,0.0,0.0,0.0,-0.04,0.25,0.32,0.33,0.33,0.34,0.34,0.34,0.42,0.49,0.5,0.57,2.3,2.32,0.66,0.67,0.67,0.37,0.37,0.37,0.37,0.0,0.0,0.0,0.0,0.0,0.0,-0.45,-0.45,-0.9{}{}-0.11,-0.52,-0.41,-0.45,-0.66,-0.84,-0.88,-1.16,-0.88,-0.76,0.64,0.67,0.68,0.68,0.66,0.59,0.53,0.6,0.85,1.19,-2.78,2.54,2.48,2.99,2.89,2.76,2.85,-0.1,-0.8,0.71,0.27,0.25,0.23,0.19,0.38,0.4,0.41,0.4,0.37,0.32,0.27,0.34,0.54,0.84,-3.43,-3.83,0.52,0.76,0.86,1.05,1.76,1.4,1.33,1.22,1.13,-0.61,-0.67,-0.77,-0.83,-0.83,-0.83,-0.79,-1.18,0.51,0.53,0.55,0.54,0.51,0.44,0.38,0.46,0.68,1.01,-3.11,-3.75,2.59,2.59,2.64,1.67,1.75,1.85,2.03,2.23,2.13,2.02,1.95,1.97,2.15,3.13,3.09,2.82{}{}[]{}
Time,1677616159.9198034{}-0.1515,-0.0833,6.1594{}1.16{}7.52,16.63,0{}(13.0044586,77.6813535){}0.63,-0.88{}0{}{}{}{}{}{}{}{}[]{}
Time,1677616160.0381916{}-0.1515,-0.0833,6.1594{}1.16{}7.7,16.63,0{}(13.0044586,77.6813535){}0.68,-0.93{}58{}{}0.11,1.72,1.74,1.77,1.78,1.8,1.8,10.86,10.95,0.13,1.76,0.58,1.8,1.82,1.86,1.88,1.91,1.95,1.75,0.94,1.78,1.81,1.83,1.85,1.88,1.92,2.02,11.24,11.27,11.29,11.31,11.32,11.3,14.06,14.09,0.98,0.78,1.02,0.73,1.03,0.69,1.72,1.17,1.75,1.78,1.8,1.82,1.85,1.87,10.4,11.1,11.12,11.15,11.16,11.19,11.22,13.97,14.01{}{}-0.06,0.41,0.42,0.36,0.37,0.31,0.25,0.72,0.36,-0.05,0.52,-0.12,0.47,0.48,0.42,0.43,0.37,0.31,0.52,-0.12,0.47,0.42,0.42,0.43,0.37,0.31,0.19,0.71,0.72,0.72,0.72,0.72,0.72,0.0,0.0,0.29,-0.04,0.34,-0.04,0.34,-0.04,0.52,-0.12,0.47,0.42,0.42,0.43,0.31,0.31,0.98,0.71,0.72,0.72,0.72,0.72,0.72,0.0,-0.44{}{}-0.12,0.63,0.64,0.68,0.71,0.76,0.84,3.63,3.51,-0.1,0.25,-1.76,0.27,0.28,0.31,0.31,0.33,0.3,0.35,-1.6,0.38,0.42,0.43,0.44,0.47,0.48,-0.09,1.95,1.92,1.92,1.96,2.04,2.28,1.45,1.44,-0.57,0.88,-0.53,0.95,-0.55,1.0,0.47,-1.44,0.5,0.53,0.55,0.56,0.62,0.65,1.09,2.62,2.64,2.64,2.67,2.65,2.66,2.21,2.03{}{}[]{}
Time,1677616160.146072{}-0.1515,-0.0833,6.1594{}1.16{}7.7,16.63,0{}(13.0044586,77.6813535){}0.68,-0.93{}0{}{}{}{}{}{}{}{}[]{}
Time,1677616160.2758422{}-0.1515,-0.0833,6.1594{}1.08{}7.87,16.62,0{}(13.004462,77.6813555){}0.47,-1.0{}91{}{}0.11,0.88,0.67,0.93,0.65,0.93,0.55,0.33,0.87,1.5,1.53,1.56,1.58,1.6,1.63,1.65,1.66,1.74,0.13,1.58,1.61,1.63,1.66,1.68,1.71,1.73,1.76,0.95,1.8,0.99,1.52,1.14,1.57,1.59,1.61,1.64,1.67,1.69,1.72,1.74,1.13,1.79,1.51,1.49,1.52,1.54,10.99,11.14,11.14,11.14,11.14,13.84,13.89,13.93,13.95,13.94,17.04,17.04,0.91,0.54,0.87,0.48,0.84,0.47,0.3,0.8,0.58,0.74,1.54,1.57,1.59,1.62,1.64,1.66,1.69,1.71,1.78,10.96,10.98,10.98,11.03,11.02,10.99,13.61,13.7,13.73,13.76,13.76,16.86,16.88,16.92{}{}-0.06,0.33,-0.11,0.3,-0.15,0.31,-0.15,-0.16,0.35,0.26,0.26,0.26,0.27,0.27,0.27,0.28,0.28,0.17,-0.05,0.31,0.31,0.32,0.32,0.33,0.27,0.33,0.28,-0.4,0.23,-0.46,0.3,-0.3,0.26,0.31,0.32,0.32,0.27,0.27,0.28,0.28,-0.4,0.23,0.56,0.51,0.51,0.52,0.69,0.71,0.71,0.71,0.35,0.0,0.0,0.0,0.0,0.0,-1.08,-1.08,0.33,-0.07,0.34,-0.11,0.34,-0.15,-0.12,0.35,-0.08,0.4,0.26,0.26,0.26,0.27,0.27,0.27,0.28,0.28,0.17,0.34,0.34,0.34,0.71,0.71,0.35,0.0,0.0,0.0,-0.44,-0.44,-1.07,-1.08,-1.08{}{}-0.12,-0.7,-0.95,-0.69,-1.0,-0.73,-1.08,-1.19,-0.82,0.59,0.59,0.59,0.59,0.6,0.61,0.63,0.65,0.55,-0.1,0.3,0.28,0.27,0.27,0.27,0.28,0.28,0.28,-1.49,0.23,-1.47,0.44,-1.1,0.39,0.38,0.38,0.38,0.38,0.39,0.39,0.39,-1.36,0.3,1.19,1.28,1.28,1.29,0.05,1.64,1.81,1.94,2.18,2.08,1.85,1.8,1.8,2.02,2.21,2.36,-0.66,-1.04,-0.74,-1.09,-0.81,-1.12,1.2,-0.89,1.13,-0.95,0.49,0.48,0.48,0.48,0.49,0.5,0.51,0.51,0.41,0.67,0.77,1.02,2.27,2.44,2.72,3.24,2.97,2.92,2.88,2.99,3.17,3.19,3.1{}{}[]{}
Time,1677616160.4073343{}-0.1515,-0.0833,6.1594{}1.08{}7.99,16.61,0{}(13.004462,77.6813555){}0.33,-1.03{}65{}{}0.11,1.46,1.51,1.55,1.58,1.63,10.66,13.54,13.54,13.51,13.58,13.62,0.13,1.54,1.58,1.61,1.63,1.66,3.15,3.17,3.19,3.21,1.47,1.53,1.56,1.59,1.62,1.66,1.68,3.12,3.14,3.15,3.18,13.8,13.82,13.84,13.86,13.85,13.84,13.9,13.9,1.44,1.5,1.54,1.57,1.61,1.64,1.68,0.78,10.74,10.77,11.91,11.9,13.68,13.7,13.71,13.72,13.72,13.73,13.76,13.81,13.75,18.31,18.5,18.52{}{}-0.06,0.2,0.2,0.26,0.21,0.21,-2.76,-0.87,-0.43,-0.44,-0.44,-0.44,-0.05,0.25,0.25,0.26,0.26,0.26,0.5,0.51,0.51,0.52,0.24,0.25,0.25,0.26,0.26,0.26,0.32,0.5,0.51,0.51,0.41,-0.43,-0.43,0.0,-0.43,-0.44,0.0,-0.44,0.0,0.24,0.2,0.25,0.26,0.26,0.26,0.32,-0.37,-2.41,-2.41,0.38,0.38,-0.43,-0.43,-0.43,-0.43,-0.44,-0.44,-0.44,-0.44,0.0,-3.07,-2.46,-3.08{}{}-0.12,0.58,0.52,0.46,0.45,0.39,0.76,2.88,3.09,3.52,3.33,3.29,-0.1,0.27,0.22,0.18,0.14,0.07,0.48,0.48,0.5,0.54,0.47,0.35,0.31,0.27,0.23,0.16,-0.02,0.62,0.68,0.72,0.75,1.05,1.07,1.18,1.2,1.57,1.86,1.57,1.78,0.56,0.49,0.4,0.36,0.33,0.26,0.05,-1.47,0.24,0.3,2.01,2.2,2.1,2.14,2.19,2.31,2.44,2.51,2.51,2.37,2.84,6.38,6.17,5.91{}{}[]{}
Time,1677616160.5088027{}-0.1515,-0.0833,6.1594{}1.08{}7.99,16.61,0{}(13.004462,77.6813555){}0.33,-1.03{}0{}{}{}{}{}{}{}{}[]{}
Time,1677616160.6101818{}-0.1515,-0.0833,6.1594{}1.08{}8.08,16.6,0{}(13.004462,77.6813555){}0.17,-1.1{}0{}{}{}{}{}{}{}{}[]{}
Time,1677616160.7180972{}-0.1053,0.0208,6.0406{}1.09{}8.08,16.6,0{}(13.004465399999999,77.68135579999999){}0.17,-1.1{}0{}{}{}{}{}{}{}{}[]{}
Time,1677616160.8192747{}-0.1053,0.0208,6.0406{}1.09{}8.13,16.62,0{}(13.004465399999999,77.68135579999999){}-0.04,-1.13{}0{}{}{}{}{}{}{}{}[]{}
Time,1677616160.920406{}-0.1053,0.0208,6.0406{}1.09{}8.13,16.62,0{}(13.004465399999999,77.68135579999999){}-0.04,-1.13{}0{}{}{}{}{}{}{}{}[]{}
Time,1677616161.0415716{}-0.1053,0.0208,6.0406{}1.09{}8.13,16.57,0{}(13.004465399999999,77.68135579999999){}-0.3,-1.23{}42{}{}0.11,1.18,1.2,1.21,1.25,1.27,1.28,1.31,1.33,1.35,1.38,0.89,0.13,1.2,1.22,1.24,1.27,1.28,1.3,1.32,1.34,1.38,0.99,1.2,1.23,1.26,1.28,1.31,1.34,1.37,1.39,1.17,1.18,1.21,1.24,1.27,1.3,1.32,1.34,1.36,1.4,0.74{}{}-0.06,0.19,0.23,0.27,0.24,0.24,0.29,0.25,0.26,0.26,0.27,-0.31,-0.05,0.23,0.23,0.28,0.24,0.25,0.25,0.26,0.26,0.22,-0.35,0.27,0.28,0.28,0.29,0.29,0.26,0.26,0.27,0.22,0.27,0.27,0.28,0.24,0.25,0.25,0.26,0.26,0.22,-0.31{}{}-0.12,-0.03,-0.09,-0.06,-0.01,0.04,0.08,0.13,0.16,0.18,0.14,-1.06,-0.09,-0.02,0.01,0.07,0.12,0.17,0.21,0.25,0.27,0.22,-0.95,-0.21,-0.16,-0.12,-0.08,-0.05,-0.01,0.0,-0.07,-0.12,-0.16,-0.13,-0.09,-0.04,0.0,0.04,0.08,0.09,0.02,-1.17{}{}[]{}
Time,1677616161.146577{}-0.1053,0.0208,6.0406{}1.09{}8.13,16.57,0{}(13.004465399999999,77.68135579999999){}-0.3,-1.23{}0{}{}{}{}{}{}{}{}[]{}
Time,1677616161.2613182{}-0.1053,0.0208,6.0406{}1.12{}8.08,16.47,0{}(13.0044665,77.6813536){}-0.53,-1.34{}45{}{}0.12,1.16,1.19,1.21,1.23,1.26,1.29,1.31,1.34,1.35,1.34,8.09,8.16,0.13,1.15,1.18,1.21,1.23,1.26,1.28,1.31,1.33,1.33,1.31,7.92,7.94,1.17,1.19,1.22,1.24,1.27,1.29,1.31,0.23,1.17,1.19,1.21,1.24,1.27,1.3,1.32,1.34,1.37,1.35,1.36{}{}-0.05,0.26,0.27,0.27,0.28,0.28,0.25,0.25,0.26,0.26,0.22,3.42,3.14,-0.05,0.26,0.23,0.23,0.24,0.24,0.25,0.21,0.21,0.26,0.22,3.13,3.14,0.23,0.23,0.24,0.24,0.25,0.25,0.26,-0.04,0.26,0.27,0.27,0.28,0.24,0.25,0.25,0.26,0.22,0.3,0.22{}{}-0.11,0.11,0.11,0.1,0.1,0.1,0.1,0.11,0.13,0.22,0.41,2.42,2.63,-0.1,0.18,0.19,0.19,0.19,0.18,0.18,0.2,0.23,0.3,0.49,3.22,3.25,0.27,0.27,0.27,0.26,0.27,0.27,0.3,-0.07,0.04,0.04,0.03,0.02,0.03,0.02,0.03,0.05,0.15,0.12,0.32{}{}[]{}
Time,1677616161.376902{}-0.1053,0.0208,6.0406{}1.12{}8.08,16.47,0{}(13.0044665,77.6813536){}-0.53,-1.34{}45{}{}0.11,1.17,1.19,1.21,1.24,1.26,1.28,1.31,1.33,1.36,1.36,8.21,8.38,8.29,0.13,1.15,1.18,1.2,1.22,1.25,1.27,1.29,1.32,1.34,1.34,8.11,8.18,1.17,1.18,1.21,1.23,1.25,1.28,1.31,1.32,1.31,1.2,1.22,1.24,1.27,1.29,1.32,1.34,1.36,1.38{}{}-0.06,0.22,0.23,0.23,0.24,0.24,0.25,0.25,0.26,0.26,0.31,3.41,3.13,3.42,-0.05,0.22,0.23,0.23,0.24,0.24,0.25,0.25,0.26,0.26,0.31,3.42,3.42,0.19,0.23,0.24,0.24,0.21,0.21,0.21,0.26,0.31,0.23,0.23,0.24,0.24,0.25,0.25,0.26,0.26,0.31{}{}-0.12,0.15,0.15,0.16,0.16,0.17,0.17,0.17,0.17,0.18,0.23,1.88,1.71,1.7,-0.1,0.22,0.23,0.23,0.24,0.25,0.25,0.26,0.26,0.27,0.33,2.34,2.18,0.29,0.31,0.32,0.33,0.35,0.34,0.34,0.36,0.43,0.07,0.08,0.08,0.08,0.08,0.08,0.09,0.09,0.14{}{}[]{}
Time,1677616161.4807975{}-0.1053,0.0208,6.0406{}1.12{}8.01,16.37,0{}(13.0044665,77.6813536){}-0.67,-1.38{}0{}{}{}{}{}{}{}{}[]{}
Time,1677616161.601019{}-0.1053,0.0208,6.0406{}1.12{}7.93,16.27,0{}(13.0044665,77.6813536){}-0.69,-1.35{}53{}{}0.12,1.19,1.23,1.25,1.28,1.3,1.32,1.34,1.36,1.33,1.08,8.41,13.43,13.45,13.45,13.41,8.35,0.13,1.18,1.22,1.24,1.26,1.28,1.3,1.32,1.33,1.29,1.02,8.28,13.3,13.3,13.32,13.32,13.27,13.51,1.2,1.22,1.24,1.26,1.28,1.29,1.3,1.24,0.98,1.22,1.24,1.26,1.28,1.31,1.33,1.35,1.37,1.37{}{}-0.05,0.23,0.24,0.24,0.25,0.25,0.26,0.26,0.27,0.23,0.23,3.15,1.27,1.27,1.28,1.28,-3.83,-0.05,0.23,0.24,0.24,0.25,0.25,0.26,0.26,0.27,0.23,0.23,3.15,0.85,1.27,1.27,1.28,1.28,1.29,0.24,0.24,0.25,0.25,0.26,0.26,0.22,0.23,0.23,0.37,0.24,0.24,0.29,0.25,0.26,0.26,0.27,0.23{}{}-0.11,0.27,0.2,0.21,0.23,0.24,0.25,0.27,0.31,0.51,0.96,1.79,1.33,1.31,1.57,2.05,-10.06,-0.1,0.31,0.27,0.29,0.3,0.32,0.34,0.36,0.4,0.6,1.02,2.33,2.3,2.28,2.29,2.42,2.83,2.06,0.34,0.36,0.38,0.4,0.42,0.44,0.51,0.7,1.07,0.78,0.14,0.14,0.13,0.16,0.17,0.19,0.22,0.39{}{}[]{}
Time,1677616161.7237363{}-0.1053,0.0208,6.0406{}1.16{}7.93,16.27,0{}(13.0044648,77.681349){}-0.69,-1.35{}53{}{}0.11,0.91,0.91,0.81,1.25,1.27,1.3,1.31,1.33,1.36,1.38,1.4,1.37,1.39,13.53,13.53,0.13,1.24,1.26,1.28,1.3,1.32,1.34,1.36,1.37,1.34,1.35,1.38,13.46,13.42,13.41,13.43,1.22,1.24,1.26,1.28,1.3,1.32,1.34,1.36,1.32,1.31,1.34,1.27,1.29,1.3,1.32,1.35,1.37,1.38,1.4,1.41,1.42{}{}-0.06,0.14,0.15,0.26,0.24,0.25,0.25,0.3,0.3,0.31,0.32,0.32,0.42,0.47,0.85,0.85,-0.05,0.24,0.25,0.25,0.26,0.26,0.27,0.27,0.32,0.42,0.47,0.48,0.85,0.85,0.85,0.43,0.2,0.25,0.25,0.26,0.26,0.27,0.27,0.27,0.37,0.47,0.48,0.24,0.25,0.29,0.3,0.3,0.31,0.36,0.27,0.32,0.37{}{}-0.12,-0.68,-0.73,-0.84,0.22,0.23,0.24,0.24,0.25,0.27,0.29,0.31,0.39,0.38,1.16,1.35,-0.09,0.29,0.31,0.32,0.34,0.35,0.37,0.38,0.4,0.5,0.49,0.48,1.56,2.03,2.25,2.41,0.4,0.38,0.4,0.41,0.43,0.45,0.47,0.48,0.57,0.59,0.59,0.12,0.16,0.15,0.16,0.17,0.19,0.2,0.21,0.22,0.26{}{}[]{}
Time,1677616161.8309226{}-0.1045,-0.0768,6.0457{}1.16{}7.85,16.19,0{}(13.0044648,77.681349){}-0.75,-1.3{}0{}{}{}{}{}{}{}{}[]{}
Time,1677616161.9527261{}-0.1045,-0.0768,6.0457{}1.16{}7.85,16.19,0{}(13.0044648,77.681349){}-0.75,-1.3{}67{}{}0.11,0.83,1.04,1.32,0.99,1.34,1.34,1.36,1.37,1.39,1.41,1.43,1.43,10.78,10.79,10.79,11.68,11.72,13.65,13.69,0.13,0.92,1.1,1.24,1.08,1.29,1.31,1.31,1.32,1.33,1.36,1.37,1.39,1.39,1.4,10.66,10.66,10.67,10.68,11.58,11.59,11.62,13.45,13.51,13.53,13.67,1.22,1.26,1.28,1.27,1.27,1.29,1.31,1.34,1.35,1.34,1.34,1.34,0.85,1.36,0.88,1.38,1.38,1.4,1.43,1.44,1.46{}{}-0.06,0.23,-0.04,0.31,-0.22,0.32,0.37,0.33,0.38,0.38,0.49,0.5,0.55,1.73,1.73,1.74,1.49,1.5,1.3,1.3,-0.05,0.31,-0.08,0.3,-0.26,0.31,0.32,0.32,0.33,0.38,0.38,0.49,0.5,0.55,0.56,1.73,1.73,1.74,1.74,1.49,1.5,1.5,0.86,0.86,1.3,0.87,0.3,0.31,0.27,0.32,0.33,0.33,0.38,0.44,0.5,0.55,0.61,0.31,-0.27,0.32,-0.23,0.32,0.37,0.38,0.38,0.49,0.5{}{}-0.12,-0.89,-0.68,0.4,-0.99,0.43,0.47,0.52,0.52,0.52,0.47,0.48,0.5,1.77,1.87,1.98,1.97,1.92,1.74,1.61,-0.1,-0.78,-0.57,0.56,-0.84,0.48,0.52,0.57,0.61,0.61,0.61,0.56,0.58,0.6,0.63,2.41,2.5,2.56,2.62,2.52,2.55,2.55,2.96,2.8,2.62,2.21,0.59,0.57,0.61,0.67,0.7,0.72,0.7,0.67,0.68,0.71,0.71,0.33,-1.1,0.34,-1.12,0.38,0.41,0.43,0.43,0.36,0.37{}{}[]{}
Time,1677616162.0815654{}-0.1045,-0.0768,6.0457{}1.16{}7.73,16.1,0{}(13.0044648,77.681349){}-0.92,-1.3{}74{}{}0.12,0.77,0.74,0.63,0.6,1.45,1.39,0.96,0.96,0.97,0.56,1.38,1.43,1.46,0.54,1.48,0.58,10.8,10.89,10.9,11.57,11.6,11.66,11.74,11.87,0.13,1.41,1.43,1.31,0.78,1.35,1.38,1.42,0.63,1.45,0.77,1.49,0.78,1.52,10.71,10.72,10.64,10.69,10.78,10.81,10.77,11.52,11.51,11.63,11.72,11.82,13.46,13.48,13.43,13.37,13.25,11.11,1.37,1.41,1.42,1.25,0.55,1.34,1.36,0.5,1.4,0.82,1.43,0.93,1.46,1.51,10.45,10.59,10.62{}{}-0.05,0.25,0.26,0.26,-0.15,0.28,0.28,-0.24,0.24,-0.29,0.15,0.68,0.64,0.65,0.1,0.66,0.05,2.08,1.74,1.74,1.87,1.87,1.88,1.88,1.51,-0.05,0.32,0.28,0.28,0.24,0.67,0.63,0.6,0.1,0.6,0.05,0.61,0.05,0.62,1.69,1.7,2.08,2.08,1.74,1.74,1.75,1.5,1.87,1.5,1.5,1.51,1.29,1.29,1.3,1.3,1.3,-3.47,0.32,0.27,0.23,0.24,0.19,0.67,0.63,0.15,0.6,0.1,0.6,0.05,0.61,0.57,2.08,1.74,1.74{}{}-0.11,-0.81,-0.87,-0.98,-1.03,0.2,0.54,-1.15,1.18,-1.16,1.45,0.24,0.26,0.23,-1.51,0.18,-1.53,1.56,1.55,1.62,2.4,2.38,2.21,1.88,1.55,-0.1,0.24,0.3,0.7,1.3,0.28,0.36,0.38,-1.45,0.34,-1.41,0.31,-1.44,0.27,-0.17,-0.55,2.32,2.19,2.2,2.17,2.45,2.86,2.77,2.63,2.29,1.9,2.63,2.66,2.98,3.34,3.87,-7.55,0.29,0.31,0.39,0.82,1.42,0.35,0.44,-1.47,0.47,-1.36,0.44,-1.31,0.41,0.4,3.15,2.97,2.94{}{}[]{}
Time,1677616162.2218776{}-0.1045,-0.0768,6.0457{}1.1{}7.73,16.1,0{}(13.004462499999999,77.6813458){}-1.13,-1.4{}77{}{}0.11,0.93,0.93,1.45,1.45,1.48,1.5,1.52,1.55,1.57,1.59,10.7,10.75,10.78,11.88,11.91,11.95,13.78,13.8,13.82,13.83,18.63,18.7,0.13,1.03,1.1,1.43,1.43,1.45,1.47,1.48,1.5,1.52,1.54,1.54,1.57,10.75,10.73,10.76,10.77,10.82,10.91,11.72,11.76,11.8,11.84,11.89,13.66,13.7,13.72,13.75,13.76,13.77,18.32,18.44,18.52,1.41,1.41,1.42,1.44,1.46,1.48,1.49,1.52,1.52,1.52,11.63,11.65,11.7,11.75,13.48,13.58,13.62,1.5,1.51,1.54,1.56{}{}-0.06,0.27,0.31,0.43,0.49,0.5,0.5,0.51,0.52,0.53,0.53,1.7,1.7,1.71,1.5,1.51,1.51,1.3,1.3,1.31,1.31,-1.22,-1.22,-0.05,0.31,0.36,0.43,0.43,0.44,0.45,0.5,0.51,0.52,0.53,0.59,0.48,1.36,1.7,1.7,1.71,1.74,1.4,1.5,1.5,1.51,1.51,1.51,1.3,1.3,1.3,1.31,1.31,0.87,-1.22,-1.22,-1.84,0.38,0.43,0.44,0.45,0.45,0.46,0.52,0.47,0.53,0.54,1.5,1.51,1.51,1.51,1.3,0.87,0.87,0.45,0.5,0.51,0.52{}{}-0.12,-0.75,-0.77,0.27,0.3,0.31,0.31,0.31,0.31,0.32,0.35,-0.79,-0.45,0.03,1.22,1.15,1.01,1.18,1.23,1.33,1.46,5.82,5.69,-0.09,-0.63,-0.52,0.28,0.36,0.4,0.41,0.4,0.4,0.41,0.42,0.45,0.48,-0.29,-0.07,0.13,0.44,2.08,2.01,2.18,2.08,2.02,1.93,1.72,2.01,1.95,1.92,1.93,2.01,2.32,6.74,6.47,6.18,0.39,0.45,0.49,0.51,0.51,0.52,0.51,0.55,0.58,0.64,2.73,2.73,2.65,2.53,3.12,2.95,2.84,0.29,0.26,0.24,0.21{}{}[]{}
Time,1677616162.324613{}-0.1045,-0.0768,6.0457{}1.1{}7.56,16.02,0{}(13.004462499999999,77.6813458){}-1.13,-1.4{}0{}{}{}{}{}{}{}{}[]{}
Time,1677616162.4505308{}-0.1045,-0.0768,6.0457{}1.1{}7.43,15.95,0{}(13.004462499999999,77.6813458){}-1.0,-1.4{}72{}{}0.11,0.81,0.86,0.73,0.86,0.81,0.93,0.82,0.97,0.96,1.67,1.7,1.7,1.71,1.68,1.69,1.74,1.77,0.13,0.81,0.91,0.95,0.85,0.96,1.01,1.0,0.89,1.04,1.0,1.64,1.66,1.7,1.7,1.69,1.66,1.67,1.71,1.74,1.77,1.79,3.66,10.13,10.16,10.21,11.24,11.27,12.0,12.04,12.07,1.63,1.66,1.68,1.68,1.66,1.63,1.62,1.69,1.74,1.75,1.76,11.06,11.1,11.14,11.89,11.93,11.97,12.07,1.66,1.66,1.64,1.61,1.6{}{}-0.06,0.14,0.25,-0.04,0.33,-0.11,-0.19,0.37,-0.23,-0.23,0.49,0.5,0.56,0.57,0.64,0.65,0.65,0.72,-0.05,0.14,0.25,0.29,-0.15,0.34,-0.26,-0.27,0.38,-0.19,0.31,0.43,0.49,0.45,0.51,0.52,0.58,0.59,0.65,0.72,0.73,0.74,0.0,1.96,1.96,1.97,1.42,1.43,1.53,1.53,1.54,0.43,0.44,0.45,0.51,0.57,0.58,0.65,0.6,0.66,0.73,0.74,1.77,1.78,1.78,1.53,1.53,1.54,1.15,0.45,0.45,0.52,0.52,0.59{}{}-0.12,-0.76,-0.72,-0.89,-0.72,-0.84,-0.73,-0.78,-0.71,-0.76,0.22,0.21,0.21,0.34,0.47,0.51,0.42,0.26,-0.1,-0.76,-0.66,-0.62,-0.79,-0.64,-0.58,-0.64,-0.74,-0.66,-0.67,0.35,0.29,0.32,0.34,0.47,0.59,0.63,0.53,0.39,0.37,0.42,0.04,1.65,1.65,1.49,1.07,1.01,1.81,1.72,1.65,0.42,0.4,0.41,0.44,0.53,0.68,0.71,0.63,0.49,0.48,0.51,1.89,1.74,1.65,2.45,2.36,2.28,2.08,0.49,0.55,0.63,0.76,0.79{}{}[]{}
Time,1677616162.573095{}-0.1045,-0.0768,6.0457{}1.1{}7.43,15.95,0{}(13.004462499999999,77.6813458){}-1.0,-1.4{}0{}{}{}{}{}{}{}{}[]{}
Time,1677616162.724631{}-0.1045,-0.0768,6.0457{}1.1{}7.34,15.87,0{}(13.004462499999999,77.6813458){}-0.73,-1.33{}69{}{}0.12,0.99,0.99,1.01,0.97,1.72,1.72,1.72,1.64,1.36,1.41,1.46,1.78,1.24,1.69,0.97,1.51,1.5,11.28,11.34,11.4,0.13,1.05,1.04,1.07,1.04,1.69,1.7,1.66,1.58,1.5,1.58,1.83,1.65,1.73,1.47,1.62,1.4,1.4,1.34,1.61,10.25,11.1,11.13,11.19,11.24,11.41,6.64,12.02,12.06,12.12,12.22,1.67,1.65,1.61,1.41,1.57,1.14,1.61,1.88,1.83,1.71,1.66,1.54,1.62,1.46,10.97,11.05,11.05{}{}-0.05,0.0,0.0,0.04,0.08,0.59,0.6,0.54,0.55,-0.18,0.56,-0.25,0.9,0.26,0.91,0.26,0.72,0.73,1.8,1.8,1.81,-0.05,-0.04,0.0,0.04,0.08,0.59,0.54,0.54,0.49,-0.18,-0.25,0.82,0.25,0.9,0.19,0.84,0.19,0.72,0.73,0.67,1.97,1.8,1.8,1.8,1.81,1.45,-2.54,1.54,1.55,1.55,1.55,0.53,0.54,0.48,0.49,-0.24,0.56,-0.31,0.69,0.76,0.83,0.19,0.84,0.19,0.74,1.8,1.44,1.81{}{}-0.11,-0.59,-0.62,-0.63,-0.73,0.48,0.56,0.69,0.9,-1.39,1.27,-1.32,0.48,-1.61,0.8,-1.82,1.26,1.32,1.53,1.23,0.86,-0.1,-0.47,-0.54,-0.54,-0.64,0.59,0.68,0.83,1.05,-1.23,-1.17,0.29,-1.15,0.64,-1.42,0.98,-1.52,1.38,1.47,1.25,1.18,2.43,2.38,2.23,2.07,1.53,9.16,2.43,2.34,2.12,1.69,0.69,0.79,0.95,1.26,-1.13,-1.52,-1.11,0.04,0.42,0.78,-1.19,1.11,-1.28,1.4,3.03,3.05,2.94{}{}[]{}
Time,1677616162.8333778{}-0.0904,-0.0871,6.1068{}1.14{}7.29,15.81,0{}(13.004458999999999,77.6813426){}-0.59,-1.35{}0{}{}{}{}{}{}{}{}[]{}
Time,1677616162.93439{}-0.0904,-0.0871,6.1068{}1.14{}7.29,15.81,0{}(13.004458999999999,77.6813426){}-0.59,-1.35{}0{}{}{}{}{}{}{}{}[]{}
Time,1677616163.0471559{}-0.0904,-0.0871,6.1068{}1.14{}7.24,15.74,0{}(13.004458999999999,77.6813426){}-0.57,-1.32{}57{}{}0.11,0.89,1.93,1.97,1.99,2.02,2.05,2.07,2.05,1.99,4.33,4.31,11.48,11.47,11.45,11.43,12.31,12.32,12.35,12.36,14.01,13.98,13.89,0.13,1.91,1.93,1.96,1.99,2.03,2.03,1.97,4.62,4.62,11.34,11.32,11.28,11.26,12.23,12.23,12.26,13.77,13.72,13.7,1.86,1.89,1.92,1.96,1.99,2.01,1.95,1.98,2.0,2.04,2.07,2.07,2.06,11.57{}{}-0.06,0.48,0.44,0.38,0.39,0.39,0.4,0.4,0.41,0.54,2.14,2.15,0.0,0.0,0.0,0.0,-0.39,0.0,0.0,0.0,-0.89,-0.45,-0.89,-0.05,0.38,0.38,0.39,0.39,0.33,0.4,0.48,2.14,2.15,0.0,0.0,0.0,-0.37,-0.39,0.0,0.0,-0.89,-0.89,-0.89,0.38,0.38,0.39,0.33,0.33,0.34,0.44,0.45,0.45,0.39,0.4,0.47,0.48,0.0{}{}-0.12,-0.6,0.45,0.44,0.43,0.42,0.39,0.42,0.59,0.68,-3.93,-3.99,1.79,2.04,2.26,2.5,2.03,2.11,2.08,2.16,2.36,2.76,3.21,-0.1,0.57,0.57,0.56,0.55,0.51,0.56,0.78,-3.58,-3.62,2.55,2.76,3.0,3.16,2.58,2.7,2.69,3.52,3.77,3.96,0.71,0.7,0.7,0.68,0.66,0.67,0.32,0.31,0.3,0.28,0.26,0.33,0.51,1.32{}{}[]{}
Time,1677616163.1562514{}-0.0904,-0.0871,6.1068{}1.14{}7.24,15.74,0{}(13.004458999999999,77.6813426){}-0.57,-1.32{}38{}{}0.11,1.97,1.97,1.97,1.98,1.97,1.92,2.27,2.29,2.29,2.24,11.57,11.61,0.13,1.93,1.93,1.94,1.94,1.92,1.83,2.21,2.24,2.24,2.19,10.51,11.41,11.43,1.87,1.88,1.88,1.87,1.83,1.72,2.01,2.01,2.02,2.02,1.98{}{}-0.06,0.26,0.32,0.33,0.33,0.34,0.34,0.3,0.31,0.31,0.31,-0.36,-0.37,-0.05,0.26,0.26,0.26,0.27,0.27,0.34,0.3,0.31,0.23,0.23,0.0,-0.73,-0.73,0.26,0.26,0.26,0.27,0.27,0.27,0.32,0.33,0.33,0.34,0.34{}{}-0.12,0.51,0.58,0.64,0.7,0.8,0.96,0.78,0.8,0.87,1.04,1.47,1.4,-0.1,0.65,0.7,0.76,0.83,0.93,1.12,0.93,0.93,1.0,1.16,2.33,2.33,2.36,0.8,0.84,0.9,0.98,1.09,1.3,0.43,0.5,0.56,0.66,0.84{}{}[]{}
Time,1677616163.2652998{}-0.0904,-0.0871,6.1068{}1.16{}7.18,15.69,0{}(13.004458099999999,77.6813411){}-0.67,-1.11{}35{}{}0.11,2.0,2.03,2.06,2.09,2.11,2.14,2.13,2.34,2.32,0.13,1.14,1.21,1.95,1.99,2.02,2.04,2.07,2.1,2.12,2.24,1.89,1.93,1.96,1.99,2.02,2.04,2.08,2.03,2.06,2.09,2.12,2.15,2.17,2.17{}{}-0.06,0.13,0.13,0.13,0.14,0.21,0.14,0.21,0.24,0.16,-0.05,0.0,0.0,0.13,0.13,0.13,0.14,0.14,0.14,0.14,0.16,0.13,0.13,0.13,0.14,0.14,0.14,0.14,0.2,0.13,0.2,0.2,0.14,0.21,0.21{}{}-0.12,0.62,0.61,0.6,0.59,0.58,0.59,0.67,0.96,1.07,-0.1,0.37,-0.18,0.76,0.74,0.73,0.72,0.72,0.72,0.73,1.23,0.92,0.88,0.87,0.86,0.86,0.86,0.83,0.51,0.49,0.47,0.46,0.45,0.45,0.54{}{}[]{}
Time,1677616163.383721{}-0.0904,-0.0871,6.1068{}1.16{}7.18,15.69,0{}(13.004458099999999,77.6813411){}-0.8,-0.87{}51{}{}0.11,2.12,2.09,2.07,2.05,2.03,2.0,2.05,2.26,2.19,1.88,4.62,10.44,11.33,11.36,0.13,2.09,2.05,2.02,1.99,1.96,1.92,1.98,2.23,1.85,2.17,1.94,2.08,2.03,4.69,4.63,10.35,10.34,11.14,11.18,11.22,2.06,2.0,1.96,1.91,1.87,1.82,1.9,4.65,4.69,2.13,2.11,2.11,2.1,2.1,2.12{}{}-0.06,0.0,0.0,0.0,0.0,0.0,0.0,0.07,-0.08,0.0,-1.06,2.45,-2.37,-2.57,-2.58,-0.05,-0.07,0.0,0.0,0.0,0.0,0.0,0.07,0.0,-1.04,-0.08,-1.05,-0.08,-1.06,2.29,2.46,-2.37,-2.38,-2.57,-2.57,-2.58,-0.07,0.0,0.0,0.0,0.0,0.0,0.07,2.29,2.3,0.07,0.0,0.0,0.0,0.07,0.07{}{}-0.12,0.36,0.59,0.74,0.85,0.96,1.07,1.03,1.27,1.43,-1.47,-0.08,1.72,1.88,1.82,-0.1,0.48,0.72,0.87,0.99,1.1,1.21,1.16,1.27,-1.44,1.41,-1.35,1.58,-1.26,0.33,0.18,2.18,2.37,2.68,2.63,2.55,0.62,0.85,1.0,1.13,1.25,1.36,1.28,0.65,0.57,0.45,0.6,0.71,0.8,0.87,0.88{}{}[]{}
Time,1677616163.4900544{}-0.0904,-0.0871,6.1068{}1.16{}7.12,15.78,0{}(13.004458099999999,77.6813411){}-0.8,-0.87{}0{}{}{}{}{}{}{}{}[]{}
Time,1677616163.6031725{}-0.0904,-0.0871,6.1068{}1.16{}7.03,15.9,0{}(13.004458099999999,77.6813411){}-0.98,-0.75{}0{}{}{}{}{}{}{}{}[]{}
Time,1677616163.7266226{}-0.1428,0.0093,0.9192{}1.15{}7.03,15.9,0{}(13.004456099999999,77.6813427){}-0.98,-0.75{}63{}{}0.11,0.83,0.86,0.89,2.15,2.18,2.22,2.24,2.22,2.25,4.41,4.39,5.78,5.81,5.77,0.13,0.93,0.97,2.06,2.12,2.14,2.16,2.2,2.19,2.19,2.45,2.48,2.48,2.44,2.38,2.34,4.42,4.42,4.02,5.22,5.24,5.5,5.62,5.59,2.02,2.05,2.07,2.11,2.15,2.13,2.13,2.37,2.46,2.46,2.42,2.42,2.38,4.43,5.18,5.22,5.26,5.37,2.0,2.0,2.01,2.04,1.99,2.04{}{}-0.06,0.31,0.31,0.28,-0.89,-0.9,-0.83,-0.84,-0.85,-0.7,0.99,1.14,1.2,1.21,1.42,-0.05,0.31,0.28,-0.95,-0.89,-0.9,-0.91,-0.84,-0.85,-0.78,-0.81,-0.82,-0.82,-0.83,-0.84,-0.85,0.85,0.99,2.14,0.49,0.66,1.4,1.21,1.42,-0.95,-0.96,-0.97,-0.91,-0.84,-0.85,-0.78,-0.8,-0.73,-0.82,-0.91,-0.83,-0.84,1.0,0.49,0.5,0.5,1.21,-0.96,-0.97,-0.98,-0.92,-1.0,-0.85{}{}-0.12,-0.84,-0.85,-0.87,0.44,0.42,0.45,0.51,0.65,0.81,0.1,-0.16,2.53,2.51,2.57,-0.09,-0.77,-0.77,0.58,0.58,0.57,0.58,0.65,0.77,0.9,0.18,0.18,0.37,0.66,0.91,1.07,0.44,0.29,0.27,0.56,0.41,3.0,2.91,2.94,0.72,0.7,0.7,0.74,0.81,0.91,1.03,0.58,0.35,0.33,0.51,0.74,0.93,0.5,0.86,0.78,0.62,3.35,0.83,0.88,0.91,0.99,1.05,1.1{}{}[]{}
Time,1677616163.828699{}-0.1428,0.0093,0.9192{}1.15{}6.87,15.98,0{}(13.004456099999999,77.6813427){}-1.08,-0.87{}0{}{}{}{}{}{}{}{}[]{}
Time,1677616163.944314{}-0.1428,0.0093,0.9192{}1.15{}6.87,15.98,0{}(13.004456099999999,77.6813427){}-1.08,-0.87{}44{}{}0.12,3.01,3.0,3.0,3.03,0.13,2.92,2.96,3.13,4.56,4.72,3.69,4.76,4.12,4.33,4.81,4.4,4.83,6.85,6.86,4.68,4.26,4.76,4.28,4.49,4.75,4.53,4.7,4.5,4.64,4.53,4.69,4.84,4.45,4.46,4.46,4.48,4.78,4.74,5.48,5.51,5.54,3.06,3.06{}{}-0.05,1.67,1.68,1.69,1.71,-0.05,1.67,1.71,1.72,-0.15,-0.45,-2.09,-0.6,-1.8,-1.66,-0.45,-1.67,-0.3,-2.06,-2.07,-0.15,-2.08,-0.45,-1.94,-1.65,-0.6,-1.66,-0.45,-1.82,-0.3,-1.83,-0.31,-1.78,-1.8,-1.81,-1.82,-1.83,-1.78,-1.95,-2.08,-2.08,-2.09,1.68,1.69{}{}-0.11,0.94,1.04,1.09,1.06,-0.1,1.18,1.25,0.82,-1.36,-0.68,-2.21,-0.35,-1.71,-1.36,0.04,-1.22,0.41,1.56,1.65,-0.88,-0.44,-0.05,-0.88,-0.5,0.45,-0.25,1.02,-0.13,1.41,-0.13,1.33,0.48,0.27,0.49,0.61,0.63,0.86,0.88,3.13,3.13,3.12,0.83,0.9{}{}[]{}
Time,1677616164.045694{}-0.1428,0.0093,0.9192{}1.15{}6.72,15.98,0{}(13.004456099999999,77.6813427){}-0.83,-0.98{}0{}{}{}{}{}{}{}{}[]{}
Time,1677616164.1703982{}-0.1428,0.0093,0.9192{}1.15{}6.72,15.98,0{}(13.004456099999999,77.6813427){}-0.83,-0.98{}65{}{}0.12,3.47,3.46,3.46,3.46,3.46,3.44,3.4,4.68,4.71,4.73,6.86,7.0,7.03,7.05,7.18,7.21,0.13,3.39,3.39,3.4,3.4,3.39,3.36,3.72,3.75,4.64,4.66,4.68,4.71,4.73,4.74,4.77,7.0,7.02,7.15,7.17,3.29,3.3,3.31,3.31,3.29,3.26,3.2,3.65,3.68,4.63,4.65,4.67,4.69,4.7,4.7,4.65,4.56,4.62,4.63,4.6,4.6,4.63,4.49,6.97,6.99,7.01,7.04,7.06{}{}-0.05,0.11,0.23,0.23,0.23,0.23,0.23,0.35,-1.54,-1.55,-1.56,3.64,3.41,3.42,3.43,3.19,3.2,-0.05,0.11,0.11,0.11,0.23,0.23,0.23,-0.13,-0.13,-1.53,-1.53,-1.54,-1.55,-1.56,-1.56,-1.41,3.41,3.42,3.18,3.19,0.0,0.11,0.11,0.11,0.23,0.23,0.23,-0.13,-0.13,-1.53,-1.53,-1.54,-1.55,-1.56,-1.56,-1.57,-1.68,-1.53,-1.54,-1.7,-1.71,-1.56,-1.57,3.4,3.41,3.42,3.43,3.44{}{}-0.11,0.92,1.02,1.09,1.17,1.25,1.37,1.52,-0.16,-0.15,-0.07,-0.01,-0.09,-0.08,-0.07,0.03,0.16,-0.1,1.18,1.23,1.28,1.35,1.44,1.55,1.48,1.48,0.01,0.03,0.08,0.13,0.22,0.37,0.72,0.35,0.37,0.44,0.48,1.44,1.47,1.5,1.56,1.64,1.75,1.91,1.65,1.63,0.28,0.33,0.38,0.45,0.54,0.7,1.08,0.51,0.61,0.69,0.74,0.84,1.08,1.64,-0.46,-0.44,-0.41,-0.39,-0.3{}{}[]{}
Time,1677616164.272686{}-0.1428,0.0093,0.9192{}1.16{}6.62,15.94,0{}(13.004453,77.68134239999999){}-0.36,-1.02{}0{}{}{}{}{}{}{}{}[]{}
Time,1677616164.3875954{}-0.1428,0.0093,0.9192{}1.16{}6.62,15.94,0{}(13.004453,77.68134239999999){}-0.36,-1.02{}43{}{}0.11,3.05,3.05,3.05,7.88,7.9,8.55,8.57,9.3,10.17,10.2,9.99,9.97,12.61,13.33,0.13,2.8,2.85,2.83,2.78,2.83,2.81,7.88,7.91,8.57,8.59,9.27,9.29,9.32,9.6,9.59,14.05,2.62,2.69,2.65,2.54,2.55,7.85,7.87,9.28,13.98,13.98,13.97{}{}-0.06,-1.32,-1.33,-1.33,-0.25,-0.25,0.54,0.54,1.17,2.65,2.66,2.48,2.13,4.62,5.39,-0.05,-1.41,-1.42,-1.43,-1.44,-1.33,-1.33,-0.25,-0.25,0.27,0.27,1.17,1.17,1.18,2.12,2.13,-2.76,-1.41,-1.42,-1.43,-1.44,-1.33,-0.49,-0.49,0.88,-3.21,-3.22,-3.22{}{}-0.12,1.91,1.95,1.99,-0.36,-0.31,-0.32,-0.29,-0.11,1.36,1.36,4.73,5.01,-0.06,-0.09,-0.1,2.08,2.04,2.11,2.21,2.26,2.33,0.07,0.12,-0.02,0.11,0.33,0.4,0.37,5.64,5.7,3.34,2.3,2.26,2.34,2.49,2.58,0.54,0.6,0.97,3.1,3.23,3.37{}{}[]{}
Time,1677616164.4954467{}-0.1428,0.0093,0.9192{}1.16{}6.6,15.87,0{}(13.004453,77.68134239999999){}0.0,-0.79{}0{}{}{}{}{}{}{}{}[]{}
Time,1677616164.6185453{}-0.1428,0.0093,0.9192{}1.16{}6.59,15.83,0{}(13.004453,77.68134239999999){}0.13,-0.35{}68{}{}0.11,8.04,8.06,8.08,8.1,9.08,9.11,8.99,8.98,9.03,9.17,9.22,9.22,12.87,12.9,12.94,12.91,14.38,14.42,14.45,14.56,14.58,14.61,14.65,0.13,8.03,8.04,8.06,8.08,9.07,9.09,9.11,9.13,8.81,8.79,8.85,8.92,9.0,9.08,10.15,12.76,12.8,12.85,12.87,14.38,14.4,14.42,14.44,14.46,14.41,14.43,14.46,14.5,7.99,8.0,8.02,8.04,8.97,8.98,8.99,9.0,8.5,8.58,8.63,8.71,8.79,8.88,12.65{}{}-0.06,-3.25,-3.26,-3.27,-3.28,-2.66,-2.67,-2.71,-2.71,-2.72,-2.42,-2.43,-2.74,-3.35,-3.35,-3.36,-3.78,-0.9,-0.9,-0.91,-0.46,-0.46,-0.46,-0.46,-0.05,-3.25,-3.26,-3.27,-3.28,-2.66,-2.66,-2.67,-2.68,-2.71,-2.71,-2.72,-2.73,-2.73,-2.74,-2.28,-3.35,-3.35,-3.36,-3.78,-0.9,-0.9,-0.9,-0.91,-0.91,-0.46,-0.46,-0.46,-0.46,-3.25,-3.26,-3.27,-3.28,-2.95,-2.96,-2.97,-2.98,-3.01,-2.71,-2.72,-2.73,-2.73,-2.74,-3.78{}{}-0.12,-0.11,0.07,0.2,0.37,-0.47,-0.33,2.12,2.25,2.13,2.0,1.87,1.55,1.46,1.45,1.28,-0.22,-0.78,-0.49,-0.33,1.35,1.39,1.34,1.17,-0.1,0.38,0.5,0.57,0.58,-0.12,0.07,0.21,0.36,2.76,2.89,2.79,2.64,2.46,2.24,0.13,2.25,2.15,2.0,1.09,0.09,0.27,0.43,0.51,0.62,2.44,2.49,2.47,2.38,0.86,0.97,1.01,1.0,0.39,0.6,0.76,0.9,3.36,3.47,3.41,3.28,3.13,2.94,2.46{}{}[]{}
Time,1677616164.7199485{}-0.1305,0.0144,2.7634{}1.13{}6.59,15.83,0{}(13.00445,77.68133859999999){}0.13,-0.35{}0{}{}{}{}{}{}{}{}[]{}
Time,1677616164.8241065{}-0.1305,0.0144,2.7634{}1.13{}6.58,15.82,0{}(13.00445,77.68133859999999){}0.15,0.0{}4{}{}0.11,0.13,11.54,13.95{}{}-0.06,-0.05,-6.52,7.41{}{}-0.12,-0.1,4.23,-0.22{}{}[]{}
Time,1677616164.9306872{}-0.1305,0.0144,2.7634{}1.13{}6.58,15.82,0{}(13.00445,77.68133859999999){}0.15,0.0{}12{}{}0.12,8.24,8.13,8.09,8.5,8.08,13.37,0.13,7.92,8.42,8.45,8.58{}{}-0.05,-2.48,-2.21,-2.22,-2.22,-2.23,4.55,-0.05,-2.2,-2.21,-2.49,-2.22{}{}-0.11,1.91,2.68,2.87,-1.32,-3.03,3.51,-0.1,3.19,1.56,0.97,-0.66{}{}[]{}
Time,1677616165.0411685{}-0.1305,0.0144,2.7634{}1.13{}6.55,15.84,0{}(13.00445,77.68133859999999){}0.08,0.18{}18{}{}0.12,1.02,1.22,0.98,1.17,0.81,1.09,1.11,0.94,1.09,14.77,14.96,14.99,0.13,14.88,14.79,14.98,14.83{}{}-0.05,-0.21,0.33,-0.21,0.29,-0.21,0.3,-0.48,0.3,-0.49,5.41,4.93,4.94,-0.05,4.93,5.41,4.93,5.43{}{}-0.11,-0.8,-0.37,-0.9,-0.59,-1.08,-0.77,-0.69,-0.98,-0.76,0.69,0.85,0.81,-0.1,1.79,-0.23,-0.25,-0.32{}{}[]{}
Time,1677616165.1448767{}-0.1305,0.0144,2.7634{}1.13{}6.55,15.84,0{}(13.00445,77.68133859999999){}0.08,0.18{}2{}{}0.11,0.13{}{}-0.06,-0.05{}{}-0.12,-0.1{}{}[]{}
Time,1677616165.2514217{}-0.1305,0.0144,2.7634{}1.09{}6.5,15.87,0{}(13.0044492,77.68133759999999){}-0.01,0.22{}8{}{}0.12,15.05,15.05,15.05,0.13,14.94,15.11,15.12{}{}-0.05,4.42,4.43,4.44,-0.05,4.91,4.43,4.44{}{}-0.11,1.16,1.41,1.66,-0.09,0.04,0.43,0.65{}{}[]{}
Time,1677616165.3594882{}-0.1305,0.0144,2.7634{}1.09{}6.5,15.87,0{}(13.0044492,77.68133759999999){}-0.01,0.22{}16{}{}0.11,0.94,0.9,0.92,0.93,14.82,14.93,14.9,0.13,0.89,0.83,0.83,0.86,14.9,14.89,15.03{}{}-0.06,-0.32,-0.37,-0.38,-0.43,4.91,4.42,4.43,-0.05,-0.28,-0.37,-0.38,-0.38,4.91,4.91,4.43{}{}-0.12,-0.83,-0.89,-0.91,-0.91,1.66,2.22,2.54,-0.1,-0.89,-0.95,-0.98,-0.99,0.73,1.14,1.57{}{}[]{}
Time,1677616165.4645295{}-0.1305,0.0144,2.7634{}1.09{}6.44,15.89,0{}(13.0044492,77.68133759999999){}-0.09,0.19{}2{}{}0.12,0.13{}{}-0.05,-0.05{}{}-0.11,-0.09{}{}[]{}
Time,1677616165.5658884{}-0.1305,0.0144,2.7634{}1.09{}6.44,15.89,0{}(13.0044492,77.68133759999999){}-0.09,0.19{}0{}{}{}{}{}{}{}{}[]{}
Time,1677616165.6675634{}-0.1305,0.0144,2.7634{}1.09{}6.36,15.86,0{}(13.0044492,77.68133759999999){}-0.2,0.15{}0{}{}{}{}{}{}{}{}[]{}
Time,1677616165.7694528{}-0.1699,-0.0337,2.7083{}1.08{}6.36,15.86,0{}(13.0044475,77.6813363){}-0.2,0.15{}0{}{}{}{}{}{}{}{}[]{}
Time,1677616165.8756075{}-0.1699,-0.0337,2.7083{}1.08{}6.29,15.84,0{}(13.0044475,77.6813363){}-0.08,0.23{}5{}{}0.12,0.9,0.93,11.31,0.13{}{}-0.05,-0.33,-0.34,-6.5,-0.05{}{}-0.11,-0.67,-0.68,4.71,-0.1{}{}[]{}
Time,1677616165.9818816{}-0.1699,-0.0337,2.7083{}1.08{}6.25,15.82,0{}(13.0044475,77.6813363){}0.04,0.37{}8{}{}0.11,0.86,0.86,0.87,0.13,0.8,0.77,0.77{}{}-0.06,-0.25,-0.29,-0.33,-0.05,-0.25,-0.25,-0.33{}{}-0.12,-0.68,-0.7,-0.72,-0.1,-0.75,-0.81,-0.82{}{}[]{}
Time,1677616166.0832696{}-0.1699,-0.0337,2.7083{}1.08{}6.25,15.82,0{}(13.0044475,77.6813363){}0.04,0.37{}0{}{}{}{}{}{}{}{}[]{}
Time,1677616166.184631{}-0.1699,-0.0337,2.7083{}1.08{}6.25,15.82,0{}(13.0044475,77.6813363){}0.04,0.37{}0{}{}{}{}{}{}{}{}[]{}
Time,1677616166.2905977{}-0.1699,-0.0337,2.7083{}0.92{}6.23,15.82,0{}(13.004445899999999,77.68133379999999){}0.14,0.52{}0{}{}{}{}{}{}{}{}[]{}
Time,1677616166.3967445{}-0.1699,-0.0337,2.7083{}0.92{}6.22,15.83,0{}(13.004445899999999,77.68133379999999){}0.19,0.63{}23{}{}0.11,0.79,4.61,4.7,4.62,4.68,4.72,8.76,0.13,4.64,0.7,0.67,0.63,0.64,0.72,0.71,0.7,0.76,4.81,4.83,4.75,4.9,4.83{}{}-0.06,-0.06,-2.56,-2.4,-2.61,-2.62,-2.63,-1.68,-0.05,-2.44,0.0,0.0,0.03,0.03,-0.03,-0.03,0.0,-0.03,-2.39,-2.4,-2.61,-2.45,-2.63{}{}-0.12,-0.58,1.44,1.52,1.69,1.58,1.54,0.55,-0.1,1.89,-0.61,-0.68,-0.74,-0.77,-0.58,-0.63,-0.68,-0.65,1.01,1.06,1.29,1.14,1.13{}{}[]{}
Time,1677616166.4980183{}-0.1699,-0.0337,2.7083{}0.92{}6.22,15.83,0{}(13.004445899999999,77.68133379999999){}0.19,0.63{}0{}{}{}{}{}{}{}{}[]{}
Time,1677616166.5995889{}-0.1699,-0.0337,2.7083{}0.92{}6.21,15.84,0{}(13.004445899999999,77.68133379999999){}0.2,0.69{}0{}{}{}{}{}{}{}{}[]{}
Time,1677616166.7047648{}-0.1699,-0.0337,2.7083{}0.6{}6.21,15.84,0{}(13.004444399999999,77.6813322){}0.2,0.69{}17{}{}0.11,12.56,12.77,0.13,12.27,12.18,0.53,0.52,0.55,0.47,0.42,4.78,4.78,4.8,4.95,5.06,12.86{}{}-0.06,-6.38,-5.93,-0.05,-6.38,-6.39,0.11,-0.16,0.13,0.13,0.14,-2.59,-2.6,-2.61,-2.64,-2.72,-6.38{}{}-0.12,3.76,3.86,-0.1,4.61,4.91,-0.14,-0.14,-0.17,0.37,0.45,0.98,1.04,1.06,0.55,0.84,2.55{}{}[]{}
Time,1677616166.8080704{}-0.0738,0.0031,2.634{}0.6{}6.18,15.85,0{}(13.004444399999999,77.6813322){}0.22,0.7{}0{}{}{}{}{}{}{}{}[]{}
Time,1677616166.909094{}-0.0738,0.0031,2.634{}0.6{}6.18,15.85,0{}(13.004444399999999,77.6813322){}0.22,0.7{}0{}{}{}{}{}{}{}{}[]{}
Time,1677616167.010326{}-0.0738,0.0031,2.634{}0.6{}6.18,15.86,0{}(13.004444399999999,77.6813322){}0.3,0.74{}0{}{}{}{}{}{}{}{}[]{}
Time,1677616167.1151357{}-0.0738,0.0031,2.634{}0.6{}6.18,15.86,0{}(13.004444399999999,77.6813322){}0.3,0.74{}7{}{}0.12,4.68,0.13,4.74,4.79,5.07,5.0{}{}-0.05,-2.6,-0.05,-2.6,-2.61,-2.71,-2.75{}{}-0.11,1.44,-0.1,1.21,1.1,0.64,1.34{}{}[]{}
Time,1677616167.2212777{}-0.0738,0.0031,2.634{}0.38{}6.2,15.84,0{}(13.0044439,77.68132829999999){}0.37,0.75{}15{}{}0.11,4.62,4.62,4.61,4.92,4.98,12.8,0.13,4.49,4.82,4.71,4.7,4.69,4.98,12.88{}{}-0.06,-2.56,-2.58,-2.59,-2.74,-2.76,-6.27,-0.05,-2.58,-2.75,-2.56,-2.58,-2.59,-2.72,-6.27{}{}-0.12,1.41,1.49,1.58,1.54,1.49,1.52,-0.1,1.83,1.9,1.08,1.21,1.33,1.26,0.6{}{}[]{}
Time,1677616167.3326385{}-0.0738,0.0031,2.634{}0.38{}6.2,15.84,0{}(13.0044439,77.68132829999999){}0.37,0.75{}26{}{}0.12,0.43,4.5,4.52,4.57,4.65,4.76,4.84,4.9,13.05,13.04,0.13,4.49,4.62,4.74,4.84,0.42,4.76,4.83,4.91,4.87,4.9,4.92,4.94,4.96,4.98{}{}-0.05,0.2,-2.55,-2.56,-2.58,-2.59,-2.6,-2.61,-2.63,-5.47,-5.48,-0.05,-2.59,-2.6,-2.61,-2.64,0.2,-2.39,-2.4,-2.41,-2.6,-2.61,-2.62,-2.63,-2.64,-2.66{}{}-0.11,-0.24,1.7,1.7,1.64,1.46,1.13,0.87,0.77,3.5,3.65,-0.1,1.91,1.62,1.32,1.18,-0.27,1.23,1.05,0.75,0.53,0.37,0.39,0.42,0.45,0.46{}{}[]{}
Time,1677616167.4446335{}-0.0738,0.0031,2.634{}0.38{}6.21,15.8,0{}(13.0044439,77.68132829999999){}0.4,0.77{}30{}{}0.11,0.4,0.42,0.42,0.44,4.83,4.79,4.75,4.69,4.64,0.13,0.41,0.44,0.45,0.45,4.79,4.71,4.64,4.57,0.38,0.4,0.42,4.86,4.85,4.83,4.8,4.75,4.7,4.68,4.87{}{}-0.06,-0.1,-0.12,-0.09,-0.08,-2.59,-2.6,-2.61,-2.62,-2.63,-0.05,-0.1,-0.11,-0.11,-0.08,-2.59,-2.6,-2.61,-2.62,-0.1,-0.11,-0.08,-2.59,-2.6,-2.61,-2.62,-2.63,-2.64,-2.66,-2.75{}{}-0.12,-0.21,-0.22,-0.23,-0.26,0.67,1.02,1.28,1.54,1.75,-0.1,-0.18,-0.19,-0.21,-0.23,0.88,1.35,1.64,1.88,-0.24,-0.26,-0.29,0.36,0.64,0.9,1.18,1.44,1.64,1.78,1.75{}{}[]{}
Time,1677616167.5468354{}-0.0738,0.0031,2.634{}0.38{}6.21,15.8,0{}(13.0044439,77.68132829999999){}0.4,0.77{}0{}{}{}{}{}{}{}{}[]{}
Time,1677616167.6593254{}-0.0738,0.0031,2.634{}0.38{}6.2,15.72,0{}(13.0044439,77.68132829999999){}0.36,0.73{}32{}{}0.11,4.83,4.79,4.73,4.61,4.76,4.88,4.94,5.0,5.07,5.14,0.13,4.74,4.69,4.62,4.5,4.8,4.89,4.98,5.06,5.12,4.98,4.96,4.83,4.71,4.49,4.72,4.85,4.95,5.09,5.14,5.19{}{}-0.06,-2.4,-2.41,-2.43,-2.44,-2.64,-2.66,-2.74,-2.75,-2.76,-2.77,-0.05,-2.4,-2.41,-2.43,-2.44,-2.66,-2.75,-2.76,-2.77,-2.78,-2.23,-2.24,-2.43,-2.44,-2.45,-2.46,-2.64,-2.66,-2.75,-2.76,-2.77{}{}-0.12,1.03,1.3,1.57,1.95,1.46,1.09,1.46,1.34,1.15,0.93,-0.1,1.38,1.62,1.87,2.19,1.42,1.69,1.51,1.27,1.11,0.64,0.92,1.23,1.7,2.27,1.79,1.15,0.73,0.94,0.76,0.53{}{}[]{}
Time,1677616167.772779{}-0.0319,-0.011,2.5683{}0.25{}6.2,15.72,0{}(13.0044422,77.6813183){}0.36,0.73{}34{}{}0.11,4.77,4.79,4.8,4.83,4.9,4.94,4.96,4.97,4.96,4.96,12.94,12.92,0.13,4.53,4.67,4.69,4.72,4.81,4.82,4.84,4.84,4.84,4.84,4.85,4.87,4.89,4.92,5.07,5.04,5.05,5.05,5.05,5.05{}{}-0.06,-2.4,-2.41,-2.43,-2.44,-2.45,-2.72,-2.74,-2.75,-2.76,-2.77,-5.47,-5.48,-0.05,-2.58,-2.41,-2.43,-2.44,-2.45,-2.72,-2.74,-2.75,-2.76,-2.77,-2.4,-2.41,-2.43,-2.44,-2.27,-2.72,-2.74,-2.75,-2.76,-2.77{}{}-0.12,1.31,1.31,1.33,1.31,1.11,1.39,1.42,1.46,1.55,1.64,3.89,4.03,-0.1,1.74,1.67,1.68,1.67,1.48,1.76,1.78,1.84,1.9,1.95,0.93,0.96,0.98,0.95,0.63,0.97,1.04,1.14,1.23,1.32{}{}[]{}
Time,1677616167.8747697{}-0.0319,-0.011,2.5683{}0.25{}6.17,15.61,0{}(13.0044422,77.6813183){}0.33,0.71{}0{}{}{}{}{}{}{}{}[]{}
Time,1677616167.9808822{}-0.0319,-0.011,2.5683{}0.25{}6.17,15.61,0{}(13.0044422,77.6813183){}0.33,0.69{}0{}{}{}{}{}{}{}{}[]{}
Time,1677616168.0939856{}-0.0319,-0.011,2.5683{}0.25{}6.13,15.49,0{}(13.0044422,77.6813183){}0.33,0.69{}34{}{}0.11,4.75,4.81,4.88,5.0,4.93,4.92,4.98,4.89,5.04,5.06,5.09,5.03,5.14,5.02,4.9,0.13,4.77,4.98,4.9,4.87,4.91,4.91,4.86,4.99,5.02,4.95,5.01,5.03,5.03,4.94,5.04,5.09,5.11{}{}-0.06,-2.58,-2.59,-2.6,-2.44,-2.62,-2.63,-2.47,-2.66,-2.49,-2.5,-2.51,-2.7,-2.53,-2.72,-2.75,-0.05,-2.59,-2.44,-2.62,-2.63,-2.47,-2.48,-2.67,-2.5,-2.51,-2.7,-2.44,-2.45,-2.46,-2.64,-2.48,-2.49,-2.5{}{}-0.12,0.97,0.82,0.4,0.29,0.34,0.64,0.94,1.05,0.9,0.87,0.86,0.81,0.79,1.09,1.68,-0.1,1.01,0.51,0.6,0.97,1.26,1.37,1.26,1.22,1.21,1.19,0.01,0.12,0.4,0.66,0.72,0.56,0.54{}{}[]{}
Time,1677616168.1979356{}-0.0319,-0.011,2.5683{}0.32{}6.13,15.49,0{}(13.004440599999999,77.6813117){}0.33,0.69{}0{}{}{}{}{}{}{}{}[]{}
Time,1677616168.3003356{}-0.0319,-0.011,2.5683{}0.32{}6.1,15.34,0{}(13.004440599999999,77.6813117){}0.31,0.65{}0{}{}{}{}{}{}{}{}[]{}
Time,1677616168.4023721{}-0.0319,-0.011,2.5683{}0.32{}6.07,15.2,0{}(13.004440599999999,77.6813117){}0.31,0.63{}0{}{}{}{}{}{}{}{}[]{}
Time,1677616168.5062394{}-0.0319,-0.011,2.5683{}0.32{}6.07,15.2,0{}(13.004440599999999,77.6813117){}0.31,0.63{}0{}{}{}{}{}{}{}{}[]{}
Time,1677616168.6246474{}-0.0319,-0.011,2.5683{}0.32{}6.05,15.07,0{}(13.004440599999999,77.6813117){}0.3,0.61{}27{}{}0.11,4.7,4.71,4.72,4.67,4.93,4.94,4.95,4.94,12.96,0.13,4.53,4.57,4.72,4.57,4.78,4.89,4.77,4.76,4.9,4.91,4.82,4.87,4.87,4.99,5.0,5.09{}{}-0.06,-2.39,-2.4,-2.41,-2.6,-2.44,-2.45,-2.46,-2.47,-5.48,-0.05,-2.39,-2.4,-2.24,-2.6,-2.61,-2.45,-2.63,-2.64,-2.22,-2.23,-2.41,-2.43,-2.61,-2.45,-2.46,-2.29{}{}-0.12,1.46,1.48,1.54,1.48,0.88,0.91,1.03,1.14,3.9,-0.1,1.92,1.87,1.76,1.76,1.17,1.19,1.35,1.47,0.98,1.03,1.18,1.07,0.66,0.63,0.73,0.82{}{}[]{}
Time,1677616168.7303317{}-0.0279,-0.007,2.5708{}0.07{}6.05,15.07,0{}(13.0044396,77.6813087){}0.3,0.61{}0{}{}{}{}{}{}{}{}[]{}
Time,1677616168.8324635{}-0.0279,-0.007,2.5708{}0.07{}6.02,14.92,0{}(13.0044396,77.6813087){}0.29,0.57{}0{}{}{}{}{}{}{}{}[]{}
Time,1677616168.946142{}-0.0279,-0.007,2.5708{}0.07{}6.02,14.92,0{}(13.0044396,77.6813087){}0.29,0.57{}30{}{}0.11,4.67,4.78,4.77,4.75,4.71,4.61,5.02,5.0,5.0,5.02,5.02,5.11,0.13,4.53,4.53,4.53,4.95,4.91,4.92,4.87,4.86,4.94,4.82,4.73,5.06,5.06,5.07,5.18,5.1{}{}-0.06,-2.56,-2.4,-2.41,-2.43,-2.44,-2.45,-2.72,-2.74,-2.75,-2.76,-2.77,-2.6,-0.05,-2.56,-2.58,-2.59,-2.72,-2.76,-2.77,-2.4,-2.41,-2.25,-2.44,-2.45,-2.72,-2.74,-2.75,-2.57,-2.77{}{}-0.12,1.23,1.27,1.37,1.5,1.69,2.0,1.09,1.25,1.33,1.36,1.42,1.52,-0.1,1.67,1.73,1.79,1.35,1.71,1.75,0.86,0.99,1.1,1.36,1.71,0.85,0.98,1.04,1.06,1.11{}{}[]{}
Time,1677616169.0605478{}-0.0279,-0.007,2.5708{}0.07{}5.99,14.79,0{}(13.0044396,77.6813087){}0.28,0.55{}34{}{}0.11,4.74,4.73,4.67,4.68,4.9,4.88,4.92,4.77,4.87,4.82,4.9,5.03,12.97,12.73,0.13,4.66,4.63,4.85,4.81,4.73,4.64,4.62,4.68,12.43,4.81,4.82,4.8,5.0,5.0,4.98,4.96,4.88,5.01{}{}-0.06,-2.39,-2.4,-2.41,-2.6,-2.61,-2.62,-2.46,-2.64,-2.48,-2.67,-2.74,-2.56,-5.47,-5.93,-0.05,-2.39,-2.4,-2.61,-2.62,-2.63,-2.64,-2.66,-2.67,-5.93,-2.39,-2.4,-2.41,-2.44,-2.45,-2.46,-2.47,-2.66,-2.49{}{}-0.12,1.31,1.42,1.67,1.42,0.47,0.78,1.15,1.43,1.5,1.41,1.59,1.59,3.79,3.98,-0.1,1.56,1.71,0.78,1.11,1.48,1.82,1.92,1.84,4.85,1.03,1.08,1.26,0.26,0.52,0.83,1.06,1.1,1.02{}{}[]{}
Time,1677616169.1627696{}-0.0279,-0.007,2.5708{}0.07{}5.99,14.79,0{}(13.0044396,77.6813087){}0.28,0.55{}0{}{}{}{}{}{}{}{}[]{}
Time,1677616169.2740376{}-0.0279,-0.007,2.5708{}0.07{}5.97,14.66,0{}(13.0044392,77.6813074){}0.28,0.53{}29{}{}0.12,4.59,4.7,4.75,4.85,4.92,5.04,4.94,4.94,4.96,4.99,5.01,5.01,12.71,12.88,0.13,4.56,4.62,4.84,12.41,12.36,4.77,4.9,4.91,5.04,5.06,5.08,5.11,5.11{}{}-0.05,-2.38,-2.39,-2.4,-2.24,-2.44,-2.27,-2.72,-2.74,-2.75,-2.76,-2.77,-2.78,-5.92,-5.48,-0.05,-2.39,-2.4,-2.45,-5.92,-5.93,-2.39,-2.23,-2.24,-2.74,-2.75,-2.76,-2.77,-2.78{}{}-0.11,1.72,1.45,1.36,1.37,0.94,0.84,1.39,1.48,1.49,1.46,1.46,1.56,3.98,4.18,-0.1,1.85,1.75,1.35,4.84,5.02,1.19,1.09,1.13,1.09,1.1,1.09,1.07,1.16{}{}[]{}
Time,1677616169.3861732{}-0.0279,-0.007,2.5708{}0.07{}5.97,14.66,0{}(13.0044392,77.6813074){}0.28,0.52{}31{}{}0.12,4.61,4.71,4.75,4.78,4.82,4.91,5.05,4.97,4.95,4.96,0.13,4.59,4.65,4.69,4.75,4.86,4.9,4.89,4.74,4.74,4.8,4.83,4.85,4.88,4.94,5.0,5.02,5.02,4.98,5.12{}{}-0.05,-2.38,-2.39,-2.4,-2.41,-2.43,-2.44,-2.27,-2.46,-2.47,-2.48,-0.05,-2.39,-2.4,-2.41,-2.43,-2.44,-2.45,-2.46,-2.64,-2.66,-2.39,-2.4,-2.41,-2.43,-2.44,-2.45,-2.46,-2.47,-2.74,-2.76{}{}-0.11,1.64,1.42,1.37,1.34,1.26,0.97,0.78,0.92,1.09,1.16,-0.1,1.77,1.66,1.61,1.52,1.21,1.12,1.28,1.53,1.6,1.05,1.03,1.05,1.03,0.79,0.51,0.58,0.74,1.32,0.91{}{}[]{}
Time,1677616169.4882557{}-0.0279,-0.007,2.5708{}0.07{}5.96,14.57,0{}(13.0044392,77.6813074){}0.28,0.52{}0{}{}{}{}{}{}{}{}[]{}
Time,1677616169.5963037{}-0.0279,-0.007,2.5708{}0.07{}5.95,14.46,0{}(13.0044392,77.6813074){}0.28,0.51{}0{}{}{}{}{}{}{}{}[]{}
Time,1677616169.7121878{}-0.0225,-0.005,2.5724{}0.07{}5.95,14.46,0{}(13.004439999999999,77.6813052){}0.28,0.51{}31{}{}0.12,4.71,4.82,4.82,4.82,4.81,4.67,4.64,4.64,4.92,5.07,5.15,12.81,12.95,0.13,4.65,4.64,4.62,4.59,4.75,4.81,4.98,4.88,4.89,4.9,4.8,4.78,4.86,5.06,5.21,5.29{}{}-0.05,-2.56,-2.4,-2.41,-2.43,-2.44,-2.62,-2.63,-2.64,-2.55,-2.38,-2.39,-5.92,-5.48,-0.05,-2.58,-2.59,-2.6,-2.61,-2.55,-2.56,-2.39,-2.4,-2.41,-2.43,-2.61,-2.62,-2.46,-2.55,-2.38,-2.39{}{}-0.11,1.1,1.1,1.16,1.26,1.41,1.6,1.75,1.83,1.81,1.72,1.55,3.64,3.93,-0.1,1.39,1.49,1.61,1.76,2.23,2.16,2.02,0.78,0.84,0.91,1.07,1.26,1.38,1.4,1.24,0.96{}{}[]{}
Time,1677616169.8134992{}-0.0225,-0.005,2.5724{}0.07{}5.95,14.36,0{}(13.004439999999999,77.6813052){}0.28,0.49{}0{}{}{}{}{}{}{}{}[]{}
Time,1677616169.9153{}-0.0225,-0.005,2.5724{}0.07{}5.95,14.36,0{}(13.004439999999999,77.6813052){}0.28,0.49{}0{}{}{}{}{}{}{}{}[]{}
Time,1677616170.0278957{}-0.0225,-0.005,2.5724{}0.07{}5.94,14.24,0{}(13.004439999999999,77.6813052){}0.28,0.46{}43{}{}0.12,4.69,4.86,4.91,4.93,4.85,4.86,4.87,4.98,5.0,5.02,5.06,5.11,0.13,4.66,4.7,4.73,4.84,4.76,4.76,4.9,4.9,4.92,4.96,5.01,4.75,4.76,4.78,4.64,4.66,4.59,4.67,4.9,4.97,4.99,5.01,5.02,5.04,5.07,5.1,5.13,5.18,5.24{}{}-0.05,-2.59,-2.43,-2.44,-2.45,-2.63,-2.64,-2.66,-2.72,-2.74,-2.75,-2.76,-2.77,-0.05,-2.59,-2.6,-2.61,-2.45,-2.63,-2.64,-2.72,-2.74,-2.75,-2.76,-2.77,-2.39,-2.4,-2.41,-2.38,-2.39,-2.58,-2.59,-2.43,-2.44,-2.45,-2.46,-2.47,-2.72,-2.74,-2.75,-2.76,-2.77,-2.78{}{}-0.11,1.33,1.09,0.98,0.98,1.04,1.11,1.14,1.23,1.27,1.27,1.2,1.06,-0.1,1.43,1.38,1.34,1.35,1.4,1.48,1.54,1.59,1.61,1.57,1.48,1.27,1.31,1.35,1.56,1.57,1.57,1.41,0.93,0.64,0.61,0.67,0.72,0.95,0.95,0.91,0.81,0.63,0.22{}{}[]{}
Time,1677616170.130381{}-0.0225,-0.005,2.5724{}0.07{}5.94,14.24,0{}(13.004439999999999,77.6813052){}0.28,0.46{}0{}{}{}{}{}{}{}{}[]{}
Time,1677616170.2377088{}-0.0225,-0.005,2.5724{}0.07{}5.94,14.15,0{}(13.0044405,77.6813056){}0.27,0.45{}22{}{}0.11,4.67,4.69,4.72,4.78,4.64,4.82,4.77,0.13,4.65,4.67,4.69,4.67,4.59,4.64,4.74,4.76,4.88,4.93,4.76,4.92,4.87{}{}-0.06,-2.58,-2.59,-2.6,-2.61,-2.63,-2.47,-2.66,-0.05,-2.4,-2.41,-2.43,-2.61,-2.64,-2.66,-2.58,-2.59,-2.43,-2.44,-2.63,-2.47,-2.66{}{}-0.12,1.31,1.34,1.3,1.18,1.75,1.57,1.52,-0.1,1.66,1.69,1.68,1.54,1.94,1.87,1.05,1.05,1.0,0.87,1.39,1.22,1.16{}{}[]{}
Time,1677616170.3475022{}-0.0225,-0.005,2.5724{}0.07{}5.94,14.15,0{}(13.0044405,77.6813056){}0.27,0.45{}36{}{}0.11,4.81,4.82,4.83,4.85,4.86,4.87,4.88,4.8,5.03,4.95,0.13,4.63,4.62,4.63,4.74,4.65,4.75,4.68,4.68,4.82,4.83,4.86,4.88,4.79,4.8,4.92,4.93,4.94,4.96,4.97,4.97,5.12,5.14,5.07,5.1{}{}-0.06,-2.4,-2.41,-2.43,-2.44,-2.45,-2.46,-2.47,-2.66,-2.54,-2.74,-0.05,-2.58,-2.59,-2.6,-2.44,-2.62,-2.46,-2.64,-2.66,-2.72,-2.74,-2.75,-2.76,-2.58,-2.59,-2.43,-2.44,-2.45,-2.46,-2.47,-2.48,-2.54,-2.55,-2.75,-2.76{}{}-0.12,1.15,1.19,1.21,1.25,1.29,1.34,1.39,1.41,1.4,1.42,-0.1,1.46,1.57,1.6,1.6,1.65,1.71,1.72,1.77,1.78,1.8,1.78,1.79,0.81,0.84,0.83,0.87,0.91,0.97,1.03,1.1,1.04,1.04,1.02,0.99{}{}[]{}
Time,1677616170.4546773{}-0.0225,-0.005,2.5724{}0.07{}5.94,14.08,0{}(13.0044405,77.6813056){}0.27,0.44{}19{}{}0.11,4.78,4.8,4.83,4.86,4.8,4.78,0.13,4.72,4.73,4.65,4.69,4.72,4.76,4.88,4.9,4.93,4.87,4.86{}{}-0.06,-2.4,-2.41,-2.43,-2.44,-2.62,-2.63,-0.05,-2.4,-2.41,-2.6,-2.61,-2.62,-2.58,-2.41,-2.43,-2.44,-2.62,-2.63{}{}-0.12,1.23,1.25,1.23,1.19,1.15,1.33,-0.1,1.45,1.51,1.55,1.47,1.44,0.93,0.91,0.91,0.87,0.82,0.99{}{}[]{}
Time,1677616170.5661576{}-0.0225,-0.005,2.5724{}0.07{}5.94,14.08,0{}(13.0044405,77.6813056){}0.27,0.44{}34{}{}0.12,4.56,4.67,4.68,4.79,4.92,4.84,4.83,4.9,4.87,5.08,5.09,13.01,12.98,0.13,4.65,4.6,4.58,4.57,4.57,4.74,4.76,4.73,4.7,4.73,4.77,4.87,4.98,4.99,4.99,4.99,4.97,5.14,5.17{}{}-0.05,-2.56,-2.4,-2.41,-2.43,-2.44,-2.62,-2.63,-2.47,-2.48,-2.74,-2.75,-5.47,-5.48,-0.05,-2.38,-2.39,-2.4,-2.41,-2.6,-2.61,-2.62,-2.63,-2.64,-2.4,-2.41,-2.43,-2.44,-2.45,-2.46,-2.47,-2.48,-2.74,-2.76{}{}-0.11,1.59,1.62,1.66,1.39,0.94,0.97,1.12,1.31,1.51,0.88,0.94,3.65,3.83,-0.1,1.54,1.74,1.86,1.93,1.76,1.31,1.33,1.49,1.65,1.44,1.37,1.06,0.55,0.59,0.75,0.93,1.14,0.42,0.58{}{}[]{}
Time,1677616170.6850767{}-0.0225,-0.005,2.5724{}0.07{}5.94,14.02,0{}(13.0044405,77.6813056){}0.27,0.43{}35{}{}0.12,4.6,4.68,4.71,4.73,4.75,4.79,4.87,5.04,5.03,4.98,4.99,5.01,0.13,4.57,4.59,4.6,4.62,4.66,4.77,4.85,4.93,4.96,4.84,4.79,4.81,4.84,4.88,4.94,5.09,5.11,5.02,5.03,5.16,5.17{}{}-0.05,-2.37,-2.38,-2.39,-2.4,-2.41,-2.43,-2.44,-2.5,-2.51,-2.74,-2.75,-2.76,-0.05,-2.38,-2.39,-2.4,-2.41,-2.43,-2.44,-2.68,-2.51,-2.76,-2.21,-2.39,-2.4,-2.41,-2.43,-2.44,-2.5,-2.51,-2.72,-2.74,-2.56,-2.57{}{}-0.11,1.61,1.45,1.43,1.43,1.43,1.37,1.14,1.02,1.14,1.33,1.38,1.4,-0.1,1.76,1.78,1.8,1.81,1.78,1.52,1.39,1.51,1.56,1.17,1.13,1.11,1.1,1.04,0.79,0.68,0.75,1.1,1.13,1.08,1.11{}{}[]{}
Time,1677616170.7905853{}-0.0178,-0.0036,2.5741{}0.07{}5.95,13.96,0{}(13.0044413,77.6813061){}0.27,0.43{}0{}{}{}{}{}{}{}{}[]{}
Time,1677616170.8925874{}-0.0178,-0.0036,2.5741{}0.07{}5.95,13.96,0{}(13.0044413,77.6813061){}0.27,0.43{}0{}{}{}{}{}{}{}{}[]{}
Time,1677616170.9935937{}-0.0178,-0.0036,2.5741{}0.07{}5.95,13.9,0{}(13.0044413,77.6813061){}0.27,0.41{}0{}{}{}{}{}{}{}{}[]{}
Time,1677616171.0956998{}-0.0178,-0.0036,2.5741{}0.07{}5.95,13.9,0{}(13.0044413,77.6813061){}0.27,0.41{}0{}{}{}{}{}{}{}{}[]{}
Time,1677616171.200423{}-0.0178,-0.0036,2.5741{}0.07{}5.95,13.9,0{}(13.004441799999999,77.6813057){}0.26,0.4{}0{}{}{}{}{}{}{}{}[]{}
Time,1677616171.3073196{}-0.0178,-0.0036,2.5741{}0.07{}5.95,13.84,0{}(13.004441799999999,77.6813057){}0.26,0.4{}0{}{}{}{}{}{}{}{}[]{}
Time,1677616171.4085703{}-0.0178,-0.0036,2.5741{}0.07{}5.95,13.77,0{}(13.004441799999999,77.6813057){}0.25,0.38{}0{}{}{}{}{}{}{}{}[]{}
Time,1677616171.5133157{}-0.0178,-0.0036,2.5741{}0.07{}5.95,13.77,0{}(13.004441799999999,77.6813057){}0.25,0.38{}0{}{}{}{}{}{}{}{}[]{}
Time,1677616171.6263316{}-0.0178,-0.0036,2.5741{}0.07{}5.94,13.7,0{}(13.004441799999999,77.6813057){}0.25,0.36{}33{}{}0.12,4.64,4.66,4.67,4.7,4.74,4.75,4.75,4.77,12.9,12.71,0.13,4.44,4.58,4.59,4.48,4.49,4.51,4.53,12.32,12.51,4.72,4.75,4.77,4.79,4.81,4.82,4.83,5.01,5.12,5.14,5.16,8.39{}{}-0.05,-2.36,-2.37,-2.38,-2.39,-2.4,-2.41,-2.43,-2.74,-5.47,-5.93,-0.05,-2.53,-2.37,-2.38,-2.56,-2.58,-2.59,-2.6,-5.92,-5.48,-2.36,-2.37,-2.38,-2.39,-2.4,-2.41,-2.43,-2.67,-2.5,-2.51,-2.52,-0.8{}{}-0.11,1.43,1.42,1.46,1.45,1.38,1.43,1.5,1.95,4.03,4.08,-0.1,1.72,1.68,1.7,1.8,1.85,1.85,1.86,5.06,5.18,1.12,1.11,1.11,1.1,1.12,1.19,1.25,0.38,0.46,0.5,0.44,-1.29{}{}[]{}
Time,1677616171.7283053{}-0.0125,-0.0023,2.5761{}0.03{}5.94,13.7,0{}(13.0044424,77.6813052){}0.25,0.36{}0{}{}{}{}{}{}{}{}[]{}
Time,1677616171.838398{}-0.0125,-0.0023,2.5761{}0.03{}5.94,13.64,0{}(13.0044424,77.6813052){}0.24,0.34{}24{}{}0.12,4.65,4.76,4.83,4.9,4.99,4.89,4.98,4.97,0.13,4.61,4.76,4.84,4.73,4.93,4.88,4.85,4.9,4.96,4.8,4.9,4.96,5.0,5.04{}{}-0.05,-2.4,-2.41,-2.43,-2.44,-2.45,-2.47,-2.48,-2.67,-0.05,-2.23,-2.24,-2.25,-2.61,-2.45,-2.23,-2.41,-2.43,-2.44,-2.63,-2.64,-2.66,-2.67,-2.68{}{}-0.11,1.67,1.41,1.24,1.04,0.61,1.33,1.06,0.76,-0.1,1.99,1.67,1.48,1.35,1.0,1.2,1.04,0.9,0.71,1.24,0.89,0.69,0.48,0.2{}{}[]{}
Time,1677616171.952554{}-0.0125,-0.0023,2.5761{}0.03{}5.94,13.64,0{}(13.0044424,77.6813052){}0.24,0.34{}31{}{}0.12,4.8,4.84,4.77,4.81,4.83,4.83,4.81,4.79,4.97,0.13,4.66,4.7,4.83,4.71,4.8,4.77,4.8,4.87,4.9,4.92,4.94,4.95,4.97,4.84,4.9,4.84,4.87,4.9,4.91,4.89{}{}-0.05,-2.39,-2.4,-2.59,-2.6,-2.61,-2.62,-2.63,-2.64,-2.48,-0.05,-2.58,-2.59,-2.43,-2.61,-2.45,-2.46,-2.47,-2.59,-2.6,-2.61,-2.62,-2.63,-2.64,-2.39,-2.4,-2.59,-2.6,-2.62,-2.63,-2.64{}{}-0.11,1.08,1.0,0.99,0.94,0.94,1.03,1.21,1.39,1.1,-0.1,1.34,1.3,1.24,1.41,1.5,1.67,1.64,-0.16,0.04,0.12,0.21,0.29,0.37,0.85,0.65,0.57,0.54,0.62,0.74,0.94{}{}[]{}
Time,1677616172.0795898{}-0.0125,-0.0023,2.5761{}0.03{}5.94,13.57,0{}(13.0044424,77.6813052){}0.23,0.32{}31{}{}0.12,4.57,4.59,4.56,4.66,4.72,4.84,4.76,4.86,4.76,8.37,8.44,0.13,4.56,4.72,4.67,4.69,4.7,4.67,4.68,4.69,4.7,4.75,4.87,4.9,4.9,4.9,4.9,4.91,8.05,8.48{}{}-0.05,-2.36,-2.37,-2.55,-2.56,-2.58,-2.41,-2.6,-2.44,-2.62,-0.53,-1.07,-0.05,-2.56,-2.4,-2.59,-2.6,-2.61,-2.62,-2.35,-2.36,-2.37,-2.38,-2.39,-2.4,-2.41,-2.43,-2.44,-2.45,-0.53,-1.07{}{}-0.11,1.64,1.65,1.53,1.28,1.14,1.1,1.16,1.22,1.33,-1.35,0.47,-0.1,1.6,1.44,1.38,1.4,1.46,1.6,1.21,1.24,1.28,1.17,0.67,0.62,0.78,0.91,1.01,1.1,-2.66,-0.02{}{}[]{}
Time,1677616172.1974897{}-0.0125,-0.0023,2.5761{}0.01{}5.94,13.57,0{}(13.0044427,77.6813044){}0.23,0.32{}26{}{}0.12,4.6,4.71,4.61,4.6,4.58,4.55,4.9,4.9,8.03,0.13,4.5,4.48,4.77,4.69,4.78,4.89,4.81,4.68,4.71,4.71,4.72,4.72,4.71,5.01,8.13{}{}-0.05,-2.55,-2.39,-2.58,-2.59,-2.6,-2.61,-2.47,-2.48,-0.8,-0.05,-2.56,-2.58,-2.47,-2.66,-2.58,-2.41,-2.6,-2.55,-2.56,-2.58,-2.59,-2.6,-2.61,-2.48,-0.8{}{}-0.11,1.39,1.4,1.51,1.61,1.73,1.86,1.3,1.38,2.8,-0.1,1.77,1.86,1.73,1.75,0.82,0.83,0.9,1.09,1.1,1.15,1.23,1.31,1.4,0.92,2.51{}{}[]{}
Time,1677616172.3008733{}-0.0125,-0.0023,2.5761{}0.01{}5.94,13.5,0{}(13.0044427,77.6813044){}0.22,0.3{}0{}{}{}{}{}{}{}{}[]{}
Time,1677616172.4024005{}-0.0125,-0.0023,2.5761{}0.01{}5.95,13.44,0{}(13.0044427,77.6813044){}0.22,0.27{}0{}{}{}{}{}{}{}{}[]{}
Time,1677616172.5114431{}-0.0125,-0.0023,2.5761{}0.01{}5.95,13.44,0{}(13.0044427,77.6813044){}0.22,0.27{}14{}{}0.12,4.74,4.75,12.97,12.72,12.87,0.13,12.51,4.54,4.62,4.71,4.78,4.79,13.16{}{}-0.05,-2.54,-2.55,-5.47,-5.93,-5.49,-0.05,-5.93,-2.5,-2.51,-2.52,-2.54,-2.55,-5.48{}{}-0.11,0.65,0.79,3.8,4.04,4.27,-0.1,4.65,1.21,0.96,0.59,0.26,0.48,3.16{}{}[]{}
Time,1677616172.625488{}-0.0125,-0.0023,2.5761{}0.01{}5.95,13.36,0{}(13.0044427,77.6813044){}0.21,0.25{}29{}{}0.12,4.41,4.45,4.47,4.53,4.71,4.69,4.69,8.3,12.92,12.9,0.13,4.39,4.67,4.69,12.53,4.56,4.59,4.62,4.65,4.67,4.68,4.45,4.52,4.55,4.57,4.6,4.66,13.02{}{}-0.05,-2.48,-2.5,-2.51,-2.52,-2.56,-2.58,-2.59,-1.6,-5.47,-5.48,-0.05,-2.51,-2.41,-2.43,-5.48,-2.47,-2.48,-2.5,-2.51,-2.52,-2.53,-2.47,-2.48,-2.5,-2.51,-2.52,-2.53,-5.93{}{}-0.11,1.57,1.53,1.52,1.42,1.07,1.24,1.32,1.09,3.97,4.1,-0.1,1.74,1.69,1.69,5.12,0.93,0.9,0.87,0.84,0.87,0.9,1.37,1.23,1.2,1.19,1.16,0.99,2.93{}{}[]{}
Time,1677616172.727612{}-0.0072,-0.0011,2.5775{}0.04{}5.95,13.36,0{}(13.0044434,77.6813031){}0.21,0.25{}0{}{}{}{}{}{}{}{}[]{}
Time,1677616172.8314965{}-0.0072,-0.0011,2.5775{}0.04{}5.95,13.28,0{}(13.0044434,77.6813031){}0.21,0.22{}7{}{}0.12,4.31,0.13,4.4,4.41,4.43,4.47{}{}-0.05,-2.45,-0.05,-2.42,-2.43,-2.44,-2.5{}{}-0.11,1.64,-0.1,1.15,1.21,1.24,1.46{}{}[]{}
Time,1677616172.934863{}-0.0072,-0.0011,2.5775{}0.04{}5.95,13.28,0{}(13.0044434,77.6813031){}0.21,0.22{}9{}{}0.12,0.13,4.52,4.55,4.58,4.38,4.44,11.57,11.85{}{}-0.05,-0.05,-2.42,-2.43,-2.44,-2.4,-2.42,-5.31,-4.5{}{}-0.11,-0.1,0.51,0.45,0.3,1.15,1.01,2.94,3.28{}{}[]{}
Time,1677616173.0421495{}-0.0072,-0.0011,2.5775{}0.04{}5.95,13.2,0{}(13.0044434,77.6813031){}0.2,0.19{}26{}{}0.12,4.23,4.23,4.25,4.35,4.32,4.25,4.3,4.37,12.84,12.83,0.13,4.55,4.55,4.57,4.58,4.54,4.57,4.59,4.51,4.44,4.47,4.52,4.46,4.48,13.13{}{}-0.05,-2.39,-2.4,-2.42,-2.26,-2.28,-2.45,-2.46,-2.48,-5.47,-5.48,-0.05,-2.42,-2.47,-2.48,-2.5,-2.23,-2.24,-2.25,-2.43,-2.44,-2.29,-2.3,-2.47,-2.48,-5.48{}{}-0.11,1.55,1.61,1.64,1.66,1.79,1.8,1.73,1.69,4.21,4.31,-0.1,-0.14,0.99,1.01,1.08,0.69,0.61,0.67,0.77,1.18,1.45,1.36,1.36,1.37,3.29{}{}[]{}
Time,1677616173.1450377{}-0.0072,-0.0011,2.5775{}0.04{}5.95,13.2,0{}(13.0044434,77.6813031){}0.2,0.19{}0{}{}{}{}{}{}{}{}[]{}
