Time,1677616250.2462375{}0.0068,-0.0012,2.6117{}0.05{}8.94,13.42,0{}(13.0044711,77.6813212){}0.0,0.0{}0{}{}{}{}{}{}{}{}[]{}
Time,1677616250.351806{}0.0068,-0.0012,2.6117{}0.05{}8.94,13.42,0{}(13.0044711,77.6813212){}0.0,0.0{}0{}{}{}{}{}{}{}{}[]{}
Time,1677616250.459557{}0.0068,-0.0012,2.6117{}0.05{}8.94,13.44,0{}(13.0044711,77.6813212){}0.0,0.0{}17{}{}0.01,0.0,1.23,1.54,0.81,5.18,5.51,5.58,6.29,6.33,5.58,8.16,7.47,7.45,8.75,3.01,12.49{}{}-0.07,0.05,-0.3,-0.61,-1.88,-0.66,-0.35,-0.53,-1.64,-1.27,-5.79,-1.36,-6.01,-5.93,-5.79,-8.85,8.54{}{}0.01,-0.06,0.58,0.65,0.33,0.5,0.51,0.79,0.93,2.03,0.51,2.67,0.74,3.01,2.94,-5.59,1.32{}{}[]{}
Time,1677616250.5649595{}0.0068,-0.0012,2.6117{}0.05{}8.94,13.44,0{}(13.0044711,77.6813212){}0.0,0.0{}17{}{}0.01,0.0,1.16,1.59,0.82,5.2,5.29,5.38,6.38,6.26,5.3,7.48,6.99,8.94,2.78,9.08,12.12{}{}-0.07,0.05,-0.3,-0.61,-1.88,-0.66,-0.67,-0.52,-1.24,-1.48,-6.04,-6.01,-6.24,-5.11,-8.85,8.4,9.02{}{}0.01,-0.06,0.65,0.52,0.31,0.25,0.82,1.24,1.11,2.09,0.57,0.62,3.45,3.55,-5.71,3.29,1.58{}{}[]{}
Time,1677616250.6683497{}0.0068,-0.0012,2.6117{}0.05{}8.93,13.45,0{}(13.0044711,77.6813212){}0.0,0.0{}0{}{}{}{}{}{}{}{}[]{}
Time,1677616250.7697937{}0.0071,-0.0011,2.6114{}0.0{}8.93,13.46,0{}(13.0044712,77.6813217){}0.0,0.0{}0{}{}{}{}{}{}{}{}[]{}
Time,1677616250.8802757{}0.0071,-0.0011,2.6114{}0.0{}8.93,13.46,0{}(13.0044712,77.6813217){}0.0,0.0{}0{}{}{}{}{}{}{}{}[]{}
Time,1677616250.987942{}0.0071,-0.0011,2.6114{}0.0{}8.93,13.48,0{}(13.0044712,77.6813217){}0.0,0.0{}16{}{}0.01,0.0,1.23,1.49,5.18,5.22,5.27,5.51,2.27,6.45,6.25,5.29,7.25,7.4,8.76,12.15{}{}-0.07,0.05,-0.3,-0.75,-0.66,-0.51,-0.52,-0.53,-2.64,-1.24,-1.68,-6.04,-6.31,-5.93,-5.45,9.02{}{}0.01,-0.06,0.58,0.36,0.91,1.29,1.45,1.07,-4.44,0.54,1.87,0.62,0.36,3.14,3.5,1.31{}{}[]{}
Time,1677616251.0908544{}0.0071,-0.0011,2.6114{}0.0{}8.93,13.48,0{}(13.0044712,77.6813217){}0.0,0.0{}0{}{}{}{}{}{}{}{}[]{}
Time,1677616251.1919882{}0.0071,-0.0011,2.6114{}0.04{}8.93,13.48,0{}(13.004471299999999,77.68132229999999){}0.0,0.0{}0{}{}{}{}{}{}{}{}[]{}
Time,1677616251.2936354{}0.0071,-0.0011,2.6114{}0.04{}8.94,13.51,0{}(13.004471299999999,77.68132229999999){}0.0,0.0{}0{}{}{}{}{}{}{}{}[]{}
Time,1677616251.398145{}0.0071,-0.0011,2.6114{}0.04{}8.94,13.53,0{}(13.004471299999999,77.68132229999999){}0.0,0.0{}13{}{}0.01,0.0,1.14,1.45,5.15,5.36,6.48,6.33,5.28,7.24,7.38,9.09,12.19{}{}-0.07,0.05,-0.3,-0.74,-0.5,-0.51,-1.24,-1.27,-6.04,-6.31,-5.93,8.4,9.02{}{}0.01,-0.06,0.69,0.45,1.24,0.95,0.46,2.02,0.72,0.53,3.18,3.27,0.88{}{}[]{}
Time,1677616251.504489{}0.0071,-0.0011,2.6114{}0.04{}8.94,13.53,0{}(13.004471299999999,77.68132229999999){}0.0,0.0{}13{}{}0.01,0.0,1.22,1.45,5.15,5.4,6.21,6.49,6.38,5.28,7.23,7.39,12.14{}{}-0.07,0.05,-0.3,-0.74,-0.67,-0.68,-1.43,-1.24,-1.06,-6.04,-6.31,-5.93,9.02{}{}0.01,-0.06,0.6,0.45,1.16,0.56,1.4,0.42,1.99,0.76,0.7,3.16,1.38{}{}[]{}
Time,1677616251.6122437{}0.0071,-0.0011,2.6114{}0.04{}8.94,13.56,0{}(13.004471299999999,77.68132229999999){}0.0,0.0{}18{}{}0.01,0.0,1.25,1.46,1.67,5.14,5.42,5.2,6.09,6.54,6.4,5.27,7.22,7.32,9.05,3.51,9.03,12.17{}{}-0.07,0.05,-0.26,-0.75,-0.31,-0.66,-0.51,-0.35,-1.63,-1.03,-1.06,-6.04,-6.31,-5.93,-5.11,-8.51,8.38,9.03{}{}0.01,-0.06,0.55,0.47,0.97,1.12,0.25,1.88,1.68,0.12,1.91,0.81,0.71,3.31,3.27,-5.82,3.37,1.34{}{}[]{}
Time,1677616251.7224526{}0.0068,-0.0011,2.611{}0.02{}8.94,13.56,0{}(13.0044714,77.6813232){}0.0,0.0{}16{}{}0.01,0.0,1.24,1.61,5.19,5.36,6.0,6.5,6.32,5.27,7.24,7.29,8.82,8.86,3.39,12.16{}{}-0.07,0.05,-0.3,-0.31,-0.5,-0.51,-1.64,-1.25,-1.27,-6.04,-6.31,-5.93,-5.43,-5.46,-8.53,9.02{}{}0.01,-0.06,0.56,1.07,0.95,0.8,2.03,0.56,2.05,0.82,0.51,3.38,3.29,3.29,-5.91,1.25{}{}[]{}
Time,1677616251.826517{}0.0068,-0.0011,2.611{}0.02{}8.94,13.58,0{}(13.0044714,77.6813232){}0.0,0.0{}0{}{}{}{}{}{}{}{}[]{}
Time,1677616251.9324834{}0.0068,-0.0011,2.611{}0.02{}8.94,13.58,0{}(13.0044714,77.6813232){}0.0,0.0{}15{}{}0.01,0.0,1.24,1.47,1.7,1.53,5.26,6.48,6.41,5.55,7.49,7.37,8.75,3.78,12.19{}{}-0.07,0.05,-0.3,-0.64,-0.31,-0.99,-0.51,-1.24,-1.27,-5.79,-6.01,-5.93,-5.12,-8.53,9.03{}{}0.01,-0.06,0.55,0.58,0.96,-0.77,1.08,0.5,1.74,0.8,0.57,3.2,4.05,-5.67,1.16{}{}[]{}
Time,1677616252.0370982{}0.0068,-0.0011,2.611{}0.02{}8.94,13.61,0{}(13.0044714,77.6813232){}0.0,0.0{}13{}{}0.01,0.0,1.23,1.4,0.7,5.24,5.45,6.41,6.34,5.58,7.48,7.35,12.19{}{}-0.07,0.05,-0.3,-0.74,-1.97,-0.5,-0.51,-1.44,-1.26,-5.79,-6.01,-5.93,9.02{}{}0.01,-0.06,0.58,0.58,0.22,0.63,0.08,0.53,1.92,0.46,0.63,3.25,0.94{}{}[]{}
Time,1677616252.1427658{}0.0068,-0.0011,2.611{}0.02{}8.94,13.61,0{}(13.0044714,77.6813232){}0.0,0.0{}14{}{}0.01,0.0,1.22,1.46,5.16,5.25,1.25,5.38,6.44,6.37,5.3,7.49,7.4,12.15{}{}-0.07,0.05,-0.3,-0.75,-0.82,-0.33,-3.33,-0.51,-1.45,-1.26,-6.04,-6.01,-5.93,9.03{}{}0.01,-0.06,0.59,0.47,0.5,0.8,-3.96,0.64,0.44,1.81,0.52,0.57,3.13,1.53{}{}[]{}
Time,1677616252.248406{}0.0068,-0.0011,2.611{}0.0{}8.94,13.65,0{}(13.0044715,77.6813238){}0.0,0.01{}13{}{}0.01,0.0,1.23,1.46,0.43,5.13,5.48,6.44,5.29,7.5,7.37,8.86,12.14{}{}-0.07,0.05,-0.3,-0.75,-1.92,-0.66,-0.34,-1.45,-6.04,-6.01,-5.93,-5.11,9.03{}{}0.01,-0.06,0.59,0.48,0.57,1.01,0.06,0.53,0.62,0.33,3.19,3.75,1.59{}{}[]{}
Time,1677616252.3499038{}0.0068,-0.0011,2.611{}0.0{}8.94,13.65,0{}(13.0044715,77.6813238){}0.0,0.01{}0{}{}{}{}{}{}{}{}[]{}
Time,1677616252.450792{}0.0068,-0.0011,2.611{}0.0{}8.94,13.68,0{}(13.0044715,77.6813238){}0.0,0.01{}0{}{}{}{}{}{}{}{}[]{}
Time,1677616252.553162{}0.0068,-0.0011,2.611{}0.0{}8.94,13.68,0{}(13.0044715,77.6813238){}0.0,0.01{}0{}{}{}{}{}{}{}{}[]{}
Time,1677616252.6569958{}0.0068,-0.0011,2.611{}0.0{}8.94,13.71,0{}(13.0044715,77.6813238){}0.0,0.01{}12{}{}0.01,0.0,1.24,1.47,5.18,5.44,6.17,5.25,7.2,7.14,8.77,12.15{}{}-0.07,0.05,-0.3,-0.68,-0.66,-0.52,-1.44,-6.04,-6.31,-5.93,-5.11,9.02{}{}0.01,-0.06,0.56,0.45,0.59,0.56,1.72,0.93,0.94,3.68,3.95,1.29{}{}[]{}
Time,1677616252.7681577{}0.0065,-0.0014,2.6106{}0.02{}8.94,13.71,0{}(13.004471599999999,77.68132469999999){}0.0,0.01{}10{}{}0.01,0.0,1.22,1.49,0.65,5.09,5.3,6.36,7.27,8.87{}{}-0.07,0.05,-0.3,-0.69,-1.92,-0.66,-0.68,-1.45,-5.93,-5.11{}{}0.01,-0.06,0.59,0.46,0.29,1.21,0.92,1.11,3.43,3.72{}{}[]{}
Time,1677616252.8741732{}0.0065,-0.0014,2.6106{}0.02{}8.94,13.75,0{}(13.004471599999999,77.68132469999999){}0.0,0.02{}12{}{}0.01,0.0,1.22,1.46,0.75,5.08,5.31,6.35,5.26,7.24,8.91,12.19{}{}-0.07,0.05,-0.3,-0.75,-1.88,-0.66,-0.51,-1.44,-6.04,-5.93,-5.46,9.02{}{}0.01,-0.06,0.59,0.49,0.46,1.35,0.98,1.06,0.86,3.49,3.15,0.94{}{}[]{}
Time,1677616252.9764812{}0.0065,-0.0014,2.6106{}0.02{}8.95,13.78,0{}(13.004471599999999,77.68132469999999){}0.01,0.03{}0{}{}{}{}{}{}{}{}[]{}
Time,1677616253.077791{}0.0065,-0.0014,2.6106{}0.02{}8.95,13.78,0{}(13.004471599999999,77.68132469999999){}0.01,0.03{}0{}{}{}{}{}{}{}{}[]{}
Time,1677616253.183604{}0.0065,-0.0014,2.6106{}0.02{}8.95,13.78,0{}(13.004471599999999,77.6813253){}0.01,0.03{}0{}{}{}{}{}{}{}{}[]{}
Time,1677616253.2902367{}0.0065,-0.0014,2.6106{}0.06{}8.96,13.82,0{}(13.004471599999999,77.6813253){}0.01,0.03{}0{}{}{}{}{}{}{}{}[]{}
Time,1677616253.3920019{}0.0065,-0.0014,2.6106{}0.06{}8.96,13.85,0{}(13.004471599999999,77.6813253){}0.01,0.04{}0{}{}{}{}{}{}{}{}[]{}
Time,1677616253.493178{}0.0065,-0.0014,2.6106{}0.06{}8.96,13.85,0{}(13.004471599999999,77.6813253){}0.01,0.04{}0{}{}{}{}{}{}{}{}[]{}
Time,1677616253.600534{}0.0065,-0.0014,2.6106{}0.06{}8.97,13.89,0{}(13.004471599999999,77.6813253){}0.01,0.04{}14{}{}0.01,0.0,1.22,1.45,1.44,5.16,5.4,6.39,6.29,5.3,7.25,7.29,8.79,12.46{}{}-0.07,0.05,-0.3,-0.74,-0.61,-0.66,-0.51,-1.45,-1.27,-6.04,-6.31,-5.93,-5.11,8.54{}{}0.01,-0.06,0.59,0.44,0.86,1.02,0.48,0.9,2.15,0.61,0.44,3.38,3.91,1.58{}{}[]{}
Time,1677616253.7071803{}0.0063,-0.0015,2.6109{}0.07{}8.97,13.89,0{}(13.0044717,77.68132609999999){}0.01,0.04{}14{}{}0.01,0.0,1.23,1.46,0.6,5.38,6.46,6.27,5.31,7.23,7.24,8.71,8.58,12.49{}{}-0.07,0.05,-0.3,-0.74,-1.95,-0.51,-1.24,-1.27,-6.04,-6.31,-5.93,-5.09,-5.12,8.54{}{}0.01,-0.06,0.59,0.42,0.4,0.68,0.72,2.21,0.48,0.6,3.48,4.03,4.4,1.26{}{}[]{}
Time,1677616253.8086836{}0.0063,-0.0015,2.6109{}0.07{}8.97,13.92,0{}(13.0044717,77.68132609999999){}0.01,0.04{}0{}{}{}{}{}{}{}{}[]{}
Time,1677616253.9099946{}0.0063,-0.0015,2.6109{}0.07{}8.97,13.92,0{}(13.0044717,77.68132609999999){}0.01,0.04{}0{}{}{}{}{}{}{}{}[]{}
Time,1677616254.017133{}0.0063,-0.0015,2.6109{}0.07{}8.97,13.95,0{}(13.0044717,77.68132609999999){}0.01,0.04{}15{}{}0.01,0.0,1.22,1.47,1.38,0.65,5.2,5.39,6.41,5.59,7.24,7.28,8.91,8.65,12.16{}{}-0.07,0.05,-0.3,-0.45,-0.74,-1.95,-0.82,-0.51,-1.24,-5.79,-6.31,-5.94,-5.11,8.8,9.02{}{}0.01,-0.06,0.6,0.47,0.62,0.31,0.23,0.56,0.89,0.44,0.52,3.46,3.62,3.4,1.18{}{}[]{}
Time,1677616254.1252434{}0.0063,-0.0015,2.6109{}0.07{}8.97,13.95,0{}(13.0044717,77.68132609999999){}0.01,0.04{}13{}{}0.01,0.0,1.23,1.36,0.62,5.14,5.38,6.41,6.37,5.58,7.23,7.14,12.17{}{}-0.07,0.05,-0.3,-0.74,-1.95,-0.66,-0.51,-1.24,-1.06,-5.79,-6.31,-5.93,9.03{}{}0.01,-0.06,0.57,0.66,0.37,1.13,0.65,0.89,2.02,0.49,0.68,3.7,1.33{}{}[]{}
Time,1677616254.2344422{}0.0063,-0.0015,2.6109{}0.0{}8.98,13.98,0{}(13.0044718,77.68132659999999){}0.01,0.04{}14{}{}0.01,0.0,1.24,1.49,0.8,5.09,5.42,6.37,6.44,5.57,7.24,7.11,8.96,12.18{}{}-0.07,0.05,-0.26,-0.63,-1.88,-0.66,-0.51,-1.24,-1.27,-5.79,-6.31,-5.93,-5.11,9.02{}{}0.01,-0.06,0.58,0.45,0.35,1.3,0.25,1.16,1.65,0.6,0.54,3.75,3.49,1.03{}{}[]{}
Time,1677616254.3444667{}0.0063,-0.0015,2.6109{}0.0{}8.98,13.98,0{}(13.0044718,77.68132659999999){}0.01,0.04{}16{}{}0.01,0.0,1.24,1.48,0.63,5.16,5.38,5.28,6.39,5.56,7.23,7.21,9.01,2.53,8.89,12.52{}{}-0.07,0.05,-0.26,-0.62,-1.95,-0.66,-0.68,-0.87,-1.24,-5.79,-6.31,-5.93,-5.11,-8.51,8.4,8.54{}{}0.01,-0.06,0.58,0.43,0.36,1.03,0.16,1.45,1.08,0.71,0.61,3.55,3.36,-6.31,3.76,1.03{}{}[]{}
Time,1677616254.4515052{}0.0063,-0.0015,2.6109{}0.0{}8.98,14.0,0{}(13.0044718,77.68132659999999){}0.01,0.04{}15{}{}0.01,0.0,1.23,1.48,0.64,0.64,5.14,5.36,6.32,5.55,7.23,7.22,9.05,8.56,12.51{}{}-0.07,0.05,-0.3,-0.62,-1.92,-0.51,-0.65,-0.51,-1.44,-5.79,-6.31,-5.93,-5.45,8.8,8.54{}{}0.01,-0.06,0.57,0.43,0.32,1.88,-0.67,0.61,1.2,0.74,0.62,3.53,2.67,3.6,1.14{}{}[]{}
Time,1677616254.5599008{}0.0063,-0.0015,2.6109{}0.0{}8.98,14.0,0{}(13.0044718,77.68132659999999){}0.01,0.04{}14{}{}0.01,0.0,1.23,1.48,0.64,5.15,5.25,6.22,5.56,7.23,7.21,8.95,2.27,12.53{}{}-0.07,0.05,-0.3,-0.62,-1.95,-0.82,-0.51,-1.44,-5.79,-6.31,-5.93,-5.46,-8.53,8.56{}{}0.01,-0.06,0.57,0.43,0.34,0.34,1.24,1.55,0.66,0.65,3.55,3.03,-6.42,1.14{}{}[]{}
Time,1677616254.6782215{}0.0063,-0.0015,2.6109{}0.0{}8.99,14.03,0{}(13.0044718,77.68132659999999){}0.02,0.04{}13{}{}0.01,0.0,1.24,1.46,5.05,5.44,6.17,6.44,5.56,7.51,7.22,8.83,12.13{}{}-0.07,0.05,-0.26,-0.67,-0.82,-0.69,-1.65,-1.27,-5.79,-6.01,-5.93,-5.11,9.02{}{}0.01,-0.06,0.57,0.41,1.19,0.65,1.64,1.71,0.69,0.24,3.53,3.82,1.52{}{}[]{}
Time,1677616254.785109{}0.0067,-0.0013,2.6111{}0.04{}8.99,14.05,0{}(13.004471899999999,77.68132729999999){}0.02,0.04{}0{}{}{}{}{}{}{}{}[]{}
Time,1677616254.8870485{}0.0067,-0.0013,2.6111{}0.04{}8.99,14.05,0{}(13.004471899999999,77.68132729999999){}0.02,0.04{}0{}{}{}{}{}{}{}{}[]{}
Time,1677616254.9882753{}0.0067,-0.0013,2.6111{}0.04{}8.99,14.08,0{}(13.004471899999999,77.68132729999999){}0.02,0.04{}0{}{}{}{}{}{}{}{}[]{}
Time,1677616255.0960968{}0.0067,-0.0013,2.6111{}0.04{}8.99,14.08,0{}(13.004471899999999,77.68132729999999){}0.02,0.04{}16{}{}0.01,0.0,1.24,1.46,5.21,5.22,5.43,6.41,6.37,5.3,7.25,7.09,8.75,1.02,9.21,12.48{}{}-0.07,0.05,-0.26,-0.64,-0.66,-0.67,-0.52,-1.44,-1.06,-6.04,-6.31,-5.93,-4.76,-8.51,8.4,8.56{}{}0.01,-0.06,0.58,0.62,0.47,1.21,0.66,-0.5,2.03,0.57,0.43,3.78,4.41,-6.72,2.9,1.59{}{}[]{}
Time,1677616255.2056704{}0.0067,-0.0013,2.6111{}0.0{}9.0,14.12,0{}(13.004472,77.6813276){}0.01,0.04{}14{}{}0.01,0.0,1.23,1.45,5.01,3.25,5.24,6.48,6.37,5.29,7.51,7.2,8.7,9.15{}{}-0.07,0.05,-0.3,-0.69,-0.66,1.32,-0.51,-1.25,-1.06,-6.04,-6.01,-5.93,-5.11,8.4{}{}0.01,-0.06,0.57,0.59,1.58,-3.97,1.29,0.76,2.02,0.61,0.2,3.56,4.1,3.07{}{}[]{}
Time,1677616255.3177698{}0.0067,-0.0013,2.6111{}0.0{}9.0,14.12,0{}(13.004472,77.6813276){}0.01,0.04{}14{}{}0.01,0.0,1.25,1.49,5.2,5.56,6.45,6.27,5.29,7.24,7.26,8.72,8.98,12.16{}{}-0.07,0.05,-0.26,-0.64,-0.66,-0.17,-1.24,-1.27,-6.04,-6.31,-5.93,-5.11,8.4,9.02{}{}0.01,-0.06,0.56,0.53,0.81,-0.05,0.8,2.2,0.69,0.47,3.45,4.06,3.55,1.23{}{}[]{}
Time,1677616255.4271176{}0.0067,-0.0013,2.6111{}0.0{}9.0,14.14,0{}(13.004472,77.6813276){}0.02,0.04{}0{}{}{}{}{}{}{}{}[]{}
Time,1677616255.5345862{}0.0067,-0.0013,2.6111{}0.0{}9.0,14.14,0{}(13.004472,77.6813276){}0.02,0.04{}14{}{}0.01,0.0,1.24,1.47,5.14,5.27,5.49,6.29,6.37,5.26,7.22,8.57,8.5,12.1{}{}-0.07,0.05,-0.3,-0.74,-0.66,-0.68,-0.69,-1.44,-1.26,-6.04,-5.93,-4.76,8.8,9.02{}{}0.01,-0.06,0.56,0.38,1.08,1.08,0.27,1.36,1.81,0.86,3.54,4.73,3.74,1.73{}{}[]{}
Time,1677616255.641147{}0.0067,-0.0013,2.6111{}0.0{}9.01,14.17,0{}(13.004472,77.6813276){}0.02,0.04{}14{}{}0.01,0.0,1.23,1.42,5.29,5.34,5.98,6.53,6.37,5.56,7.5,7.29,8.67,12.1{}{}-0.07,0.05,-0.3,-0.79,-0.33,-0.68,-1.64,-1.04,-1.27,-5.79,-6.01,-5.93,8.8,9.02{}{}0.01,-0.06,0.57,0.45,-0.03,0.63,2.09,0.66,1.89,0.7,0.4,3.38,3.35,1.73{}{}[]{}
Time,1677616255.7518759{}0.0068,-0.0013,2.6114{}0.07{}9.01,14.17,0{}(13.004472199999999,77.6813276){}0.02,0.04{}15{}{}0.01,0.0,1.25,1.37,0.62,0.85,5.23,5.35,6.44,6.22,5.56,7.51,7.26,8.71,12.11{}{}-0.07,0.05,-0.26,-0.79,-0.38,-1.86,-0.66,-0.68,-1.45,-1.27,-5.79,-6.01,-5.93,8.8,9.02{}{}0.01,-0.06,0.55,0.59,-1.92,-0.16,0.12,0.75,0.52,2.34,0.71,0.16,3.45,3.22,1.62{}{}[]{}
Time,1677616255.8589427{}0.0068,-0.0013,2.6114{}0.07{}9.01,14.19,0{}(13.004472199999999,77.6813276){}0.01,0.04{}12{}{}0.01,0.0,1.23,1.32,1.6,0.88,5.21,6.44,5.55,7.49,8.88,12.45{}{}-0.07,0.05,-0.3,-0.79,-0.55,-1.88,-0.67,-1.26,-5.79,-6.01,8.4,8.56{}{}0.01,-0.06,0.57,0.69,0.47,0.04,0.88,1.53,0.75,0.54,3.79,1.81{}{}[]{}
Time,1677616255.960372{}0.0068,-0.0013,2.6114{}0.07{}9.01,14.19,0{}(13.004472199999999,77.6813276){}0.01,0.04{}0{}{}{}{}{}{}{}{}[]{}
Time,1677616256.0616224{}0.0068,-0.0013,2.6114{}0.07{}9.01,14.21,0{}(13.004472199999999,77.6813276){}0.01,0.03{}0{}{}{}{}{}{}{}{}[]{}
Time,1677616256.1718526{}0.0068,-0.0013,2.6114{}0.07{}9.01,14.21,0{}(13.004472199999999,77.6813276){}0.01,0.03{}16{}{}0.01,0.0,1.24,1.41,1.53,1.89,5.2,5.16,5.45,6.41,5.55,7.2,7.44,9.02,2.07,8.94{}{}-0.07,0.05,-0.3,-0.79,-0.56,-0.65,-0.49,-0.67,-0.7,-1.23,-5.79,-6.31,-5.93,-5.11,-8.51,8.4{}{}0.01,-0.06,0.56,0.48,0.73,0.57,0.52,1.23,0.92,0.73,0.78,0.92,3.03,3.34,-6.48,3.64{}{}[]{}
Time,1677616256.274941{}0.0068,-0.0013,2.6114{}0.07{}9.01,14.23,0{}(13.004472199999999,77.6813277){}0.01,0.03{}0{}{}{}{}{}{}{}{}[]{}
Time,1677616256.376023{}0.0068,-0.0013,2.6114{}0.07{}9.02,14.25,0{}(13.004472199999999,77.6813277){}0.01,0.03{}0{}{}{}{}{}{}{}{}[]{}
Time,1677616256.4794657{}0.0068,-0.0013,2.6114{}0.07{}9.02,14.25,0{}(13.004472199999999,77.6813277){}0.01,0.03{}0{}{}{}{}{}{}{}{}[]{}
Time,1677616256.5834317{}0.0068,-0.0013,2.6114{}0.07{}9.02,14.27,0{}(13.004472199999999,77.6813277){}0.01,0.03{}0{}{}{}{}{}{}{}{}[]{}
Time,1677616256.6847954{}0.0068,-0.0013,2.6114{}0.05{}9.02,14.27,0{}(13.0044724,77.6813281){}0.01,0.03{}0{}{}{}{}{}{}{}{}[]{}
Time,1677616256.786069{}0.0073,-0.0016,2.6117{}0.05{}9.02,14.28,0{}(13.0044724,77.6813281){}0.01,0.02{}0{}{}{}{}{}{}{}{}[]{}
Time,1677616256.8874238{}0.0073,-0.0016,2.6117{}0.05{}9.02,14.28,0{}(13.0044724,77.6813281){}0.01,0.02{}0{}{}{}{}{}{}{}{}[]{}
Time,1677616256.9937866{}0.0073,-0.0016,2.6117{}0.05{}9.02,14.29,0{}(13.0044724,77.6813281){}0.0,0.01{}14{}{}0.01,0.0,1.24,1.39,1.56,5.22,5.41,6.42,6.1,5.27,7.23,7.31,9.12,12.15{}{}-0.07,0.05,-0.26,-0.74,-0.55,-0.5,-0.52,-1.45,-1.05,-6.04,-6.31,-5.93,8.4,9.02{}{}0.01,-0.06,0.57,0.59,0.6,1.17,1.11,0.67,2.66,0.82,0.71,3.34,3.16,1.34{}{}[]{}
Time,1677616257.100245{}0.0073,-0.0016,2.6117{}0.05{}9.02,14.29,0{}(13.0044724,77.6813281){}0.0,0.01{}14{}{}0.01,0.0,1.24,1.4,1.57,5.25,5.24,6.39,5.26,7.23,7.35,8.2,9.38,12.17{}{}-0.07,0.05,-0.26,-0.74,-0.6,-0.84,-0.52,-1.44,-6.04,-6.31,-5.93,-5.45,8.4,9.02{}{}0.01,-0.06,0.57,0.59,0.5,0.76,1.87,0.73,0.88,0.62,3.25,4.66,2.3,1.1{}{}[]{}
Time,1677616257.2018588{}0.0073,-0.0016,2.6117{}0.07{}9.02,14.3,0{}(13.0044723,77.681328){}0.0,0.01{}0{}{}{}{}{}{}{}{}[]{}
Time,1677616257.3031142{}0.0073,-0.0016,2.6117{}0.07{}9.02,14.3,0{}(13.0044723,77.681328){}0.0,0.01{}0{}{}{}{}{}{}{}{}[]{}
Time,1677616257.4043763{}0.0073,-0.0016,2.6117{}0.07{}9.02,14.3,0{}(13.0044723,77.681328){}0.0,0.0{}0{}{}{}{}{}{}{}{}[]{}
Time,1677616257.5113099{}0.0073,-0.0016,2.6117{}0.07{}9.02,14.3,0{}(13.0044723,77.681328){}0.0,0.0{}16{}{}0.01,0.0,1.23,1.44,0.67,5.25,5.44,5.57,6.38,6.21,5.26,7.5,7.33,8.06,8.7,12.2{}{}-0.07,0.05,-0.3,-0.74,-1.95,-0.84,-0.52,-0.7,-1.24,-1.47,-6.04,-6.01,-5.93,-5.79,8.8,9.02{}{}0.01,-0.06,0.57,0.48,0.28,0.62,0.59,0.26,1.1,2.16,0.89,0.41,3.31,4.49,3.25,0.77{}{}[]{}
Time,1677616257.6170037{}0.0073,-0.0016,2.6117{}0.07{}9.02,14.31,0{}(13.0044723,77.681328){}0.0,0.0{}12{}{}0.01,0.0,1.22,1.41,0.98,1.6,6.2,5.27,7.45,7.32,8.43,12.19{}{}-0.07,0.05,-0.3,-0.79,-1.79,-0.38,-1.64,-6.04,-6.01,-5.93,-5.45,9.02{}{}0.01,-0.06,0.59,0.48,0.15,1.22,1.4,0.81,0.93,3.31,4.24,0.83{}{}[]{}
Time,1677616257.7241075{}0.0078,-0.0014,2.612{}0.06{}9.02,14.31,0{}(13.0044724,77.6813281){}0.0,0.0{}11{}{}0.01,0.0,1.22,1.44,5.22,5.57,6.39,5.27,7.23,8.15,12.23{}{}-0.07,0.05,-0.3,-0.74,-0.83,-0.52,-1.24,-6.04,-5.93,-5.45,9.03{}{}0.01,-0.06,0.61,0.48,0.6,-0.04,1.05,0.8,3.52,4.75,0.46{}{}[]{}
Time,1677616257.83575{}0.0078,-0.0014,2.612{}0.06{}9.02,14.31,0{}(13.0044724,77.6813281){}0.0,0.0{}0{}{}{}{}{}{}{}{}[]{}
Time,1677616257.9417918{}0.0078,-0.0014,2.612{}0.06{}9.02,14.31,0{}(13.0044724,77.6813281){}0.0,0.0{}14{}{}0.01,0.0,1.21,1.45,1.59,5.04,5.42,6.41,6.13,5.29,7.51,7.17,8.64,12.18{}{}-0.07,0.05,-0.3,-0.67,-0.67,-0.83,-0.69,-1.24,-1.26,-6.04,-6.01,-5.93,-4.76,9.02{}{}0.01,-0.06,0.62,0.45,0.46,1.4,0.55,0.95,2.49,0.67,0.23,3.63,4.62,1.01{}{}[]{}
Time,1677616258.0478828{}0.0078,-0.0014,2.612{}0.06{}9.01,14.31,0{}(13.0044724,77.6813281){}0.0,-0.01{}13{}{}0.01,0.0,1.21,1.45,4.93,4.97,6.23,2.53,5.29,7.22,7.24,8.67,12.18{}{}-0.07,0.05,-0.3,-0.67,-0.66,-0.68,-1.64,-2.23,-6.04,-6.31,-5.93,-4.76,9.02{}{}0.01,-0.06,0.62,0.46,1.68,2.11,1.14,-7.16,0.67,0.8,3.49,4.56,1.05{}{}[]{}
Time,1677616258.1541615{}0.0078,-0.0014,2.612{}0.06{}9.01,14.31,0{}(13.0044724,77.6813281){}0.0,-0.01{}11{}{}0.01,0.0,1.22,1.43,5.21,5.22,6.13,5.29,7.18,8.62,12.19{}{}-0.07,0.05,-0.26,-0.74,-0.83,-1.03,-1.64,-6.04,-5.93,-5.79,9.02{}{}0.01,-0.06,0.61,0.5,0.53,1.28,1.6,0.64,3.61,3.28,0.93{}{}[]{}
Time,1677616258.2557683{}0.0078,-0.0014,2.612{}0.05{}9.02,14.32,0{}(13.0044723,77.681328){}-0.01,-0.01{}0{}{}{}{}{}{}{}{}[]{}
Time,1677616258.3567662{}0.0078,-0.0014,2.612{}0.05{}9.02,14.32,0{}(13.0044723,77.681328){}-0.01,-0.01{}0{}{}{}{}{}{}{}{}[]{}
Time,1677616258.4653459{}0.0078,-0.0014,2.612{}0.05{}9.02,14.33,0{}(13.0044723,77.681328){}0.0,-0.03{}0{}{}{}{}{}{}{}{}[]{}
Time,1677616258.5729144{}0.0078,-0.0014,2.612{}0.05{}9.02,14.33,0{}(13.0044723,77.681328){}-0.01,-0.01{}14{}{}0.01,0.0,1.17,1.44,1.42,1.08,1.57,5.0,6.18,5.3,7.25,7.11,8.46,12.51{}{}-0.07,0.05,-0.26,-0.74,-0.55,-1.15,-0.36,-1.49,-1.43,-6.04,-6.31,-5.93,-5.45,8.54{}{}0.01,-0.06,0.66,0.47,0.88,-0.77,1.06,0.9,1.5,0.6,0.32,3.74,4.17,1.09{}{}[]{}
Time,1677616258.675397{}0.0078,-0.0014,2.612{}0.05{}9.02,14.33,0{}(13.0044723,77.681328){}-0.01,-0.01{}0{}{}{}{}{}{}{}{}[]{}
Time,1677616258.7782757{}0.0131,-0.0037,2.6097{}0.07{}9.02,14.34,0{}(13.0044723,77.6813288){}0.0,0.0{}0{}{}{}{}{}{}{}{}[]{}
Time,1677616258.8801088{}0.0131,-0.0037,2.6097{}0.07{}9.02,14.34,0{}(13.0044723,77.6813288){}0.0,0.0{}0{}{}{}{}{}{}{}{}[]{}
Time,1677616258.9816043{}0.0131,-0.0037,2.6097{}0.07{}9.03,14.37,0{}(13.0044723,77.6813288){}0.03,0.04{}0{}{}{}{}{}{}{}{}[]{}
Time,1677616259.0909963{}0.0131,-0.0037,2.6097{}0.07{}9.03,14.37,0{}(13.0044723,77.6813288){}0.03,0.04{}12{}{}0.01,0.0,1.2,1.56,4.88,5.07,5.41,5.31,7.32,8.55,12.09,6.12{}{}-0.07,0.05,-0.3,-0.64,-1.3,-1.32,-1.22,-6.04,-5.93,-5.43,9.03,-1.6{}{}0.01,-0.06,0.59,0.28,1.26,0.81,0.53,0.46,3.31,3.92,1.91,0.93{}{}[]{}
Time,1677616259.192485{}0.0131,-0.0037,2.6097{}0.35{}9.03,14.37,0{}(13.0044724,77.6813289){}0.03,0.02{}0{}{}{}{}{}{}{}{}[]{}
Time,1677616259.2935655{}0.0131,-0.0037,2.6097{}0.35{}9.04,14.41,0{}(13.0044724,77.6813289){}0.03,0.02{}0{}{}{}{}{}{}{}{}[]{}
Time,1677616259.3969471{}0.0131,-0.0037,2.6097{}0.35{}9.04,14.43,0{}(13.0044724,77.6813289){}0.0,-0.01{}0{}{}{}{}{}{}{}{}[]{}
Time,1677616259.504496{}0.0131,-0.0037,2.6097{}0.35{}9.04,14.43,0{}(13.0044724,77.6813289){}0.0,-0.01{}10{}{}0.01,0.0,1.21,1.42,5.15,5.22,5.25,5.24,7.03,12.1{}{}-0.07,0.05,-0.29,-0.47,-0.98,-1.18,-5.62,-6.03,-6.27,9.06{}{}0.01,-0.06,0.43,0.73,0.28,0.52,1.4,0.91,1.58,2.12{}{}[]{}
Time,1677616259.6120403{}0.0131,-0.0037,2.6097{}0.35{}9.05,14.46,0{}(13.0044724,77.6813289){}0.04,-0.01{}13{}{}0.01,0.0,1.23,1.42,1.76,5.21,5.4,5.27,5.37,6.92,12.21,0.5,0.47{}{}-0.07,0.05,-0.29,-0.61,-0.29,-1.17,-5.62,-6.03,-6.15,-6.6,9.05,-0.15,0.13{}{}0.01,-0.06,0.37,0.52,0.59,0.33,0.55,0.71,0.78,0.85,1.16,-0.44,-0.48{}{}[]{}
Time,1677616259.7185292{}0.0603,-0.0083,2.6753{}0.64{}9.05,14.46,0{}(13.004472499999999,77.6813289){}0.04,-0.01{}7{}{}0.01,0.0,1.22,1.42,4.97,5.08,6.9{}{}-0.07,0.05,-0.32,-0.65,-6.28,-6.43,-6.56{}{}0.01,-0.06,0.28,0.41,0.64,0.75,0.72{}{}[]{}
Time,1677616259.8222144{}0.0603,-0.0083,2.6753{}0.64{}9.07,14.48,0{}(13.004472499999999,77.6813289){}0.14,0.01{}0{}{}{}{}{}{}{}{}[]{}
Time,1677616259.9317925{}0.0603,-0.0083,2.6753{}0.64{}9.07,14.48,0{}(13.004472499999999,77.6813289){}0.14,0.01{}8{}{}0.01,0.0,1.29,1.39,1.42,4.71,6.61,0.45{}{}-0.07,0.05,-0.38,-0.53,-0.77,-6.69,-6.86,0.16{}{}0.01,-0.06,-0.05,0.38,0.25,0.89,0.66,-0.74{}{}[]{}
Time,1677616260.040763{}0.0603,-0.0083,2.6753{}0.64{}9.1,14.5,0{}(13.004472499999999,77.6813289){}0.12,0.02{}13{}{}0.01,0.0,0.09,0.16,1.4,1.33,1.23,1.39,4.34,6.59,13.52,0.75,0.95{}{}-0.07,0.05,-0.32,0.15,-0.57,-0.4,-0.96,-0.67,-6.94,-6.84,7.18,0.31,-0.03{}{}0.01,-0.06,-0.08,-0.26,0.14,0.82,-0.4,0.9,0.81,0.65,0.18,-0.55,0.2{}{}[]{}
Time,1677616260.149044{}0.0603,-0.0083,2.6753{}0.64{}9.1,14.5,0{}(13.004472499999999,77.6813289){}0.12,0.02{}13{}{}0.01,0.0,1.34,1.39,1.42,1.46,4.36,6.26,6.41,7.16,13.45,0.67,0.92{}{}-0.07,0.05,-0.55,-0.64,-0.84,-0.74,-6.94,-7.14,-7.07,8.44,7.18,-0.19,0.16{}{}0.01,-0.06,0.22,0.42,0.34,0.39,0.72,0.72,2.4,2.03,1.4,0.75,-0.43{}{}[]{}
Time,1677616260.2554436{}0.0603,-0.0083,2.6753{}0.87{}9.13,14.5,0{}(13.0044726,77.6813291){}0.13,-0.09{}11{}{}0.01,0.0,0.04,0.15,1.36,1.34,3.48,5.93,7.85,0.79,0.63{}{}-0.07,0.05,-0.33,0.15,-0.73,-0.93,-7.48,-7.46,7.74,-0.39,0.32{}{}0.01,-0.06,-0.07,-0.27,0.21,-0.28,0.21,0.6,2.27,-0.7,-0.88{}{}[]{}
Time,1677616260.3654985{}0.0603,-0.0083,2.6753{}0.87{}9.13,14.5,0{}(13.0044726,77.6813291){}0.28,-0.17{}12{}{}0.01,0.0,0.09,0.15,1.28,1.23,1.26,2.02,3.25,5.14,8.58,2.92{}{}-0.07,0.05,-0.32,0.15,-0.82,-1.02,-1.0,-8.0,8.17,-8.08,7.05,16.72{}{}0.01,-0.06,-0.08,-0.27,0.22,0.35,0.76,0.33,1.99,-0.04,1.98,3.13{}{}[]{}
Time,1677616260.4665945{}0.0603,-0.0083,2.6753{}0.87{}9.17,14.49,0{}(13.0044726,77.6813291){}0.28,-0.17{}0{}{}{}{}{}{}{}{}[]{}
Time,1677616260.5677571{}0.0603,-0.0083,2.6753{}0.87{}9.26,14.47,0{}(13.0044726,77.6813291){}0.54,-0.13{}0{}{}{}{}{}{}{}{}[]{}
Time,1677616260.6714056{}0.0603,-0.0083,2.6753{}0.87{}9.26,14.47,0{}(13.0044726,77.6813291){}0.54,-0.13{}0{}{}{}{}{}{}{}{}[]{}
Time,1677616260.77444{}-0.0562,-0.0214,4.0045{}1.0{}9.4,14.47,0{}(13.004473599999999,77.68133089999999){}0.72,0.09{}0{}{}{}{}{}{}{}{}[]{}
Time,1677616260.8807092{}-0.0562,-0.0214,4.0045{}1.0{}9.4,14.47,0{}(13.004473599999999,77.68133089999999){}0.72,0.09{}10{}{}0.01,0.0,0.1,7.59,13.84,15.34,14.79,15.94,8.77,10.72{}{}-0.07,0.05,-0.32,3.08,4.09,3.96,6.25,6.45,1.97,-3.93{}{}0.01,-0.06,-0.07,0.51,1.71,0.36,4.51,0.09,0.11,0.41{}{}[]{}
Time,1677616260.9822314{}-0.0562,-0.0214,4.0045{}1.0{}9.58,14.5,0{}(13.004473599999999,77.68133089999999){}0.66,0.39{}0{}{}{}{}{}{}{}{}[]{}
Time,1677616261.0833454{}-0.0562,-0.0214,4.0045{}1.0{}9.58,14.5,0{}(13.004473599999999,77.68133089999999){}0.66,0.39{}0{}{}{}{}{}{}{}{}[]{}
Time,1677616261.1889043{}-0.0562,-0.0214,4.0045{}1.01{}9.58,14.5,0{}(13.004476299999999,77.68133069999999){}0.66,0.39{}0{}{}{}{}{}{}{}{}[]{}
Time,1677616261.2942667{}-0.0562,-0.0214,4.0045{}1.01{}9.72,14.56,0{}(13.004476299999999,77.68133069999999){}0.25,0.5{}0{}{}{}{}{}{}{}{}[]{}
Time,1677616261.396721{}-0.0562,-0.0214,4.0045{}1.01{}9.76,14.58,0{}(13.004476299999999,77.68133069999999){}-0.17,0.33{}0{}{}{}{}{}{}{}{}[]{}
Time,1677616261.4980483{}-0.0562,-0.0214,4.0045{}1.01{}9.76,14.58,0{}(13.004476299999999,77.68133069999999){}-0.17,0.33{}0{}{}{}{}{}{}{}{}[]{}
Time,1677616261.599453{}-0.0562,-0.0214,4.0045{}1.01{}9.77,14.56,0{}(13.004476299999999,77.68133069999999){}-0.32,-0.06{}0{}{}{}{}{}{}{}{}[]{}
Time,1677616261.7065892{}-0.0375,-0.046,5.9244{}1.02{}9.77,14.56,0{}(13.0044785,77.6813312){}-0.32,-0.06{}10{}{}0.01,0.0,0.08,0.15,1.16,1.09,2.15,16.11,2.01,1.95{}{}-0.07,0.05,-0.32,0.15,0.28,0.59,2.2,-7.88,1.91,2.27{}{}0.01,-0.06,-0.09,-0.27,-0.45,-0.74,0.87,1.73,0.88,0.45{}{}[]{}
Time,1677616261.8137825{}-0.0375,-0.046,5.9244{}1.02{}9.76,14.52,0{}(13.0044785,77.6813312){}-0.31,-0.29{}11{}{}0.01,0.0,0.98,0.86,2.08,2.14,2.45,4.67,15.05,1.62,2.73{}{}-0.07,0.05,0.08,0.85,1.71,1.77,1.9,1.73,-9.6,4.83,5.06{}{}0.01,-0.06,-0.84,0.46,1.02,1.07,0.79,0.72,2.81,0.77,0.61{}{}[]{}
Time,1677616261.9214795{}-0.0375,-0.046,5.9244{}1.02{}9.76,14.52,0{}(13.0044785,77.6813312){}-0.31,-0.29{}11{}{}0.01,0.0,0.92,1.17,2.23,2.5,2.65,14.32,1.63,3.04,3.3{}{}-0.07,0.05,0.11,-0.12,1.34,1.48,1.49,-10.74,4.81,4.88,4.8{}{}0.01,-0.06,-0.75,-0.49,1.18,0.52,0.91,2.64,0.72,0.63,0.99{}{}[]{}
Time,1677616262.0306833{}-0.0375,-0.046,5.9244{}1.02{}9.76,14.47,0{}(13.0044785,77.6813312){}-0.12,-0.42{}10{}{}0.01,0.0,0.2,1.04,1.17,2.47,2.73,1.0,3.7,3.67{}{}-0.07,0.05,0.2,-0.04,-0.2,1.16,1.17,4.92,4.3,4.43{}{}0.01,-0.06,-0.18,-0.64,-0.52,0.85,0.98,0.77,0.83,1.35{}{}[]{}
Time,1677616262.1389186{}-0.0375,-0.046,5.9244{}1.02{}9.76,14.47,0{}(13.0044785,77.6813312){}-0.12,-0.42{}12{}{}0.01,0.0,0.94,10.93,11.96,2.53,2.74,1.59,3.82,4.08,6.23,10.01{}{}-0.07,0.05,-0.08,1.77,1.15,1.06,1.07,4.72,4.11,4.03,4.34,2.94{}{}0.01,-0.06,-0.78,2.28,2.67,0.69,1.0,0.72,1.09,1.2,1.38,0.61{}{}[]{}
Time,1677616262.2454922{}-0.0375,-0.046,5.9244{}1.08{}9.81,14.41,0{}(13.004478599999999,77.6813319){}0.2,-0.51{}10{}{}0.01,0.0,0.91,11.83,2.57,2.77,1.52,4.01,3.88,12.11{}{}-0.07,0.05,-0.15,-13.61,0.87,0.77,4.67,3.89,4.72,0.77{}{}0.01,-0.06,-0.72,1.99,0.63,1.1,0.83,0.94,3.13,1.91{}{}[]{}
Time,1677616262.3521945{}-0.0375,-0.046,5.9244{}1.08{}9.81,14.41,0{}(13.004478599999999,77.6813319){}0.2,-0.51{}16{}{}0.01,0.0,0.74,0.96,0.71,10.94,2.6,2.8,1.22,4.21,2.4,4.0,10.23,11.09,11.99,14.45{}{}-0.07,0.05,-0.32,-0.62,-0.23,-14.19,0.6,3.08,4.78,3.67,1.57,4.45,1.62,0.71,0.38,-4.32{}{}0.01,-0.06,-0.81,-0.48,-0.99,2.98,0.59,2.65,-0.03,0.26,-4.8,3.2,0.16,2.22,2.27,2.92{}{}[]{}
Time,1677616262.4605827{}-0.0375,-0.046,5.9244{}1.08{}9.92,14.38,0{}(13.004478599999999,77.6813319){}0.45,-0.57{}19{}{}0.01,0.0,0.08,0.21,1.06,0.77,9.4,0.78,0.86,1.14,2.47,2.36,2.67,3.12,4.36,10.2,10.98,11.92,12.67{}{}-0.07,0.05,-0.32,0.2,-0.27,-0.76,-14.74,-0.32,-0.67,-0.49,0.57,0.67,0.57,3.63,3.28,1.29,0.0,-0.38,-0.81{}{}0.01,-0.06,-0.08,-0.17,0.53,-0.56,4.86,-0.74,0.28,-0.37,0.54,1.1,1.32,0.7,0.84,0.07,2.46,2.37,2.87{}{}[]{}
Time,1677616262.5629053{}-0.0375,-0.046,5.9244{}1.08{}9.92,14.38,0{}(13.004478599999999,77.6813319){}0.45,-0.57{}0{}{}{}{}{}{}{}{}[]{}
Time,1677616262.666789{}-0.0375,-0.046,5.9244{}1.08{}10.04,14.33,0{}(13.004478599999999,77.6813319){}0.37,-0.67{}0{}{}{}{}{}{}{}{}[]{}
Time,1677616262.7962236{}-0.1629,-0.0572,0.0064{}1.08{}10.12,14.29,0{}(13.0044802,77.6813317){}0.22,-0.66{}12{}{}0.01,0.0,0.71,0.72,2.27,2.31,2.46,3.29,2.14,4.34,3.62,12.16{}{}-0.07,0.05,-0.72,0.9,0.29,0.38,0.25,3.12,4.06,2.76,4.23,-1.59{}{}0.01,-0.06,-0.55,0.02,0.51,0.69,1.0,0.2,0.67,0.79,3.25,3.47{}{}[]{}
Time,1677616262.8996258{}-0.1629,-0.0572,0.0064{}1.08{}10.12,14.29,0{}(13.0044802,77.6813317){}0.22,-0.66{}0{}{}{}{}{}{}{}{}[]{}
Time,1677616263.0021276{}-0.1629,-0.0572,0.0064{}1.08{}10.21,14.27,0{}(13.0044802,77.6813317){}0.33,-0.58{}0{}{}{}{}{}{}{}{}[]{}
Time,1677616263.109498{}-0.1629,-0.0572,0.0064{}1.08{}10.21,14.27,0{}(13.0044802,77.6813317){}0.33,-0.58{}11{}{}0.01,0.0,0.59,1.05,9.23,0.35,1.99,2.86,3.98,11.51,12.29{}{}-0.07,0.05,-0.97,-0.29,-15.29,0.0,0.26,3.0,2.97,-0.73,-1.17{}{}0.01,-0.06,0.19,0.36,3.06,-1.2,0.4,0.47,0.6,1.46,1.79{}{}[]{}
Time,1677616263.2152977{}-0.1629,-0.0572,0.0064{}2.23{}10.33,14.25,0{}(13.0044831,77.68133089999999){}0.4,-0.67{}8{}{}0.01,0.0,2.85,0.96,1.89,3.94,11.47,12.28{}{}-0.07,0.05,2.95,0.0,0.18,4.13,-0.36,-0.77{}{}0.01,-0.06,0.11,-0.75,0.48,1.88,1.32,1.39{}{}[]{}
Time,1677616263.3245366{}-0.1629,-0.0572,0.0064{}2.23{}10.33,14.25,0{}(13.0044831,77.68133089999999){}0.4,-0.67{}13{}{}0.01,0.0,10.83,3.65,2.65,3.57,3.81,1.74,10.23,11.36,12.22,13.83,14.04{}{}-0.07,0.05,-14.16,0.46,3.0,3.16,4.23,0.29,0.33,0.0,-0.39,-1.32,-1.33{}{}0.01,-0.06,3.26,0.5,0.07,0.63,1.5,0.64,2.46,1.45,1.58,2.21,1.51{}{}[]{}
Time,1677616263.4268308{}-0.1629,-0.0572,0.0064{}2.23{}10.43,14.23,0{}(13.0044831,77.68133089999999){}0.26,-0.96{}0{}{}{}{}{}{}{}{}[]{}
Time,1677616263.5317738{}-0.1629,-0.0572,0.0064{}2.23{}10.43,14.23,0{}(13.0044831,77.68133089999999){}0.26,-0.96{}8{}{}0.01,0.0,0.03,0.16,1.66,2.38,12.11,13.99{}{}-0.07,0.05,-0.33,0.16,0.16,2.98,0.38,-0.44{}{}0.01,-0.06,-0.08,-0.25,0.27,-0.09,1.02,0.68{}{}[]{}
Time,1677616263.6376717{}-0.1629,-0.0572,0.0064{}2.23{}10.53,14.21,0{}(13.0044831,77.68133089999999){}0.24,-1.15{}8{}{}0.01,0.0,1.58,1.59,1.56,2.18,12.04,13.73{}{}-0.07,0.05,0.26,0.54,-0.18,3.04,0.76,0.43{}{}0.01,-0.06,0.33,0.94,-1.12,0.05,0.7,1.75{}{}[]{}
Time,1677616263.7446856{}-0.1965,-0.0089,6.0393{}2.01{}10.53,14.21,0{}(13.004486799999999,77.6813355){}0.24,-1.15{}14{}{}0.01,0.0,0.08,0.17,0.97,0.69,12.16,1.54,1.94,2.93,2.54,8.58,13.76,13.79{}{}-0.07,0.05,-0.32,0.16,-0.23,0.15,-12.99,0.24,3.09,3.35,4.5,2.92,0.43,0.87{}{}0.01,-0.06,-0.09,-0.25,-0.7,-1.0,3.16,0.15,0.34,0.42,2.0,2.3,-0.43,1.49{}{}[]{}
Time,1677616263.851776{}-0.1965,-0.0089,6.0393{}2.01{}10.65,14.21,0{}(13.004486799999999,77.6813355){}0.28,-1.26{}10{}{}0.01,0.0,0.08,0.25,2.79,1.45,1.88,8.34,13.63,17.04{}{}-0.07,0.05,-0.32,0.22,0.54,0.28,3.03,3.11,0.86,0.0{}{}0.01,-0.06,-0.09,-0.07,0.61,0.2,0.41,1.67,1.08,0.48{}{}[]{}
Time,1677616263.9577954{}-0.1965,-0.0089,6.0393{}2.01{}10.65,14.21,0{}(13.004486799999999,77.6813355){}0.28,-1.26{}5{}{}0.01,0.0,0.09,0.2,1.36{}{}-0.07,0.05,-0.32,0.2,0.26{}{}0.01,-0.06,-0.08,-0.19,0.14{}{}[]{}
Time,1677616264.0605707{}-0.1965,-0.0089,6.0393{}2.01{}10.74,14.18,0{}(13.004486799999999,77.6813355){}0.14,-1.33{}0{}{}{}{}{}{}{}{}[]{}
Time,1677616264.1619103{}-0.1965,-0.0089,6.0393{}2.01{}10.74,14.18,0{}(13.004486799999999,77.6813355){}0.14,-1.33{}0{}{}{}{}{}{}{}{}[]{}
Time,1677616264.2681932{}-0.1965,-0.0089,6.0393{}1.08{}10.82,14.16,0{}(13.0044886,77.68133449999999){}0.05,-1.28{}0{}{}{}{}{}{}{}{}[]{}
Time,1677616264.3701189{}-0.1965,-0.0089,6.0393{}1.08{}10.89,14.18,0{}(13.0044886,77.68133449999999){}-0.05,-1.26{}0{}{}{}{}{}{}{}{}[]{}
Time,1677616264.476736{}-0.1965,-0.0089,6.0393{}1.08{}10.89,14.18,0{}(13.0044886,77.68133449999999){}-0.05,-1.26{}8{}{}0.01,0.0,12.72,1.99,1.0,3.51,1.7,1.32{}{}-0.07,0.05,-12.31,0.32,0.3,0.0,3.08,4.67{}{}0.01,-0.06,2.66,0.19,-0.09,0.18,0.1,1.73{}{}[]{}
Time,1677616264.578883{}-0.1965,-0.0089,6.0393{}1.08{}10.9,14.17,0{}(13.0044886,77.68133449999999){}-0.35,-1.24{}0{}{}{}{}{}{}{}{}[]{}
Time,1677616264.6812298{}-0.1965,-0.0089,6.0393{}1.08{}10.9,14.17,0{}(13.0044886,77.68133449999999){}-0.35,-1.24{}0{}{}{}{}{}{}{}{}[]{}
Time,1677616264.782717{}-0.15,0.0459,5.854{}1.09{}10.87,14.15,0{}(13.0044899,77.68133259999999){}-0.59,-1.29{}0{}{}{}{}{}{}{}{}[]{}
Time,1677616264.8837378{}-0.15,0.0459,5.854{}1.09{}10.87,14.15,0{}(13.0044899,77.68133259999999){}-0.59,-1.29{}0{}{}{}{}{}{}{}{}[]{}
Time,1677616264.9867303{}-0.15,0.0459,5.854{}1.09{}10.8,14.09,0{}(13.0044899,77.68133259999999){}-0.74,-1.31{}5{}{}0.01,0.0,0.75,3.3,1.58{}{}-0.07,0.05,0.35,0.31,3.54{}{}0.01,-0.06,0.21,0.14,0.5{}{}[]{}
Time,1677616265.090397{}-0.15,0.0459,5.854{}1.09{}10.8,14.09,0{}(13.0044899,77.68133259999999){}-0.74,-1.31{}2{}{}0.01,0.0{}{}-0.07,0.05{}{}0.01,-0.06{}{}[]{}
Time,1677616265.1935353{}-0.15,0.0459,5.854{}1.17{}10.73,14.04,0{}(13.0044905,77.68133209999999){}-0.88,-1.3{}4{}{}0.01,0.0,0.76,0.76{}{}-0.07,0.05,0.27,0.53{}{}0.01,-0.06,0.34,0.37{}{}[]{}
Time,1677616265.2973218{}-0.15,0.0459,5.854{}1.17{}10.73,14.04,0{}(13.0044905,77.68133209999999){}-0.88,-1.3{}6{}{}0.01,0.0,0.81,5.38,14.35,1.61{}{}-0.07,0.05,0.28,3.42,-10.0,0.53{}{}0.01,-0.06,0.28,0.97,3.18,0.23{}{}[]{}
Time,1677616265.4009323{}-0.15,0.0459,5.854{}1.17{}10.65,13.98,0{}(13.0044905,77.68133209999999){}-0.96,-1.28{}7{}{}0.01,0.0,0.88,0.65,0.93,3.51,14.38{}{}-0.07,0.05,0.2,0.45,0.12,0.44,-10.0{}{}0.01,-0.06,0.02,0.53,-0.15,0.11,3.05{}{}[]{}
Time,1677616265.5025334{}-0.15,0.0459,5.854{}1.17{}10.65,13.98,0{}(13.0044905,77.68133209999999){}-0.96,-1.28{}0{}{}{}{}{}{}{}{}[]{}
Time,1677616265.6036773{}-0.15,0.0459,5.854{}1.17{}10.57,13.94,0{}(13.0044905,77.68133209999999){}-1.01,-1.23{}0{}{}{}{}{}{}{}{}[]{}
Time,1677616265.7049484{}-0.1963,-0.0014,5.8768{}1.34{}10.57,13.94,0{}(13.004489699999999,77.6813317){}-1.01,-1.23{}0{}{}{}{}{}{}{}{}[]{}
Time,1677616265.812188{}-0.1963,-0.0014,5.8768{}1.34{}10.47,13.89,0{}(13.004489699999999,77.6813317){}-1.04,-1.17{}7{}{}0.01,0.0,13.63,0.96,1.89,1.32,3.55{}{}-0.07,0.05,-11.14,0.39,0.63,-0.13,0.22{}{}0.01,-0.06,2.8,0.14,0.21,-1.5,0.21{}{}[]{}
Time,1677616265.9158435{}-0.1963,-0.0014,5.8768{}1.34{}10.47,13.89,0{}(13.004489699999999,77.6813317){}-1.04,-1.17{}6{}{}0.01,0.0,13.98,1.02,2.01,16.72{}{}-0.07,0.05,-10.6,0.38,0.59,2.65{}{}0.01,-0.06,3.31,0.18,0.12,0.73{}{}[]{}
Time,1677616266.0189784{}-0.1963,-0.0014,5.8768{}1.34{}10.36,13.87,0{}(13.004489699999999,77.6813317){}-1.16,-1.1{}4{}{}0.01,0.0,1.06,3.66{}{}-0.07,0.05,0.39,0.23{}{}0.01,-0.06,0.2,0.05{}{}[]{}
Time,1677616266.1224766{}-0.1963,-0.0014,5.8768{}1.34{}10.36,13.87,0{}(13.004489699999999,77.6813317){}-1.16,-1.1{}6{}{}0.01,0.0,13.82,1.1,3.7,2.18{}{}-0.07,0.05,-11.19,0.4,0.23,0.65{}{}0.01,-0.06,2.08,-0.05,0.01,0.32{}{}[]{}
Time,1677616266.2235808{}-0.1963,-0.0014,5.8768{}1.08{}10.21,13.87,0{}(13.004488199999999,77.6813324){}-1.34,-1.03{}0{}{}{}{}{}{}{}{}[]{}
Time,1677616266.326955{}-0.1963,-0.0014,5.8768{}1.08{}10.21,13.87,0{}(13.004488199999999,77.6813324){}-1.34,-1.03{}5{}{}0.01,0.0,1.24,1.05,2.39{}{}-0.07,0.05,0.41,4.87,0.7{}{}0.01,-0.06,0.17,2.02,0.09{}{}[]{}
Time,1677616266.4301462{}-0.1963,-0.0014,5.8768{}1.08{}10.09,13.89,0{}(13.004488199999999,77.6813324){}-1.3,-1.07{}7{}{}0.01,0.0,0.9,0.8,1.29,2.31,13.58{}{}-0.07,0.05,0.35,-0.43,0.48,3.69,-11.26{}{}0.01,-0.06,-0.78,-0.85,0.2,0.4,3.66{}{}[]{}
Time,1677616266.532942{}-0.1963,-0.0014,5.8768{}1.08{}10.09,13.89,0{}(13.004488199999999,77.6813324){}-1.3,-1.07{}6{}{}0.01,0.0,1.33,1.09,2.13,13.8{}{}-0.07,0.05,0.5,0.53,3.69,-11.26{}{}0.01,-0.06,0.23,0.95,0.99,2.72{}{}[]{}
Time,1677616266.6374133{}-0.1963,-0.0014,5.8768{}1.08{}10.0,13.9,0{}(13.004488199999999,77.6813324){}-1.13,-1.12{}9{}{}0.01,0.0,1.38,1.42,2.34,13.4,13.62,3.5,13.93{}{}-0.07,0.05,0.58,0.48,3.73,2.58,2.61,-2.17,-10.74{}{}0.01,-0.06,0.35,0.33,0.39,1.65,0.81,13.27,4.24{}{}[]{}
Time,1677616266.7421377{}-0.0525,-0.0829,5.9384{}1.08{}10.0,13.9,0{}(13.0044851,77.68132829999999){}-1.13,-1.12{}7{}{}0.01,0.0,0.91,14.0,1.46,13.6,16.67{}{}-0.07,0.05,0.26,-11.35,0.5,2.61,2.67{}{}0.01,-0.06,-0.7,2.28,0.36,1.59,2.84{}{}[]{}
Time,1677616266.8492777{}-0.0525,-0.0829,5.9384{}1.08{}9.95,13.87,0{}(13.0044851,77.68132829999999){}-1.08,-1.23{}11{}{}0.01,0.0,0.09,0.16,0.93,0.92,14.12,1.54,1.47,13.44,13.61{}{}-0.07,0.05,-0.32,0.2,0.27,-0.31,-11.35,0.46,3.36,2.17,2.62{}{}0.01,-0.06,-0.08,-0.23,-0.74,-0.74,1.36,0.3,0.54,2.64,1.91{}{}[]{}
Time,1677616266.957329{}-0.0525,-0.0829,5.9384{}1.08{}9.95,13.87,0{}(13.0044851,77.68132829999999){}-1.08,-1.23{}11{}{}0.01,0.0,0.09,0.16,1.08,0.34,1.61,1.7,2.69,13.8,16.84{}{}-0.07,0.05,-0.32,0.17,0.33,-0.04,0.37,3.27,3.59,1.76,1.07{}{}0.01,-0.06,-0.08,-0.25,-0.33,-1.12,0.35,0.62,0.99,1.89,3.29{}{}[]{}
Time,1677616267.0686033{}-0.0525,-0.0829,5.9384{}1.08{}9.89,13.78,0{}(13.0044851,77.68132829999999){}-1.16,-1.44{}11{}{}0.01,0.0,0.09,0.13,0.54,1.67,1.93,8.22,8.49,16.89,3.36{}{}-0.07,0.05,-0.32,0.17,0.07,0.33,3.17,3.21,3.28,0.0,0.54{}{}0.01,-0.06,-0.08,-0.27,-0.98,0.44,0.6,3.03,2.89,3.56,0.54{}{}[]{}
Time,1677616267.1701193{}-0.0525,-0.0829,5.9384{}1.08{}9.89,13.78,0{}(13.0044851,77.68132829999999){}-1.16,-1.44{}0{}{}{}{}{}{}{}{}[]{}
Time,1677616267.27407{}-0.0525,-0.0829,5.9384{}1.08{}9.76,13.65,0{}(13.0044835,77.68132729999999){}-1.2,-1.43{}0{}{}{}{}{}{}{}{}[]{}
Time,1677616267.3752701{}-0.0525,-0.0829,5.9384{}1.08{}9.66,13.59,0{}(13.0044835,77.68132729999999){}-1.06,-1.2{}0{}{}{}{}{}{}{}{}[]{}
Time,1677616267.4772265{}-0.0525,-0.0829,5.9384{}1.08{}9.66,13.59,0{}(13.0044835,77.68132729999999){}-1.06,-1.2{}0{}{}{}{}{}{}{}{}[]{}
Time,1677616267.583285{}-0.0525,-0.0829,5.9384{}1.08{}9.54,13.58,0{}(13.0044835,77.68132729999999){}-1.02,-1.01{}10{}{}0.01,0.0,0.09,0.58,2.1,2.08,2.46,4.81,10.52,11.31{}{}-0.07,0.05,-0.32,-0.9,-0.13,0.08,3.45,3.04,-2.02,-2.56{}{}0.01,-0.06,-0.08,-0.64,0.33,1.28,0.31,2.14,1.12,1.52{}{}[]{}
Time,1677616267.6849282{}-0.0525,-0.0829,5.9384{}1.14{}9.54,13.58,0{}(13.004479199999999,77.681328){}-1.02,-1.01{}0{}{}{}{}{}{}{}{}[]{}
Time,1677616267.7859564{}-0.1356,-0.0224,0.6149{}1.14{}9.41,13.61,0{}(13.004479199999999,77.681328){}-1.06,-1.13{}0{}{}{}{}{}{}{}{}[]{}
Time,1677616267.8872967{}-0.1356,-0.0224,0.6149{}1.14{}9.41,13.61,0{}(13.004479199999999,77.681328){}-1.06,-1.13{}0{}{}{}{}{}{}{}{}[]{}
Time,1677616267.9946783{}-0.1356,-0.0224,0.6149{}1.14{}9.29,13.61,0{}(13.004479199999999,77.681328){}-0.87,-1.39{}13{}{}0.01,0.0,0.08,0.15,2.54,2.79,4.11,4.43,1.44,1.62,5.47,0.36,0.11{}{}-0.07,0.05,-0.32,0.18,1.85,1.8,6.47,0.56,-2.04,-2.26,-1.61,1.01,1.21{}{}0.01,-0.06,-0.09,-0.25,0.98,0.71,0.23,-0.15,0.77,0.14,2.95,0.1,0.29{}{}[]{}
Time,1677616268.095989{}-0.1356,-0.0224,0.6149{}1.14{}9.29,13.61,0{}(13.004479199999999,77.681328){}-0.87,-1.39{}0{}{}{}{}{}{}{}{}[]{}
Time,1677616268.1985903{}-0.1356,-0.0224,0.6149{}1.08{}9.22,13.64,0{}(13.004476799999999,77.681332){}-0.56,-1.3{}0{}{}{}{}{}{}{}{}[]{}
Time,1677616268.3010736{}-0.1356,-0.0224,0.6149{}1.08{}9.22,13.64,0{}(13.004476799999999,77.681332){}-0.56,-1.3{}0{}{}{}{}{}{}{}{}[]{}
Time,1677616268.4089026{}-0.1356,-0.0224,0.6149{}1.08{}9.18,13.73,0{}(13.004476799999999,77.681332){}-0.26,-1.06{}15{}{}0.01,0.0,0.08,5.82,12.15,12.59,1.26,1.38,3.06,3.46,6.86,3.42,3.81,4.98,0.91{}{}-0.07,0.05,-0.32,6.65,7.64,7.37,0.34,0.46,-0.89,-1.04,-0.23,-1.45,-3.05,-2.7,1.97{}{}0.01,-0.06,-0.09,0.69,-0.91,2.16,0.33,0.18,1.61,0.72,2.43,1.04,-0.08,2.46,0.11{}{}[]{}
Time,1677616268.5168161{}-0.1356,-0.0224,0.6149{}1.08{}9.18,13.73,0{}(13.004476799999999,77.681332){}-0.26,-1.06{}12{}{}0.01,0.0,1.15,0.99,13.43,1.3,1.53,3.0,6.83,9.42,3.04,1.32{}{}-0.07,0.05,1.43,2.3,4.94,-0.12,0.0,-1.73,-1.84,0.3,-3.91,1.61{}{}0.01,-0.06,-1.75,0.42,-1.24,-0.17,0.11,1.26,2.01,1.68,0.72,0.53{}{}[]{}
Time,1677616268.61917{}-0.1356,-0.0224,0.6149{}1.08{}9.15,13.83,0{}(13.004476799999999,77.681332){}-0.08,-0.58{}0{}{}{}{}{}{}{}{}[]{}
Time,1677616268.7280755{}-0.1044,0.0701,2.3976{}1.01{}9.15,13.83,0{}(13.0044732,77.6813282){}-0.08,-0.58{}14{}{}0.01,0.0,1.74,12.8,14.44,14.65,1.22,1.31,1.48,2.27,1.8,5.96,9.06,8.89{}{}-0.07,0.05,0.93,-0.81,-0.45,0.0,-0.77,-0.62,-0.66,-3.05,-4.85,-3.75,-2.66,-2.41{}{}0.01,-0.06,0.16,1.7,-0.53,1.2,0.03,0.46,0.22,0.9,0.12,2.58,0.39,2.86{}{}[]{}
Time,1677616268.8353841{}-0.1044,0.0701,2.3976{}1.01{}9.14,13.91,0{}(13.0044732,77.6813282){}-0.08,-0.17{}13{}{}0.01,0.0,1.82,2.31,0.23,11.08,12.49,14.36,1.03,1.91,1.11,5.36,11.14{}{}-0.07,0.05,0.75,0.93,0.0,-5.88,-2.43,-1.81,-1.01,-3.34,-5.09,-4.72,11.58{}{}0.01,-0.06,0.36,0.06,2.48,-0.23,2.51,-0.49,0.25,0.94,0.68,2.45,1.23{}{}[]{}
Time,1677616268.9414852{}-0.1044,0.0701,2.3976{}1.01{}9.14,13.91,0{}(13.0044732,77.6813282){}-0.08,-0.17{}13{}{}0.01,0.0,0.08,0.19,1.08,1.84,8.34,9.57,12.0,11.85,14.01,0.8,0.27{}{}-0.07,0.05,-0.32,0.18,-1.02,0.48,-4.44,-3.9,-3.24,-5.88,-3.62,-3.21,-5.13{}{}0.01,-0.06,-0.09,-0.22,-0.11,0.16,0.74,1.15,3.71,2.32,0.47,2.16,1.29{}{}[]{}
Time,1677616269.0427482{}-0.1044,0.0701,2.3976{}1.01{}9.11,14.0,0{}(13.0044732,77.6813282){}-0.01,-0.02{}0{}{}{}{}{}{}{}{}[]{}
Time,1677616269.1492753{}-0.1044,0.0701,2.3976{}1.01{}9.11,14.0,0{}(13.0044732,77.6813282){}-0.01,-0.02{}16{}{}0.01,0.0,0.8,0.7,0.9,1.9,1.82,4.99,5.7,7.62,7.56,9.0,10.96,12.26,13.39,13.33{}{}-0.07,0.05,0.4,-0.16,-1.24,0.18,0.19,-0.31,-5.52,-5.64,-5.45,-5.2,-7.13,-5.2,-5.42,-5.05{}{}0.01,-0.06,-0.91,-1.05,0.42,-0.02,0.81,0.2,1.26,0.64,2.68,0.4,3.05,3.88,0.57,3.61{}{}[]{}
Time,1677616269.25332{}-0.1044,0.0701,2.3976{}1.01{}9.09,14.05,0{}(13.0044712,77.6813279){}0.02,0.01{}13{}{}0.01,0.0,0.08,0.86,1.89,0.61,4.93,5.25,7.16,7.22,8.6,10.42,12.9{}{}-0.07,0.05,-0.32,-1.29,0.0,-2.41,-0.46,-6.01,-6.23,-5.76,-5.85,-7.55,-5.97{}{}0.01,-0.06,-0.09,0.33,0.49,-0.09,0.1,0.74,0.27,2.96,0.1,3.83,3.76{}{}[]{}
Time,1677616269.3589382{}-0.1044,0.0701,2.3976{}1.01{}9.09,14.05,0{}(13.0044712,77.6813279){}0.02,0.01{}11{}{}0.01,0.0,0.61,1.78,1.87,0.86,4.84,5.31,7.1,6.59,8.37{}{}-0.07,0.05,-1.44,-0.12,-0.12,2.34,-0.77,-6.03,-6.25,-6.06,-6.18{}{}0.01,-0.06,0.28,0.5,0.54,0.07,0.56,0.15,1.08,3.72,0.07{}{}[]{}
Time,1677616269.4676592{}-0.1044,0.0701,2.3976{}1.01{}9.06,14.09,0{}(13.0044712,77.6813279){}-0.05,0.03{}7{}{}0.01,0.0,1.54,4.86,6.83,11.27,12.7{}{}-0.07,0.05,-0.21,-1.09,-6.38,-6.94,-6.76{}{}0.01,-0.06,0.58,0.08,2.66,4.15,1.14{}{}[]{}
Time,1677616269.5692756{}-0.1044,0.0701,2.3976{}1.01{}9.0,14.11,0{}(13.0044712,77.6813279){}-0.1,0.09{}0{}{}{}{}{}{}{}{}[]{}
Time,1677616269.6711473{}-0.1044,0.0701,2.3976{}1.01{}9.0,14.11,0{}(13.0044712,77.6813279){}-0.1,0.09{}0{}{}{}{}{}{}{}{}[]{}
Time,1677616269.7782497{}-0.1163,0.0675,2.6153{}0.94{}8.95,14.13,0{}(13.0044693,77.6813292){}0.04,0.25{}0{}{}{}{}{}{}{}{}[]{}
Time,1677616269.8800437{}-0.1163,0.0675,2.6153{}0.94{}8.95,14.13,0{}(13.0044693,77.6813292){}0.04,0.25{}0{}{}{}{}{}{}{}{}[]{}
Time,1677616269.9816282{}-0.1163,0.0675,2.6153{}0.94{}8.9,14.13,0{}(13.0044693,77.6813292){}0.22,0.37{}0{}{}{}{}{}{}{}{}[]{}
Time,1677616270.089429{}-0.1163,0.0675,2.6153{}0.94{}8.9,14.13,0{}(13.0044693,77.6813292){}0.22,0.37{}0{}{}{}{}{}{}{}{}[]{}
Time,1677616270.190527{}-0.1163,0.0675,2.6153{}0.64{}8.86,14.14,0{}(13.004465399999999,77.681326){}0.33,0.45{}0{}{}{}{}{}{}{}{}[]{}
Time,1677616270.2929902{}-0.1163,0.0675,2.6153{}0.64{}8.86,14.14,0{}(13.004465399999999,77.681326){}0.33,0.45{}0{}{}{}{}{}{}{}{}[]{}
Time,1677616270.3961167{}-0.1163,0.0675,2.6153{}0.64{}8.85,14.18,0{}(13.004465399999999,77.681326){}0.41,0.55{}0{}{}{}{}{}{}{}{}[]{}
Time,1677616270.5021574{}-0.1163,0.0675,2.6153{}0.64{}8.85,14.18,0{}(13.004465399999999,77.681326){}0.41,0.55{}9{}{}0.01,0.0,1.39,1.63,1.58,5.05,9.26,12.44,12.3{}{}-0.07,0.05,-0.05,-0.27,-4.14,-0.16,-5.41,-5.23,9.18{}{}0.01,-0.06,0.46,0.59,1.1,0.49,1.43,3.5,1.86{}{}[]{}
Time,1677616270.6073792{}-0.1163,0.0675,2.6153{}0.64{}8.84,14.26,0{}(13.004465399999999,77.681326){}0.47,0.64{}9{}{}0.01,0.0,1.36,1.67,0.93,5.04,5.85,9.35,5.3{}{}-0.07,0.05,-0.09,-0.28,-4.28,-0.16,-5.1,-5.4,-0.5{}{}0.01,-0.06,0.53,0.57,1.29,1.05,0.24,0.06,-0.05{}{}[]{}
Time,1677616270.713965{}-0.0342,-0.0141,2.5589{}0.44{}8.84,14.26,0{}(13.0044638,77.6813236){}0.47,0.64{}9{}{}0.01,0.0,1.32,1.6,1.47,7.39,9.12,11.77,5.04{}{}-0.07,0.05,-0.05,-0.21,-4.26,-5.98,8.96,-4.48,-0.33{}{}0.01,-0.06,0.64,0.49,0.57,1.09,2.53,3.36,1.22{}{}[]{}
Time,1677616270.82167{}-0.0342,-0.0141,2.5589{}0.44{}8.84,14.33,0{}(13.0044638,77.6813236){}0.51,0.71{}7{}{}0.01,0.0,1.37,1.6,1.08,5.11,4.74{}{}-0.07,0.05,-0.05,-0.21,-4.28,-0.16,-0.33{}{}0.01,-0.06,0.53,0.48,1.16,0.95,2.35{}{}[]{}
Time,1677616270.931137{}-0.0342,-0.0141,2.5589{}0.44{}8.84,14.33,0{}(13.0044638,77.6813236){}0.51,0.71{}0{}{}{}{}{}{}{}{}[]{}
Time,1677616271.0353756{}-0.0342,-0.0141,2.5589{}0.44{}8.84,14.38,0{}(13.0044638,77.6813236){}0.53,0.76{}10{}{}0.01,0.0,1.36,1.57,1.7,0.88,5.06,12.46,5.14,5.27{}{}-0.07,0.05,-0.14,-0.32,-0.52,-1.67,-5.82,8.68,-0.51,-0.69{}{}0.01,-0.06,0.59,0.54,0.44,0.29,0.86,2.76,1.58,1.47{}{}[]{}
Time,1677616271.1394403{}-0.0342,-0.0141,2.5589{}0.44{}8.84,14.38,0{}(13.0044638,77.6813236){}0.53,0.76{}10{}{}0.01,0.0,1.59,5.09,4.88,7.6,8.99,11.12,12.17,5.11{}{}-0.07,0.05,-0.21,-0.32,-5.82,-5.7,8.98,-5.72,9.18,-0.34{}{}0.01,-0.06,0.51,-0.06,1.61,1.35,3.02,3.8,2.57,1.79{}{}[]{}
Time,1677616271.2441857{}-0.0342,-0.0141,2.5589{}0.37{}8.84,14.42,0{}(13.0044636,77.6813197){}0.52,0.81{}12{}{}0.01,0.0,1.34,1.59,1.4,5.45,5.6,7.49,8.93,11.75,12.18,5.17{}{}-0.07,0.05,-0.09,-0.26,-4.26,-0.34,-5.34,-6.0,8.96,-4.89,9.18,-0.16{}{}0.01,-0.06,0.64,0.49,0.72,0.38,0.65,-0.11,3.14,2.82,2.51,0.15{}{}[]{}
Time,1677616271.3510494{}-0.0342,-0.0141,2.5589{}0.37{}8.84,14.42,0{}(13.0044636,77.6813197){}0.52,0.81{}13{}{}0.01,0.0,1.34,1.59,1.87,5.31,5.83,7.66,9.02,11.42,12.15,12.33,5.23{}{}-0.07,0.05,-0.09,-0.21,-4.09,-0.34,-5.1,-5.7,8.96,-5.3,-5.24,9.18,-0.33{}{}0.01,-0.06,0.65,0.51,0.4,1.25,0.6,0.97,2.88,3.41,4.46,1.66,0.27{}{}[]{}
Time,1677616271.456624{}-0.0342,-0.0141,2.5589{}0.37{}8.84,14.46,0{}(13.0044636,77.6813197){}0.51,0.84{}12{}{}0.01,0.0,1.34,1.58,1.41,5.38,5.46,3.29,5.6,7.69,8.97,11.33{}{}-0.07,0.05,-0.05,-0.26,-4.24,-0.34,-0.35,-2.47,-5.34,-5.7,8.96,-5.3{}{}0.01,-0.06,0.64,0.51,0.7,1.2,1.38,-3.86,0.7,0.67,3.02,3.69{}{}[]{}
Time,1677616271.5594404{}-0.0342,-0.0141,2.5589{}0.37{}8.84,14.46,0{}(13.0044636,77.6813197){}0.51,0.84{}0{}{}{}{}{}{}{}{}[]{}
Time,1677616271.6615589{}-0.0342,-0.0141,2.5589{}0.37{}8.84,14.5,0{}(13.0044636,77.6813197){}0.51,0.86{}0{}{}{}{}{}{}{}{}[]{}
Time,1677616271.768329{}-0.04,-0.011,2.5495{}0.24{}8.84,14.5,0{}(13.0044636,77.6813213){}0.51,0.88{}0{}{}{}{}{}{}{}{}[]{}
Time,1677616271.8713677{}-0.04,-0.011,2.5495{}0.24{}8.84,14.54,0{}(13.0044636,77.6813213){}0.51,0.88{}0{}{}{}{}{}{}{}{}[]{}
Time,1677616271.9748323{}-0.04,-0.011,2.5495{}0.24{}8.85,14.61,0{}(13.0044636,77.6813213){}0.52,0.92{}0{}{}{}{}{}{}{}{}[]{}
Time,1677616272.0875416{}-0.04,-0.011,2.5495{}0.24{}8.85,14.61,0{}(13.0044636,77.6813213){}0.52,0.92{}14{}{}0.01,0.0,1.37,1.59,1.65,0.86,5.71,5.62,7.45,9.16,11.56,12.24,12.28,5.42{}{}-0.07,0.05,-0.05,-0.21,-0.27,-4.38,-0.36,-5.34,-6.0,8.96,-5.3,-5.24,9.18,-0.18{}{}0.01,-0.06,0.58,0.5,1.31,0.71,0.86,0.52,0.75,2.38,2.88,4.23,1.97,1.71{}{}[]{}
Time,1677616272.1889462{}-0.04,-0.011,2.5495{}0.23{}8.85,14.61,0{}(13.004462799999999,77.6813221){}0.52,0.94{}0{}{}{}{}{}{}{}{}[]{}
Time,1677616272.2902088{}-0.04,-0.011,2.5495{}0.23{}8.86,14.66,0{}(13.004462799999999,77.6813221){}0.52,0.94{}0{}{}{}{}{}{}{}{}[]{}
Time,1677616272.3913858{}-0.04,-0.011,2.5495{}0.23{}8.85,14.7,0{}(13.004462799999999,77.6813221){}0.52,0.95{}0{}{}{}{}{}{}{}{}[]{}
Time,1677616272.4961712{}-0.04,-0.011,2.5495{}0.23{}8.85,14.7,0{}(13.004462799999999,77.6813221){}0.52,0.95{}10{}{}0.01,0.0,1.62,1.43,5.63,5.61,7.44,9.02,11.61,5.79{}{}-0.07,0.05,-0.21,-4.24,0.0,-5.34,-6.0,8.96,-5.3,-0.19{}{}0.01,-0.06,0.42,0.65,1.25,0.54,0.83,2.88,2.67,1.4{}{}[]{}
Time,1677616272.6015217{}-0.04,-0.011,2.5495{}0.23{}8.83,14.74,0{}(13.004462799999999,77.6813221){}0.5,0.95{}12{}{}0.01,0.0,1.6,1.4,1.32,5.76,5.62,7.69,9.1,11.58,12.34,5.73{}{}-0.07,0.05,-0.21,-0.26,-4.24,0.18,-5.34,-5.7,8.96,-5.3,9.18,-0.19{}{}0.01,-0.06,0.49,1.54,0.86,0.74,0.47,0.75,2.62,2.82,1.53,1.81{}{}[]{}
Time,1677616272.709451{}-0.0344,-0.0099,2.5516{}0.23{}8.83,14.74,0{}(13.004462199999999,77.6813231){}0.5,0.95{}13{}{}0.01,0.0,1.6,1.23,1.33,5.71,5.62,6.26,7.68,8.89,11.66,11.88,5.75{}{}-0.07,0.05,-0.16,-0.2,-4.24,0.0,-5.34,-5.42,-5.7,8.96,-4.89,9.66,-0.38{}{}0.01,-0.06,0.52,1.72,0.84,1.2,0.42,-3.85,0.76,3.25,3.19,2.14,1.8{}{}[]{}
Time,1677616272.8191721{}-0.0344,-0.0099,2.5516{}0.23{}8.81,14.78,0{}(13.004462199999999,77.6813231){}0.5,0.96{}11{}{}0.01,0.0,1.6,1.69,1.35,5.73,5.83,7.69,5.66,5.87,2.6{}{}-0.07,0.05,-0.16,-0.46,-4.24,0.0,-5.1,-5.7,0.0,-0.38,-5.44{}{}0.01,-0.06,0.52,0.55,0.8,0.84,0.54,0.7,1.71,1.62,-6.89{}{}[]{}
Time,1677616272.9288545{}-0.0344,-0.0099,2.5516{}0.23{}8.81,14.78,0{}(13.004462199999999,77.6813231){}0.5,0.96{}12{}{}0.01,0.0,1.62,1.02,1.33,5.82,7.7,9.08,11.71,12.29,5.76,5.98{}{}-0.07,0.05,-0.16,-0.74,-4.24,-5.1,-5.7,8.98,-4.9,9.18,0.18,-0.19{}{}0.01,-0.06,0.44,-1.12,0.84,0.68,0.61,2.76,3.1,1.93,1.3,1.43{}{}[]{}
Time,1677616273.031259{}-0.0344,-0.0099,2.5516{}0.23{}8.79,14.83,0{}(13.004462199999999,77.6813231){}0.49,0.96{}0{}{}{}{}{}{}{}{}[]{}
Time,1677616273.1384346{}-0.0344,-0.0099,2.5516{}0.23{}8.79,14.83,0{}(13.004462199999999,77.6813231){}0.49,0.96{}16{}{}0.01,0.0,1.37,1.56,1.85,0.44,1.27,5.61,5.45,7.7,9.31,11.52,12.32,12.32,5.89,6.06{}{}-0.07,0.05,-0.05,-0.55,-0.3,-1.87,-4.24,-5.34,-5.74,-5.7,8.56,-5.3,-5.24,9.18,0.0,-0.39{}{}0.01,-0.06,0.53,0.59,0.45,0.18,0.93,0.6,1.05,0.64,3.18,3.03,4.0,1.73,1.4,1.69{}{}[]{}
Time,1677616273.244607{}-0.0344,-0.0099,2.5516{}0.23{}8.78,14.88,0{}(13.0044615,77.6813222){}0.48,0.97{}14{}{}0.01,0.0,1.34,1.61,1.38,5.6,5.45,7.69,9.49,11.49,11.18,12.34,5.91,6.0{}{}-0.07,0.05,-0.09,-0.49,-4.24,-5.34,-5.74,-5.7,8.57,-5.31,9.2,9.18,0.0,-0.2{}{}0.01,-0.06,0.59,0.49,0.75,0.69,1.07,0.68,2.65,3.26,2.68,1.58,1.19,1.99{}{}[]{}
Time,1677616273.350714{}-0.0344,-0.0099,2.5516{}0.23{}8.78,14.88,0{}(13.0044615,77.6813222){}0.48,0.97{}11{}{}0.01,0.0,1.35,1.58,0.68,1.81,5.82,5.45,7.7,12.35,6.0{}{}-0.07,0.05,-0.09,-0.49,-1.73,-0.42,-5.1,-5.74,-5.7,9.18,0.0{}{}0.01,-0.06,0.57,0.51,0.43,-0.43,0.67,1.07,0.64,1.43,1.23{}{}[]{}
Time,1677616273.4539244{}-0.0344,-0.0099,2.5516{}0.23{}8.75,14.9,0{}(13.0044615,77.6813222){}0.47,0.95{}0{}{}{}{}{}{}{}{}[]{}
Time,1677616273.5557358{}-0.0344,-0.0099,2.5516{}0.23{}8.75,14.9,0{}(13.0044615,77.6813222){}0.47,0.95{}0{}{}{}{}{}{}{}{}[]{}
Time,1677616273.658351{}-0.0344,-0.0099,2.5516{}0.23{}8.73,14.92,0{}(13.0044615,77.6813222){}0.46,0.95{}0{}{}{}{}{}{}{}{}[]{}
Time,1677616273.7652342{}-0.0282,-0.0085,2.5536{}0.23{}8.73,14.92,0{}(13.004461,77.68132109999999){}0.46,0.95{}12{}{}0.01,0.0,1.33,1.61,1.32,6.26,5.62,5.43,7.68,11.35,12.25,6.29{}{}-0.07,0.05,-0.09,-0.27,-4.24,0.0,-5.34,-5.74,-5.7,9.2,9.18,0.4{}{}0.01,-0.06,0.61,1.36,0.86,0.37,0.45,1.15,0.79,1.81,2.16,0.75{}{}[]{}
Time,1677616273.8664618{}-0.0282,-0.0085,2.5536{}0.23{}8.7,14.92,0{}(13.004461,77.68132109999999){}0.44,0.92{}0{}{}{}{}{}{}{}{}[]{}
Time,1677616273.9677792{}-0.0282,-0.0085,2.5536{}0.23{}8.66,14.9,0{}(13.004461,77.68132109999999){}0.43,0.89{}0{}{}{}{}{}{}{}{}[]{}
