date,level,x,y,z
2023/03/01 00:12:54,logs_a,{},1677629574.2799952,{},[0.12, -0.05, 4.11, 4.0],{},[0.44, 0.43, 10.12, 10.92],{},[-0.18, 0.22, 0.92, 0.63],{},[0.0, 0.0, 0.0, 0.0],{}1677629574.280199
2023/03/01 00:12:54,logs_a,{},1677629574.4446318,{},[0.12, -0.05, 4.11, 4.0],{},[0.44, 0.43, 10.16, 10.91],{},[-0.18, 0.22, 0.19, 0.74],{},[0.0, 0.0, 0.0, 0.0],{}1677629574.445361
2023/03/01 00:12:54,logs_a,{},1677629574.555213,{},[0.12, -0.05, 4.11, 4.37],{},[0.44, 0.43, 10.16, 10.77],{},[-0.18, 0.22, 0.05, 0.8],{},[0.0, 0.0, 0.0, 0.0],{}1677629574.555305
2023/03/01 00:12:54,logs_a,{},1677629574.6754231,{},[0.12, -0.05, 4.11, 4.37],{},[0.44, 0.43, 10.15, 10.77],{},[-0.18, 0.22, 0.49, 0.75],{},[0.0, 0.0, 0.0, 0.0],{}1677629574.675542
2023/03/01 00:12:54,logs_a,{},1677629574.782623,{},[0.12, -0.05, 4.11, 4.37],{},[0.44, 0.43, 10.16, 10.77],{},[-0.18, 0.22, 0.37, 0.75],{},[0.0, 0.0, 0.0, 0.0],{}1677629574.782699
2023/03/01 00:12:54,logs_a,{},1677629574.941604,{},[0.12, -0.05, 3.77, 4.37],{},[0.44, 0.43, 10.27, 10.77],{},[-0.18, 0.22, 0.75, 0.8],{},[0.0, 0.0, 0.0, 0.0],{}1677629574.941674
2023/03/01 00:12:55,logs_a,{},1677629575.047889,{},[0.12, -0.05, 4.11, 4.0],{},[0.44, 0.43, 10.16, 10.92],{},[-0.18, 0.22, 0.38, 0.7],{},[0.0, 0.0, 0.0, 0.0],{}1677629575.047960
2023/03/01 00:12:55,logs_a,{},1677629575.1571178,{},[0.12, -0.05, 4.0],{},[0.44, 0.43, 10.92],{},[-0.18, 0.22, 0.63],{},[0.0, 0.0, 0.0],{}1677629575.157258
2023/03/01 00:12:55,logs_a,{},1677629575.264958,{},[0.12, -0.05, 4.37],{},[0.44, 0.43, 10.79],{},[-0.18, 0.23, 0.5],{},[0.0, 0.0, 0.0],{}1677629575.265061
2023/03/01 00:12:55,logs_a,{},1677629575.3728669,{},[0.12, -0.05, 4.11, 4.37],{},[0.43, 0.43, 10.16, 10.78],{},[-0.19, 0.23, 0.4, 0.69],{},[0.0, 0.0, 0.0, 0.0],{}1677629575.372940
2023/03/01 00:12:55,logs_a,{},1677629575.5453727,{},[0.12, -0.05, 4.11, 4.37],{},[0.44, 0.43, 10.16, 10.77],{},[-0.18, 0.23, 0.29, 0.74],{},[0.0, 0.0, 0.0, 0.0],{}1677629575.545471
2023/03/01 00:12:55,logs_a,{},1677629575.6643054,{},[0.12, -0.05, 3.77, 4.37],{},[0.44, 0.42, 10.26, 10.77],{},[-0.18, 0.24, 0.83, 0.72],{},[0.0, 0.0, 0.0, 0.0],{}1677629575.664399
2023/03/01 00:12:55,logs_a,{},1677629575.7776208,{},[0.12, -0.05, 3.77, 4.37],{},[0.44, 0.43, 10.28, 10.77],{},[-0.18, 0.23, 0.56, 0.73],{},[0.0, 0.0, 0.0, 0.0],{}1677629575.777707
2023/03/01 00:12:55,logs_a,{},1677629575.941481,{},[0.12, -0.05, 3.77, 4.37],{},[0.44, 0.43, 10.28, 10.76],{},[-0.18, 0.23, 0.64, 0.93],{},[0.0, 0.0, 0.0, 0.0],{}1677629575.941570
2023/03/01 00:12:56,logs_a,{},1677629576.050698,{},[0.12, -0.05, 3.77, 4.37],{},[0.44, 0.43, 10.26, 10.77],{},[-0.18, 0.23, 0.8, 0.84],{},[0.0, 0.0, 0.0, 0.0],{}1677629576.050805
2023/03/01 00:12:56,logs_a,{},1677629576.1678197,{},[0.12, -0.05, 3.77, 4.37],{},[0.44, 0.43, 10.28, 10.77],{},[-0.18, 0.23, 0.63, 0.72],{},[0.0, 0.0, 0.0, 0.0],{}1677629576.168143
2023/03/01 00:12:56,logs_a,{},1677629576.2823126,{},[0.12, -0.05, 3.77, 4.37],{},[0.44, 0.43, 10.28, 10.78],{},[-0.18, 0.22, 0.62, 0.61],{},[0.0, 0.0, 0.0, 0.0],{}1677629576.282446
2023/03/01 00:12:56,logs_a,{},1677629576.447344,{},[0.12, -0.05, 4.11, 4.37],{},[0.44, 0.43, 10.15, 10.77],{},[-0.18, 0.23, 0.49, 0.72],{},[0.0, 0.0, 0.0, 0.0],{}1677629576.447460
2023/03/01 00:12:56,logs_a,{},1677629576.558992,{},[0.12, -0.05, 4.11, 4.37],{},[0.44, 0.43, 10.13, 10.78],{},[-0.18, 0.23, 0.78, 0.69],{},[0.0, 0.0, 0.0, 0.0],{}1677629576.559099
2023/03/01 00:12:56,logs_a,{},1677629576.6707172,{},[0.12, -0.05, 4.11, 4.37],{},[0.44, 0.43, 10.14, 10.78],{},[-0.19, 0.22, 0.71, 0.61],{},[0.0, 0.0, 0.0, 0.0],{}1677629576.670812
2023/03/01 00:12:56,logs_a,{},1677629576.7828755,{},[0.12, -0.05, 4.11, 4.37],{},[0.44, 0.43, 10.16, 10.77],{},[-0.18, 0.23, 0.33, 0.75],{},[0.0, 0.0, 0.0, 0.0],{}1677629576.782967
2023/03/01 00:12:56,logs_a,{},1677629576.9449093,{},[0.12, -0.05, 4.0],{},[0.44, 0.43, 10.92],{},[-0.18, 0.22, 0.67],{},[0.0, 0.0, 0.0],{}1677629576.944997
2023/03/01 00:12:57,logs_a,{},1677629577.0596533,{},[0.12, -0.05, 4.0],{},[0.44, 0.43, 10.91],{},[-0.18, 0.23, 0.75],{},[0.0, 0.0, 0.0],{}1677629577.059751
2023/03/01 00:12:57,logs_a,{},1677629577.1701517,{},[0.12, -0.05, 4.0, 0.48],{},[0.44, 0.42, 10.91, 1.83],{},[-0.18, 0.24, 0.75, 0.21],{},[0.0, 0.0, 0.0, -0.6499999761581421],{}1677629577.170243
2023/03/01 00:12:57,logs_a,{},1677629577.2800367,{},[0.12, -0.05, 4.11, 4.0],{},[0.43, 0.44, 10.14, 10.91],{},[-0.19, 0.21, 0.71, 0.85],{},[0.0, 0.0, 0.0, 0.0],{}1677629577.280133
2023/03/01 00:12:57,logs_a,{},1677629577.4445379,{},[0.12, -0.05, 4.11, 4.0],{},[0.43, 0.43, 10.12, 10.9],{},[-0.19, 0.22, 0.95, 0.95],{},[0.0, 0.0, 0.0, 0.0],{}1677629577.444639
2023/03/01 00:12:57,logs_a,{},1677629577.5557427,{},[0.12, -0.05, 4.11, 4.0],{},[0.44, 0.43, 10.13, 10.91],{},[-0.18, 0.22, 0.8, 0.76],{},[0.0, 0.0, 0.0, 0.0],{}1677629577.555838
2023/03/01 00:12:57,logs_a,{},1677629577.6676269,{},[0.12, -0.05, 3.77, 4.37],{},[0.44, 0.43, 10.24, 10.77],{},[-0.18, 0.23, 1.03, 0.77],{},[0.0, 0.0, 0.0, 0.0],{}1677629577.667725
2023/03/01 00:12:57,logs_a,{},1677629577.777989,{},[0.12, -0.05, 4.11, 4.0],{},[0.43, 0.43, 10.13, 10.91],{},[-0.19, 0.22, 0.86, 0.84],{},[0.0, 0.0, 0.0, 0.0],{}1677629577.778090
2023/03/01 00:12:57,logs_a,{},1677629577.9410205,{},[0.14, 4.11, 4.0],{},[0.45, 10.15, 10.91],{},[-0.2, 0.52, 0.81],{},[0.0, 0.0, 0.0],{}1677629577.941118
2023/03/01 00:12:58,logs_a,{},1677629578.0485137,{},[0.12, -0.05, 3.77, 4.37],{},[0.43, 0.44, 10.23, 10.76],{},[-0.19, 0.22, 1.14, 0.93],{},[0.0, 0.0, 0.0, 0.0],{}1677629578.048606
2023/03/01 00:12:58,logs_a,{},1677629578.1657195,{},[0.12, -0.05, 4.11, 4.37, 4.44],{},[0.44, 0.42, 10.13, 10.75, 10.98],{},[-0.18, 0.24, 0.83, 1.03, 0.24],{},[0.0, 0.0, 0.0, 0.0, 0.0],{}1677629578.165828
2023/03/01 00:12:58,logs_a,{},1677629578.2788067,{},[0.12, -0.05, 3.77, 4.0],{},[0.44, 0.43, 10.26, 10.91],{},[-0.18, 0.24, 0.81, 0.8],{},[0.0, 0.0, 0.0, 0.0],{}1677629578.278912
2023/03/01 00:12:58,logs_a,{},1677629578.4414756,{},[0.12, 4.0],{},[0.44, 10.9],{},[-0.17, 0.92],{},[0.0, 0.0],{}1677629578.441580
2023/03/01 00:12:58,logs_a,{},1677629578.5495543,{},[0.12, -0.05, 4.11, 4.0],{},[0.44, 0.43, 10.11, 10.91],{},[-0.18, 0.22, 1.04, 0.85],{},[0.0, 0.0, 0.0, 0.0],{}1677629578.549650
2023/03/01 00:12:58,logs_a,{},1677629578.6660283,{},[0.14, 4.11, 4.0],{},[0.45, 10.13, 10.91],{},[-0.21, 0.86, 0.82],{},[0.0, 0.0, 0.0],{}1677629578.666128
2023/03/01 00:12:58,logs_a,{},1677629578.7757485,{},[0.12, -0.05, 4.11, 4.0],{},[0.44, 0.42, 10.14, 10.9],{},[-0.17, 0.24, 0.76, 0.87],{},[0.0, 0.0, 0.0, 0.0],{}1677629578.775838
2023/03/01 00:12:58,logs_a,{},1677629578.9397027,{},[0.14, 4.11, 4.0],{},[0.46, 10.16, 10.91],{},[-0.18, 0.28, 0.8],{},[0.0, 0.0, 0.0],{}1677629578.939831
2023/03/01 00:12:59,logs_a,{},1677629579.058852,{},[0.12, -0.05, 4.11, 4.0],{},[0.43, 0.45, 10.15, 10.9],{},[-0.2, 0.19, 0.59, 0.87],{},[0.0, 0.0, 0.0, 0.0],{}1677629579.059007
2023/03/01 00:12:59,logs_a,{},1677629579.2426205,{},[0.12, -0.05, 4.11, 4.37],{},[0.44, 0.42, 10.13, 10.77],{},[-0.17, 0.24, 0.88, 0.74],{},[0.0, 0.0, 0.0, 0.0],{}1677629579.242797
2023/03/01 00:12:59,logs_a,{},1677629579.3620842,{},[0.14, 4.11, 4.37],{},[0.46, 10.1, 10.78],{},[-0.18, 1.14, 0.69],{},[0.0, 0.0, 0.0],{}1677629579.362304
2023/03/01 00:12:59,logs_a,{},1677629579.4824255,{},[0.06, 4.11, 4.37],{},[0.44, 10.11, 10.78],{},[-0.21, 1.09, 0.66],{},[0.0, 0.0, 0.0],{}1677629579.482629
2023/03/01 00:12:59,logs_a,{},1677629579.6659334,{},[3.37, 4.46, 4.37],{},[8.13, 10.04, 10.8],{},[1.81, 0.27, -0.07],{},[0.0, 0.0, 0.0],{}1677629579.666068
2023/03/01 00:12:59,logs_a,{},1677629579.7825894,{},[4.42],{},[10.91],{},[-0.72],{},[0.0],{}1677629579.782717
2023/03/01 00:12:59,logs_a,{},1677629579.9507244,{},[4.38],{},[10.82],{},[-0.02],{},[0.0],{}1677629579.950845
2023/03/01 00:13:00,logs_a,{},1677629580.0674152,{},[4.46, 4.74],{},[10.03, 10.66],{},[0.44, -0.13],{},[0.0, 0.0],{}1677629580.067538
2023/03/01 00:13:00,logs_a,{},1677629580.2587254,{},[3.93, 4.74, 0.12, -0.09],{},[7.89, 10.61, 0.62, 0.61],{},[1.73, 1.13, -0.09, -0.29],{},[0.0, 0.0, 0.6499999761581421, 0.6499999761581421],{}1677629580.258866
2023/03/01 00:13:00,logs_a,{},1677629580.3754447,{},[3.92, 5.11],{},[7.7, 10.38],{},[2.37, 1.54],{},[0.0, 0.0],{}1677629580.375577
2023/03/01 00:13:00,logs_a,{},1677629580.5474966,{},[5.12, 4.8],{},[10.45, 10.66],{},[1.15, 1.72],{},[0.0, 0.0],{}1677629580.547611
2023/03/01 00:13:00,logs_a,{},1677629580.692474,{},[5.13, 0.13],{},[10.49, 0.94],{},[1.03, -0.4],{},[0.0, 0.6499999761581421],{}1677629580.692601
2023/03/01 00:13:00,logs_a,{},1677629580.8152392,{},[0.67, 3.91],{},[1.34, 7.76],{},[-0.71, 2.08],{},[0.0, 0.0],{}1677629580.815408
2023/03/01 00:13:00,logs_a,{},1677629580.871482,{},[0.67, 3.91],{},[1.34, 7.76],{},[-0.71, 2.08],{},[0.0, 0.0],{}1677629580.871685
2023/03/01 00:13:00,logs_a,{},1677629580.9327095,{},[0.67, 3.91],{},[1.34, 7.76],{},[-0.71, 2.08],{},[0.0, 0.0],{}1677629580.932826
2023/03/01 00:13:00,logs_a,{},1677629580.992499,{},[0.67, 3.91],{},[1.34, 7.76],{},[-0.71, 2.08],{},[0.0, 0.0],{}1677629580.992615
2023/03/01 00:13:01,logs_a,{},1677629581.045394,{},[0.67, 3.91],{},[1.34, 7.76],{},[-0.71, 2.08],{},[0.0, 0.0],{}1677629581.045552
2023/03/01 00:13:01,logs_a,{},1677629581.1234498,{},[0.67, 3.91],{},[1.34, 7.76],{},[-0.71, 2.08],{},[0.0, 0.0],{}1677629581.123586
2023/03/01 00:13:01,logs_a,{},1677629581.2064857,{},[0.67, 3.91],{},[1.34, 7.76],{},[-0.71, 2.08],{},[0.0, 0.0],{}1677629581.206619
2023/03/01 00:13:01,logs_a,{},1677629581.2850707,{},[0.67, 3.91],{},[1.34, 7.76],{},[-0.71, 2.08],{},[0.0, 0.0],{}1677629581.285219
2023/03/01 00:13:01,logs_a,{},1677629581.3474703,{},[0.67, 3.91],{},[1.34, 7.76],{},[-0.71, 2.08],{},[0.0, 0.0],{}1677629581.347594
2023/03/01 00:13:01,logs_a,{},1677629581.4621336,{},[3.67],{},[11.11],{},[1.05],{},[0.0],{}1677629581.462365
2023/03/01 00:13:01,logs_a,{},1677629581.577429,{},[2.94],{},[11.31],{},[1.17],{},[0.0],{}1677629581.577579
2023/03/01 00:13:01,logs_a,{},1677629581.7409706,{},[2.93],{},[11.32],{},[0.8],{},[0.0],{}1677629581.741090
2023/03/01 00:13:01,logs_a,{},1677629581.7971354,{},[2.93],{},[11.32],{},[0.8],{},[0.0],{}1677629581.797253
2023/03/01 00:13:01,logs_a,{},1677629581.8488665,{},[2.93],{},[11.32],{},[0.8],{},[0.0],{}1677629581.848975
2023/03/01 00:13:01,logs_a,{},1677629581.957383,{},[3.68],{},[11.14],{},[0.96],{},[0.0],{}1677629581.957485
2023/03/01 00:13:02,logs_a,{},1677629582.0687616,{},[3.67],{},[11.08],{},[1.28],{},[0.0],{}1677629582.068855
2023/03/01 00:13:02,logs_a,{},1677629582.1789343,{},[3.3],{},[11.26],{},[0.57],{},[0.0],{}1677629582.179079
2023/03/01 00:13:02,logs_a,{},1677629582.3414798,{},[3.68, 4.4],{},[11.12, 17.02],{},[1.19, -0.87],{},[0.0, 0.0],{}1677629582.341563
2023/03/01 00:13:02,logs_a,{},1677629582.44972,{},[3.31],{},[11.26],{},[0.92],{},[0.0],{}1677629582.449847
2023/03/01 00:13:02,logs_a,{},1677629582.5581408,{},[3.32, 3.32],{},[11.27, 14.72],{},[1.02, 1.72],{},[0.0, 0.0],{}1677629582.558228
2023/03/01 00:13:02,logs_a,{},1677629582.6710508,{},[1.73, 1.04, 3.32],{},[10.64, 10.76, 11.23],{},[2.59, 2.45, 1.39],{},[0.0, 0.0, 0.0],{}1677629582.671141
2023/03/01 00:13:02,logs_a,{},1677629582.7798147,{},[1.04],{},[10.66],{},[2.76],{},[0.0],{}1677629582.779907
2023/03/01 00:13:02,logs_a,{},1677629582.8945613,{},[3.69],{},[11.19],{},[0.52],{},[0.0],{}1677629582.894660
2023/03/01 00:13:02,logs_a,{},1677629582.946264,{},[3.69],{},[11.19],{},[0.52],{},[0.0],{}1677629582.946354
2023/03/01 00:13:03,logs_a,{},1677629583.0014892,{},[3.69],{},[11.19],{},[0.52],{},[0.0],{}1677629583.001586
2023/03/01 00:13:03,logs_a,{},1677629583.055636,{},[3.69],{},[11.19],{},[0.52],{},[0.0],{}1677629583.055742
2023/03/01 00:13:03,logs_a,{},1677629583.1124449,{},[3.69],{},[11.19],{},[0.52],{},[0.0],{}1677629583.112542
2023/03/01 00:13:03,logs_a,{},1677629583.1660933,{},[3.69],{},[11.19],{},[0.52],{},[0.0],{}1677629583.166196
2023/03/01 00:13:03,logs_a,{},1677629583.2216847,{},[3.69],{},[11.19],{},[0.52],{},[0.0],{}1677629583.221782
2023/03/01 00:13:03,logs_a,{},1677629583.2748482,{},[3.69],{},[11.19],{},[0.52],{},[0.0],{}1677629583.274937
2023/03/01 00:13:03,logs_a,{},1677629583.3321505,{},[3.69],{},[11.19],{},[0.52],{},[0.0],{}1677629583.332245
2023/03/01 00:13:03,logs_a,{},1677629583.4396212,{},[3.32, 6.6],{},[11.2, 15.79],{},[1.64, -4.12],{},[0.0, 0.0],{}1677629583.439715
2023/03/01 00:13:03,logs_a,{},1677629583.5491965,{},[3.32],{},[11.2],{},[1.61],{},[0.0],{}1677629583.549308
2023/03/01 00:13:03,logs_a,{},1677629583.6097622,{},[3.32],{},[11.2],{},[1.61],{},[0.0],{}1677629583.609869
2023/03/01 00:13:03,logs_a,{},1677629583.6662152,{},[3.32],{},[11.2],{},[1.61],{},[0.0],{}1677629583.666346
2023/03/01 00:13:03,logs_a,{},1677629583.7235584,{},[3.32],{},[11.2],{},[1.61],{},[0.0],{}1677629583.723671
2023/03/01 00:13:03,logs_a,{},1677629583.7795134,{},[3.32],{},[11.2],{},[1.61],{},[0.0],{}1677629583.779632
2023/03/01 00:13:03,logs_a,{},1677629583.8361266,{},[3.32],{},[11.2],{},[1.61],{},[0.0],{}1677629583.836215
2023/03/01 00:13:03,logs_a,{},1677629583.9436393,{},[2.49],{},[8.33],{},[1.59],{},[0.0],{}1677629583.943724
2023/03/01 00:13:04,logs_a,{},1677629584.0512626,{},[2.49, 2.56],{},[8.24, 11.32],{},[2.02, 1.66],{},[0.0, 0.0],{}1677629584.051354
2023/03/01 00:13:04,logs_a,{},1677629584.1657054,{},[2.2],{},[11.43],{},[1.42],{},[0.0],{}1677629584.165821
2023/03/01 00:13:04,logs_a,{},1677629584.2219522,{},[2.2],{},[11.43],{},[1.42],{},[0.0],{}1677629584.222065
2023/03/01 00:13:04,logs_a,{},1677629584.276962,{},[2.2],{},[11.43],{},[1.42],{},[0.0],{}1677629584.277102
2023/03/01 00:13:04,logs_a,{},1677629584.4397635,{},[1.82],{},[11.49],{},[0.97],{},[0.0],{}1677629584.439859
2023/03/01 00:13:04,logs_a,{},1677629584.5476341,{},[2.18],{},[11.4],{},[0.94],{},[0.0],{}1677629584.547808
2023/03/01 00:13:04,logs_a,{},1677629584.6619394,{},[0.21, 2.75, 2.55],{},[1.23, 8.13, 11.34],{},[-0.56, 1.92, 0.83],{},[0.0, 0.0, 0.0],{}1677629584.662038
2023/03/01 00:13:04,logs_a,{},1677629584.7703714,{},[2.75, 2.55],{},[8.08, 11.33],{},[2.11, 0.91],{},[0.0, 0.0],{}1677629584.770463
2023/03/01 00:13:04,logs_a,{},1677629584.8803823,{},[2.75, 3.28],{},[8.04, 11.08],{},[2.33, 1.49],{},[0.0, 0.0],{}1677629584.880491
2023/03/01 00:13:04,logs_a,{},1677629584.9978871,{},[3.02, 3.64],{},[7.9, 10.98],{},[2.41, 1.37],{},[0.0, 0.0],{}1677629584.997979
2023/03/01 00:13:05,logs_a,{},1677629585.0499878,{},[3.02, 3.64],{},[7.9, 10.98],{},[2.41, 1.37],{},[0.0, 0.0],{}1677629585.050092
2023/03/01 00:13:05,logs_a,{},1677629585.111135,{},[3.02, 3.64],{},[7.9, 10.98],{},[2.41, 1.37],{},[0.0, 0.0],{}1677629585.111238
2023/03/01 00:13:05,logs_a,{},1677629585.1650555,{},[3.02, 3.64],{},[7.9, 10.98],{},[2.41, 1.37],{},[0.0, 0.0],{}1677629585.165175
2023/03/01 00:13:05,logs_a,{},1677629585.221036,{},[3.02, 3.64],{},[7.9, 10.98],{},[2.41, 1.37],{},[0.0, 0.0],{}1677629585.221136
2023/03/01 00:13:05,logs_a,{},1677629585.2748976,{},[3.02, 3.64],{},[7.9, 10.98],{},[2.41, 1.37],{},[0.0, 0.0],{}1677629585.275010
2023/03/01 00:13:05,logs_a,{},1677629585.3316963,{},[3.02, 3.64],{},[7.9, 10.98],{},[2.41, 1.37],{},[0.0, 0.0],{}1677629585.331854
2023/03/01 00:13:05,logs_a,{},1677629585.388754,{},[3.02, 3.64],{},[7.9, 10.98],{},[2.41, 1.37],{},[0.0, 0.0],{}1677629585.388858
2023/03/01 00:13:05,logs_a,{},1677629585.441248,{},[3.02, 3.64],{},[7.9, 10.98],{},[2.41, 1.37],{},[0.0, 0.0],{}1677629585.441395
2023/03/01 00:13:05,logs_a,{},1677629585.4979947,{},[3.02, 3.64],{},[7.9, 10.98],{},[2.41, 1.37],{},[0.0, 0.0],{}1677629585.498810
2023/03/01 00:13:05,logs_a,{},1677629585.551664,{},[3.02, 3.64],{},[7.9, 10.98],{},[2.41, 1.37],{},[0.0, 0.0],{}1677629585.551759
2023/03/01 00:13:05,logs_a,{},1677629585.6704926,{},[5.47],{},[10.26],{},[0.99],{},[0.0],{}1677629585.670587
2023/03/01 00:13:05,logs_a,{},1677629585.726961,{},[5.47],{},[10.26],{},[0.99],{},[0.0],{}1677629585.727762
2023/03/01 00:13:05,logs_a,{},1677629585.7824,{},[5.47],{},[10.26],{},[0.99],{},[0.0],{}1677629585.782516
2023/03/01 00:13:05,logs_a,{},1677629585.838515,{},[5.47],{},[10.26],{},[0.99],{},[0.0],{}1677629585.838635
2023/03/01 00:13:05,logs_a,{},1677629585.9459083,{},[-7.28],{},[13.67],{},[1.12],{},[0.0],{}1677629585.945996
2023/03/01 00:13:06,logs_a,{},1677629586.0548093,{},[-6.79],{},[13.94],{},[0.9],{},[0.0],{}1677629586.054902
2023/03/01 00:13:06,logs_a,{},1677629586.1648502,{},[-6.95, -6.31],{},[12.99, 14.16],{},[1.62, 1.01],{},[0.0, 0.0],{}1677629586.164945
2023/03/01 00:13:06,logs_a,{},1677629586.278261,{},[-6.95, -5.82],{},[12.98, 14.35],{},[1.73, 1.2],{},[0.0, 0.0],{}1677629586.278353
2023/03/01 00:13:06,logs_a,{},1677629586.4407318,{},[-5.56],{},[13.67],{},[1.34],{},[0.0],{}1677629586.440837
2023/03/01 00:13:06,logs_a,{},1677629586.5478604,{},[-5.1, -4.4],{},[13.84, 13.72],{},[1.44, 6.05],{},[0.0, 0.0],{}1677629586.547945
2023/03/01 00:13:06,logs_a,{},1677629586.6718142,{},[-5.1, -4.39],{},[13.86, 14.51],{},[1.31, 3.7],{},[0.0, 0.0],{}1677629586.671916
2023/03/01 00:13:06,logs_a,{},1677629586.7815495,{},[-4.17, -3.9],{},[14.2, 14.65],{},[0.88, 3.7],{},[0.0, 0.0],{}1677629586.781640
2023/03/01 00:13:06,logs_a,{},1677629586.9460468,{},[-5.6, -3.24],{},[11.02, 14.44],{},[3.31, 0.76],{},[0.0, 0.0],{}1677629586.946135
2023/03/01 00:13:07,logs_a,{},1677629587.0543878,{},[-3.24],{},[14.35],{},[1.62],{},[0.0],{}1677629587.054478
2023/03/01 00:13:07,logs_a,{},1677629587.1138706,{},[-3.24],{},[14.35],{},[1.62],{},[0.0],{}1677629587.113961
2023/03/01 00:13:07,logs_a,{},1677629587.1675298,{},[-3.24],{},[14.35],{},[1.62],{},[0.0],{}1677629587.167621
2023/03/01 00:13:07,logs_a,{},1677629587.2765145,{},[-1.94],{},[15.24],{},[2.07],{},[0.0],{}1677629587.276634
2023/03/01 00:13:07,logs_a,{},1677629587.4388175,{},[-5.33, -1.84],{},[10.89, 14.62],{},[1.21, 0.5],{},[0.0, 0.0],{}1677629587.438898
2023/03/01 00:13:07,logs_a,{},1677629587.5482123,{},[-4.94, -1.84, -1.46, -0.49],{},[11.04, 14.63, 15.28, 15.36],{},[1.24, 0.46, 2.65, 2.53],{},[0.0, 0.0, 0.0, 0.0],{}1677629587.548966
2023/03/01 00:13:07,logs_a,{},1677629587.6635542,{},[-4.56, -1.38, -0.97],{},[11.21, 14.67, 15.36],{},[1.18, 0.52, 2.43],{},[0.0, 0.0, 0.0],{}1677629587.663649
2023/03/01 00:13:07,logs_a,{},1677629587.7733285,{},[-4.55, -0.92, 0.0],{},[11.22, 14.7, 15.35],{},[0.84, 0.15, 2.51],{},[0.0, 0.0, 0.0],{}1677629587.773521
2023/03/01 00:13:07,logs_a,{},1677629587.939219,{},[-4.16, -0.46],{},[11.34, 14.71],{},[0.81, 0.32],{},[0.0, 0.0],{}1677629587.939319
2023/03/01 00:13:08,logs_a,{},1677629588.0475109,{},[-0.25, -3.78, 0.0, 0.97],{},[1.12, 11.49, 14.69, 15.43],{},[-0.66, 0.57, 0.52, -0.18],{},[0.0, 0.0, 0.0, 0.0],{}1677629588.047601
2023/03/01 00:13:08,logs_a,{},1677629588.162247,{},[-3.4, 0.0, 1.45, 0.49],{},[11.59, 14.71, 15.36, 15.19],{},[0.45, 0.63, -0.25, 3.42],{},[0.0, 0.0, 0.0, 0.0],{}1677629588.162359
2023/03/01 00:13:08,logs_a,{},1677629588.2731988,{},[-2.27, -3.02, 0.46, 1.45],{},[4.25, 11.66, 14.69, 15.36],{},[0.39, 0.64, 0.32, 0.19],{},[0.0, 0.0, 0.0, 0.0],{}1677629588.273309
2023/03/01 00:13:08,logs_a,{},1677629588.4396744,{},[-2.25, -3.12, -2.26, 2.41],{},[4.23, 5.5, 11.77, 15.24],{},[0.36, 2.1, 1.11, -0.03],{},[0.0, 0.0, 0.0, 0.0],{}1677629588.439761
2023/03/01 00:13:08,logs_a,{},1677629588.5464413,{},[-2.11, -2.09, -2.92, -1.88],{},[3.97, 4.29, 5.58, 11.83],{},[0.08, 0.29, 2.2, 1.18],{},[0.0, 0.0, 0.0, 0.0],{}1677629588.546529
2023/03/01 00:13:08,logs_a,{},1677629588.6623714,{},[-1.97, -1.93, -2.7, -1.88, 2.29, 2.89],{},[4.03, 4.35, 5.81, 11.84, 14.43, 15.13],{},[0.22, 0.17, 1.76, 1.09, -0.72, 0.48],{},[0.0, 0.0, 0.0, 0.0, 0.0, 0.0],{}1677629588.662474
2023/03/01 00:13:08,logs_a,{},1677629588.7732546,{},[-2.09, -2.7, -1.5, 2.76, 3.37],{},[3.94, 5.78, 11.9, 14.45, 15.01],{},[0.22, 1.86, 0.77, 0.72, 0.32],{},[0.0, 0.0, 0.0, 0.0, 0.0],{}1677629588.773407
2023/03/01 00:13:08,logs_a,{},1677629588.8859904,{},[-1.81, -2.7, -2.48, -1.13, 2.3, 2.88, 3.85],{},[4.06, 5.32, 5.81, 11.93, 14.44, 15.09, 14.87],{},[0.01, 1.6, 1.97, 0.85, 1.74, 0.89, 0.88],{},[0.0, 0.0, 0.0, 0.0, 0.0, 0.0, 0.0],{}1677629588.886098
2023/03/01 00:13:09,logs_a,{},1677629589.0594606,{},[-1.8, -2.27, -0.75, 2.76, 4.33, 4.36],{},[4.04, 5.9, 11.96, 14.35, 14.76, 14.41],{},[-0.01, 1.89, 0.45, 1.56, 0.42, 3.72],{},[0.0, 0.0, 0.0, 0.0, 0.0, 0.0],{}1677629589.059558
2023/03/01 00:13:09,logs_a,{},1677629589.1740572,{},[-1.4, -1.47, -1.8, -2.05, -0.75, 3.22, 3.85, 4.36],{},[4.25, 4.48, 4.9, 5.91, 11.96, 14.34, 14.89, 14.45],{},[-0.34, -0.01, 0.54, 1.99, 0.48, 0.37, 0.5, 3.54],{},[0.0, 0.0, 0.0, 0.0, 0.0, 0.0, 0.0, 0.0],{}1677629589.174152
2023/03/01 00:13:09,logs_a,{},1677629589.287492,{},[-1.65, -1.54, -1.32, -2.71, -2.05, -0.37, 3.67, 4.33, 4.84],{},[4.07, 4.22, 4.5, 5.09, 5.97, 11.95, 14.21, 14.75, 14.3],{},[-0.1, -0.12, -0.03, 0.46, 1.81, 0.55, 0.15, 0.69, 3.45],{},[0.0, 0.0, 0.0, 0.0, 0.0, 0.0, 0.0, 0.0, 0.0],{}1677629589.287583
2023/03/01 00:13:09,logs_a,{},1677629589.451984,{},[-1.37, -0.88, -1.84, -4.86, -0.37, 4.13, 4.85],{},[4.14, 4.61, 6.02, 9.62, 11.95, 14.06, 14.23],{},[-0.27, 0.02, 1.79, 2.69, 0.4, 0.74, 3.81],{},[0.0, 0.0, 0.0, 0.0, 0.0, 0.0, 0.0],{}1677629589.452146
2023/03/01 00:13:09,logs_a,{},1677629589.5650818,{},[-1.22, -1.25, -1.02, -1.64, -4.86, 0.0, 4.13, 5.32],{},[4.17, 4.26, 4.54, 6.07, 9.53, 11.95, 14.04, 14.1],{},[-0.1, 0.13, 0.26, 1.81, 2.99, 0.69, 1.06, 3.54],{},[0.0, 0.0, 0.0, 0.0, 0.0, 0.0, 0.0, 0.0],{}1677629589.565228
2023/03/01 00:13:09,logs_a,{},1677629589.685753,{},[-1.22, -1.4, -0.73, -1.43, -4.5, 0.0, 1.57, 4.13, 5.33],{},[4.17, 4.24, 4.6, 6.11, 9.58, 11.95, 11.99, 14.04, 13.85],{},[-0.15, 0.05, 0.26, 1.77, 3.28, 0.67, 3.37, 1.08, 4.51],{},[0.0, 0.0, 0.0, 0.0, 0.0, 0.0, 0.0, 0.0, 0.0],{}1677629589.685848
2023/03/01 00:13:09,logs_a,{},1677629589.8676753,{},[-1.1, -0.73, -1.43, 0.37, 4.59, 5.8],{},[4.24, 4.6, 6.11, 11.92, 13.92, 14.17],{},[0.34, 0.2, 1.77, 0.67, 0.67, 2.13],{},[0.0, 0.0, 0.0, 0.0, 0.0, 0.0],{}1677629589.867798
2023/03/01 00:13:09,logs_a,{},1677629589.9859493,{},[-1.09, -1.4, -0.87, -1.22, -1.47, -4.49, 0.75, 4.59, 5.79],{},[4.21, 4.27, 4.56, 6.19, 6.28, 9.6, 11.91, 13.94, 14.27],{},[-0.1, -0.01, 0.07, 1.64, 1.86, 3.15, 0.38, -0.36, 1.02],{},[0.0, 0.0, 0.0, 0.0, 0.0, 0.0, 0.0, 0.0, 0.0],{}1677629589.986076
2023/03/01 00:13:10,logs_a,{},1677629590.170534,{},[-0.82, -0.81, 1.12, 5.5, 6.75],{},[4.29, 6.23, 11.89, 13.53, 13.88],{},[-0.15, 1.66, 0.26, 1.43, 0.23],{},[0.0, 0.0, 0.0, 0.0, 0.0],{}1677629590.170658
2023/03/01 00:13:10,logs_a,{},1677629590.288604,{},[-0.68, -0.69, 1.49, 5.96, 6.75],{},[4.29, 4.33, 11.85, 13.36, 13.87],{},[-0.26, -0.24, 0.19, 1.19, -0.42],{},[0.0, 0.0, 0.0, 0.0, 0.0],{}1677629590.288752
2023/03/01 00:13:10,logs_a,{},1677629590.4667141,{},[-0.54, -1.6, 2.23, 6.42],{},[4.29, 5.36, 11.7, 13.19],{},[0.04, 1.06, 0.1, 0.54],{},[0.0, 0.0, 0.0, 0.0],{}1677629590.466838
2023/03/01 00:13:10,logs_a,{},1677629590.5820022,{},[-0.24, -0.27, -0.32, 2.61],{},[1.11, 4.34, 5.16, 11.62],{},[-0.56, 0.01, 0.33, 0.34],{},[0.0, 0.0, 0.0, 0.0],{}1677629590.582125
2023/03/01 00:13:10,logs_a,{},1677629590.7652876,{},[-0.13, 0.0, 3.72],{},[4.3, 4.4, 11.32],{},[-0.06, 0.06, 0.27],{},[0.0, 0.0, 0.0],{}1677629590.765407
2023/03/01 00:13:10,logs_a,{},1677629590.8857222,{},[0.13, 0.14, 4.09],{},[4.29, 4.39, 11.16],{},[0.11, -0.04, 0.5],{},[0.0, 0.0, 0.0],{}1677629590.885865
2023/03/01 00:13:11,logs_a,{},1677629591.062285,{},[0.4, 0.55, 0.8, -0.35, 5.2],{},[4.25, 4.34, 5.07, 5.62, 10.69],{},[0.13, -0.04, 0.02, 0.27, 0.08],{},[0.0, 0.0, 0.0, 0.0, 0.0],{}1677629591.062426
2023/03/01 00:13:11,logs_a,{},1677629591.2613335,{},[0.96, 0.0, -3.78],{},[4.26, 5.64, 6.59],{},[-0.17, 0.19, 2.69],{},[0.0, 0.0, 0.0],{}1677629591.261467
2023/03/01 00:13:11,logs_a,{},1677629591.379423,{},[1.1, 0.18, -3.78],{},[4.25, 5.63, 6.62],{},[-0.15, 0.28, 2.62],{},[0.0, 0.0, 0.0],{}1677629591.379601
2023/03/01 00:13:11,logs_a,{},1677629591.560082,{},[1.37, 1.6, 0.53, 2.51, -3.27],{},[4.15, 4.87, 5.64, 6.61, 6.92],{},[-0.42, 0.11, 0.24, 1.82, 2.51],{},[0.0, 0.0, 0.0, 0.0, 0.0],{}1677629591.560212
2023/03/01 00:13:11,logs_a,{},1677629591.6847124,{},[1.47, 0.71, -3.27],{},[4.0, 5.62, 6.99],{},[-0.36, 0.24, 2.31],{},[0.0, 0.0, 0.0],{}1677629591.684839
2023/03/01 00:13:11,logs_a,{},1677629591.862607,{},[1.74, -3.03],{},[3.9, 7.14],{},[-0.15, 2.27],{},[0.0, 0.0],{}1677629591.862808
2023/03/01 00:13:11,logs_a,{},1677629591.9805572,{},[1.74, 1.48, 1.93, -3.03, -2.53],{},[3.9, 4.49, 4.77, 7.17, 7.33],{},[-0.11, -0.22, -0.22, 2.18, 2.27],{},[0.0, 0.0, 0.0, 0.0, 0.0],{}1677629591.980687
2023/03/01 00:13:12,logs_a,{},1677629592.1796298,{},[1.74, 2.82, -2.78, -1.36],{},[3.9, 5.67, 7.16, 10.8],{},[-0.19, 1.2, 2.53, -0.14],{},[0.0, 0.0, 0.0, 0.0],{}1677629592.179769
2023/03/01 00:13:12,logs_a,{},1677629592.3676856,{},[1.87, 1.91, 1.62, -2.53, -1.36],{},[3.84, 3.9, 4.33, 7.27, 10.8],{},[-0.19, -0.49, -0.92, 2.48, -0.34],{},[0.0, 0.0, 0.0, 0.0, 0.0],{}1677629592.367845
2023/03/01 00:13:12,logs_a,{},1677629592.483944,{},[1.74, 1.86, 2.25, -2.53, -1.36],{},[3.9, 4.16, 4.62, 7.3, 10.8],{},[-0.16, 0.29, 0.36, 2.39, -0.21],{},[0.0, 0.0, 0.0, 0.0, 0.0],{}1677629592.484078
2023/03/01 00:13:12,logs_a,{},1677629592.66652,{},[1.87, -2.26, -1.36],{},[3.82, 7.27, 10.78],{},[-0.4, 2.55, 0.0],{},[0.0, 0.0, 0.0],{}1677629592.666633
2023/03/01 00:13:12,logs_a,{},1677629592.7781243,{},[1.86, -2.26, -1.36],{},[3.81, 7.35, 10.74],{},[-0.23, 2.33, 0.58],{},[0.0, 0.0, 0.0],{}1677629592.778244
2023/03/01 00:13:12,logs_a,{},1677629592.9423778,{},[0.35, 1.96, 1.88, 1.39, -2.49, -1.35],{},[1.06, 3.66, 3.86, 5.37, 7.4, 10.71],{},[-0.55, -0.44, -0.26, 0.48, 1.54, 0.23],{},[0.0, -0.6499999761581421, -0.6499999761581421, -0.6499999761581421, -0.6499999761581421, -0.6499999761581421],{}1677629592.942460
2023/03/01 00:13:13,logs_a,{},1677629593.050503,{},[1.82, 1.87, 1.38, -2.23, -3.1, 1.29, 2.77, -1.34, -2.01],{},[3.72, 3.8, 5.32, 7.3, 7.59, 7.6, 9.4, 10.66, 12.47],{},[-0.26, -0.6, 0.49, 2.15, 0.99, 2.96, 0.95, 0.29, 2.44],{},[-0.6499999761581421, -0.6499999761581421, -0.6499999761581421, -0.6499999761581421, -0.6499999761581421, -0.6499999761581421, -0.6499999761581421, -0.6499999761581421, -0.6499999761581421],{}1677629593.050594
2023/03/01 00:13:13,logs_a,{},1677629593.1614728,{},[-0.17, 1.67, 1.85, -2.46, -1.0, -2.0],{},[1.21, 3.72, 3.75, 7.22, 10.59, 12.47],{},[-0.61, -0.45, -0.6, 2.0, 0.86, 2.18],{},[0.0, -0.6499999761581421, -0.6499999761581421, -0.6499999761581421, -0.6499999761581421, -0.6499999761581421],{}1677629593.161571
2023/03/01 00:13:13,logs_a,{},1677629593.2701209,{},[0.48, 1.66, 3.1, -2.44, -2.0],{},[15.18, 3.71, 5.76, 7.06, 12.52],{},[2.72, -0.31, 1.02, 2.29, 1.52],{},[0.0, -0.6499999761581421, -0.6499999761581421, -0.6499999761581421, -0.6499999761581421],{}1677629593.270221
2023/03/01 00:13:13,logs_a,{},1677629593.379306,{},[1.76, 2.85, 1.34, -1.59],{},[3.58, 5.3, 5.2, 12.58],{},[-0.55, 0.89, 0.05, 1.09],{},[0.0, 0.0, -0.6499999761581421, -0.6499999761581421],{}1677629593.379534
2023/03/01 00:13:13,logs_a,{},1677629593.5432746,{},[1.74, 2.16, -1.92, -0.79],{},[3.57, 4.43, 7.2, 12.6],{},[-0.28, -0.13, 1.9, 0.81],{},[0.0, 0.0, -0.6499999761581421, -0.6499999761581421],{}1677629593.543387
2023/03/01 00:13:13,logs_a,{},1677629593.6619613,{},[1.87, 1.89, 2.28, -0.79],{},[3.26, 3.87, 4.27, 12.55],{},[-1.31, -0.39, -0.46, 0.76],{},[-0.6499999761581421, -0.6499999761581421, -0.6499999761581421, -0.6499999761581421],{}1677629593.662087
2023/03/01 00:13:13,logs_a,{},1677629593.7710595,{},[1.88, 2.28, 1.8, -1.66, -0.39],{},[3.35, 4.29, 4.9, 6.93, 12.48],{},[-1.13, -0.14, 0.17, 2.62, 0.98],{},[-0.6499999761581421, -0.6499999761581421, -0.6499999761581421, -0.6499999761581421, -0.6499999761581421],{}1677629593.771149
2023/03/01 00:13:13,logs_a,{},1677629593.8803282,{},[1.88, 1.93, -1.65, 0.0],{},[3.44, 4.77, 7.03, 12.45],{},[-0.83, -0.28, 2.19, 0.79],{},[-0.6499999761581421, -0.6499999761581421, -0.6499999761581421, -0.6499999761581421],{}1677629593.880464
2023/03/01 00:13:14,logs_a,{},1677629594.0445027,{},[2.03, -1.39],{},[4.57, 6.94],{},[-0.19, 2.15],{},[-0.6499999761581421, -0.6499999761581421],{}1677629594.045295
2023/03/01 00:13:14,logs_a,{},1677629594.168042,{},[1.89, -0.92],{},[3.56, 7.07],{},[-0.13, 1.7],{},[-0.6499999761581421, -0.6499999761581421],{}1677629594.168268
2023/03/01 00:13:14,logs_a,{},1677629594.2854414,{},[-0.68],{},[6.98],{},[1.94],{},[-0.6499999761581421],{}1677629594.285540
2023/03/01 00:13:14,logs_a,{},1677629594.449342,{},[-0.22],{},[7.02],{},[1.35],{},[-0.6499999761581421],{}1677629594.449464
2023/03/01 00:13:14,logs_a,{},1677629594.56008,{},[-0.43, 0.39, -0.22, 1.76, -4.51],{},[1.19, 1.22, 6.9, 10.8, 15.39],{},[-0.58, -0.54, 1.6, 2.55, 0.51],{},[-0.6499999761581421, -0.6499999761581421, -0.6499999761581421, -0.6499999761581421, -0.6499999761581421],{}1677629594.560191
2023/03/01 00:13:14,logs_a,{},1677629594.8410597,{},[-0.64, 1.03, 1.46],{},[6.57, 10.61, 11.45],{},[1.79, 2.68, 1.89],{},[-0.6499999761581421, -0.6499999761581421, -0.6499999761581421],{}1677629594.841201
2023/03/01 00:13:14,logs_a,{},1677629594.9018154,{},[-0.64, 1.03, 1.46],{},[6.57, 10.61, 11.45],{},[1.79, 2.68, 1.89],{},[-0.6499999761581421, -0.6499999761581421, -0.6499999761581421],{}1677629594.901930
2023/03/01 00:13:14,logs_a,{},1677629594.9588006,{},[-0.64, 1.03, 1.46],{},[6.57, 10.61, 11.45],{},[1.79, 2.68, 1.89],{},[-0.6499999761581421, -0.6499999761581421, -0.6499999761581421],{}1677629594.959095
2023/03/01 00:13:15,logs_a,{},1677629595.0755763,{},[-0.63, 4.03, 0.68, 1.08],{},[6.44, 7.59, 10.52, 11.42],{},[1.79, 0.06, 2.43, 1.13],{},[-0.6499999761581421, -0.6499999761581421, -0.6499999761581421, -0.6499999761581421],{}1677629595.075718
2023/03/01 00:13:15,logs_a,{},1677629595.2831945,{},[-0.82, 1.07, -6.24],{},[6.23, 11.33, 13.9],{},[1.9, -0.28, 1.95],{},[-0.6499999761581421, -0.6499999761581421, -0.6499999761581421],{}1677629595.283322
2023/03/01 00:13:15,logs_a,{},1677629595.4523823,{},[-1.0, 0.37],{},[6.15, 10.78],{},[1.55, 5.0],{},[-0.6499999761581421, -0.6499999761581421],{}1677629595.452546
2023/03/01 00:13:15,logs_a,{},1677629595.5713444,{},[1.04],{},[10.99],{},[1.42],{},[-0.6499999761581421],{}1677629595.571468
2023/03/01 00:13:15,logs_a,{},1677629595.85655,{},[-0.38, 1.27, 1.7],{},[5.97, 9.88, 10.76],{},[1.31, 2.13, 0.15],{},[-0.6499999761581421, -0.6499999761581421, -0.6499999761581421],{}1677629595.856674
2023/03/01 00:13:15,logs_a,{},1677629595.9711764,{},[1.26, 1.69],{},[9.72, 10.66],{},[2.48, -0.26],{},[-0.6499999761581421, -0.6499999761581421],{}1677629595.971307
2023/03/01 00:13:16,logs_a,{},1677629596.1452906,{},[0.53, 1.32],{},[8.46, 10.51],{},[-0.03, -0.17],{},[-1.309999942779541, -1.309999942779541],{}1677629596.145402
2023/03/01 00:13:16,logs_a,{},1677629596.2652748,{},[-1.08, 0.98],{},[5.43, 10.45],{},[1.61, -0.0],{},[-0.6499999761581421, -0.6499999761581421],{}1677629596.265404
2023/03/01 00:13:16,logs_a,{},1677629596.3787549,{},[-1.07, 0.98],{},[5.51, 10.38],{},[0.95, 0.0],{},[-0.6499999761581421, -0.6499999761581421],{}1677629596.378889
2023/03/01 00:13:16,logs_a,{},1677629596.545103,{},[-1.04],{},[5.33],{},[1.24],{},[-0.6499999761581421],{}1677629596.546132
2023/03/01 00:13:16,logs_a,{},1677629596.7046332,{},[0.81, -1.03],{},[3.08, 5.26],{},[-0.64, 1.08],{},[-0.6499999761581421, -0.6499999761581421],{}1677629596.704754
2023/03/01 00:13:16,logs_a,{},1677629596.950153,{},[0.87, -0.33, 1.73, 2.47],{},[4.08, 5.06, 8.99, 9.57],{},[2.07, 1.25, 1.0, 0.14],{},[-0.6499999761581421, -0.6499999761581421, -0.6499999761581421, -0.6499999761581421],{}1677629596.950277
2023/03/01 00:13:17,logs_a,{},1677629597.0659554,{},[0.0, 0.5, 2.57, 3.37],{},[5.06, 4.83, 8.55, 9.22],{},[0.95, 2.31, 1.91, -0.05],{},[-0.6499999761581421, -0.6499999761581421, -0.6499999761581421, -0.6499999761581421],{}1677629597.066127
2023/03/01 00:13:17,logs_a,{},1677629597.2480183,{},[2.02, 2.71, 0.0],{},[6.84, 9.26, 4.61],{},[-0.82, -0.06, 1.9],{},[-1.309999942779541, -1.309999942779541, -0.6499999761581421],{}1677629597.249032
2023/03/01 00:13:17,logs_a,{},1677629597.3626437,{},[1.94, -0.46, -0.65],{},[8.47, 4.75, 5.15],{},[1.74, 1.14, 0.27],{},[-1.309999942779541, -0.6499999761581421, -0.6499999761581421],{}1677629597.362740
2023/03/01 00:13:17,logs_a,{},1677629597.474288,{},[-0.91, 1.1],{},[4.77, 8.62],{},[-0.02, 1.17],{},[-0.6499999761581421, -0.6499999761581421],{}1677629597.474379
2023/03/01 00:13:17,logs_a,{},1677629597.5823812,{},[-1.05],{},[4.65],{},[-0.45],{},[-0.6499999761581421],{}1677629597.582474
2023/03/01 00:13:17,logs_a,{},1677629597.7445939,{},[0.38, -0.87],{},[3.74, 4.5],{},[1.65, 0.52],{},[-0.6499999761581421, -0.6499999761581421],{}1677629597.744683
2023/03/01 00:13:17,logs_a,{},1677629597.8515937,{},[0.25, -0.85, 1.33],{},[3.68, 4.45, 8.36],{},[1.68, 0.31, 0.79],{},[-0.6499999761581421, -0.6499999761581421, -0.6499999761581421],{}1677629597.851682
2023/03/01 00:13:17,logs_a,{},1677629597.9628682,{},[-0.7, 1.58, -7.22],{},[4.41, 8.1, 14.54],{},[0.45, 1.56, 2.99],{},[-0.6499999761581421, -0.6499999761581421, -0.6499999761581421],{}1677629597.962978
2023/03/01 00:13:18,logs_a,{},1677629598.0727847,{},[-0.56, -0.87, -0.36, -7.19],{},[4.28, 4.56, 10.29, 14.7],{},[1.04, 0.03, 5.29, 1.47],{},[-0.6499999761581421, -0.6499999761581421, -0.6499999761581421, -0.6499999761581421],{}1677629598.072883
2023/03/01 00:13:18,logs_a,{},1677629598.182155,{},[0.48, -0.54, -0.87, 1.8, -0.36],{},[3.32, 4.12, 4.53, 7.91, 10.3],{},[1.86, 1.27, -0.21, 1.36, 5.05],{},[-0.6499999761581421, -0.6499999761581421, -0.6499999761581421, -0.6499999761581421, -0.6499999761581421],{}1677629598.182253
2023/03/01 00:13:18,logs_a,{},1677629598.3467245,{},[-0.53, -0.56, 2.02],{},[4.15, 4.46, 7.77],{},[0.39, 0.14, 0.92],{},[-0.6499999761581421, -0.6499999761581421, -0.6499999761581421],{}1677629598.346816
2023/03/01 00:13:18,logs_a,{},1677629598.4523404,{},[-0.65],{},[4.07],{},[0.5],{},[-0.6499999761581421],{}1677629598.452445
2023/03/01 00:13:18,logs_a,{},1677629598.5628698,{},[-1.15, -3.72],{},[3.56, 12.6],{},[-1.63, 1.57],{},[-0.6499999761581421, -0.6499999761581421],{}1677629598.562965
2023/03/01 00:13:18,logs_a,{},1677629598.6721385,{},[-1.0, 0.99],{},[3.75, 6.26],{},[0.99, -0.4],{},[-0.6499999761581421, -0.6499999761581421],{}1677629598.672238
2023/03/01 00:13:18,logs_a,{},1677629598.781143,{},[-1.23, -5.32],{},[3.63, 11.88],{},[0.89, 1.4],{},[-0.6499999761581421, -0.6499999761581421],{}1677629598.781244
2023/03/01 00:13:18,logs_a,{},1677629598.9425979,{},[-1.44, 0.72],{},[3.46, 7.45],{},[0.79, 1.53],{},[-0.6499999761581421, -0.6499999761581421],{}1677629598.942691
2023/03/01 00:13:19,logs_a,{},1677629599.0503514,{},[-1.3, 0.47],{},[3.39, 7.47],{},[1.06, 1.13],{},[-0.6499999761581421, -0.6499999761581421],{}1677629599.050476
2023/03/01 00:13:19,logs_a,{},1677629599.1704006,{},[-1.18, -1.5, 0.94],{},[3.34, 3.7, 7.33],{},[1.27, 0.31, 1.38],{},[-0.6499999761581421, -0.6499999761581421, -0.6499999761581421],{}1677629599.170495
2023/03/01 00:13:19,logs_a,{},1677629599.2790523,{},[-1.16],{},[3.41],{},[0.88],{},[-0.6499999761581421],{}1677629599.279141
2023/03/01 00:13:19,logs_a,{},1677629599.4412131,{},[-1.24, -0.64, -1.34],{},[3.37, 9.46, 10.06],{},[0.41, 3.72, 3.51],{},[-0.6499999761581421, -0.6499999761581421, -0.6499999761581421],{}1677629599.441301
2023/03/01 00:13:19,logs_a,{},1677629599.5476692,{},[-1.34],{},[9.8],{},[4.07],{},[0.0],{}1677629599.547766
2023/03/01 00:13:19,logs_a,{},1677629599.6784,{},[-1.21, 1.36],{},[3.2, 7.08],{},[0.8, 0.81],{},[0.0, -0.6499999761581421],{}1677629599.678529
2023/03/01 00:13:19,logs_a,{},1677629599.8408918,{},[-1.31, 0.19],{},[3.08, 6.03],{},[1.01, -0.06],{},[0.0, -0.6499999761581421],{}1677629599.840964
2023/03/01 00:13:19,logs_a,{},1677629599.9459577,{},[-1.6, -1.44, -0.38],{},[2.9, 2.91, 5.98],{},[0.86, 1.42, -0.46],{},[0.0, -0.6499999761581421, -0.6499999761581421],{}1677629599.946029
2023/03/01 00:13:20,logs_a,{},1677629600.0503018,{},[2.29],{},[4.23],{},[-0.84],{},[-0.6499999761581421],{}1677629600.050369
2023/03/01 00:13:20,logs_a,{},1677629600.1575513,{},[1.97],{},[4.43],{},[-0.32],{},[0.0],{}1677629600.157626
2023/03/01 00:13:20,logs_a,{},1677629600.2117913,{},[1.97],{},[4.43],{},[-0.32],{},[0.0],{}1677629600.211883
2023/03/01 00:13:20,logs_a,{},1677629600.2649026,{},[1.97],{},[4.43],{},[-0.32],{},[0.0],{}1677629600.264982
2023/03/01 00:13:20,logs_a,{},1677629600.371168,{},[1.36],{},[4.63],{},[-0.26],{},[0.0],{}1677629600.371239
2023/03/01 00:13:20,logs_a,{},1677629600.4860094,{},[1.6, 1.42, 1.35],{},[2.9, 3.42, 4.61],{},[0.84, 0.77, -0.28],{},[0.0, 0.0, 0.0],{}1677629600.486248
2023/03/01 00:13:20,logs_a,{},1677629600.6601086,{},[1.51, 1.18, 1.35, -2.21],{},[2.99, 3.49, 4.6, 5.45],{},[0.8, 0.87, -0.44, -0.23],{},[0.0, 0.0, 0.0, 0.0],{}1677629600.660210
2023/03/01 00:13:20,logs_a,{},1677629600.7721667,{},[1.5, 1.06, 1.05, -2.21],{},[2.99, 3.57, 4.65, 5.45],{},[0.7, 0.51, -0.67, -0.33],{},[0.0, 0.0, 0.0, 0.0],{}1677629600.772254
2023/03/01 00:13:20,logs_a,{},1677629600.9405086,{},[1.18, 0.9],{},[3.1, 4.71],{},[0.82, -0.37],{},[0.0, 0.0],{}1677629600.941460
2023/03/01 00:13:21,logs_a,{},1677629601.050202,{},[1.07, 0.71, 0.75],{},[3.12, 3.63, 4.75],{},[0.89, 0.79, -0.14],{},[0.0, 0.0, 0.0],{}1677629601.050316
2023/03/01 00:13:21,logs_a,{},1677629601.162621,{},[0.96, 0.45, 0.37],{},[3.21, 4.81, 5.33],{},[0.68, -0.09, 2.65],{},[0.0, 0.0, 0.0],{}1677629601.162738
2023/03/01 00:13:21,logs_a,{},1677629601.2785048,{},[0.64, 0.24, 0.15],{},[3.26, 3.75, 4.83],{},[0.79, 0.46, 0.09],{},[0.0, 0.0, 0.0],{}1677629601.278633
2023/03/01 00:13:21,logs_a,{},1677629601.4421077,{},[1.03, 0.43, -0.12, -0.31],{},[2.09, 3.41, 3.76, 4.87],{},[-0.3, 0.46, 0.58, -0.0],{},[0.0, 0.0, 0.0, 0.0],{}1677629601.442774
2023/03/01 00:13:21,logs_a,{},1677629601.550868,{},[0.82, 1.22, -0.46],{},[2.25, 2.22, 4.86],{},[-0.09, 0.63, -0.18],{},[0.0, 0.0, 0.0],{}1677629601.550974
2023/03/01 00:13:21,logs_a,{},1677629601.6724875,{},[0.6, 0.6, -0.11, -0.61],{},[1.21, 2.33, 3.36, 4.83],{},[-0.22, -0.22, 0.85, -0.41],{},[0.0, 0.0, 0.0, 0.0],{}1677629601.672581
2023/03/01 00:13:21,logs_a,{},1677629601.783021,{},[0.0, 0.61, 0.53, 1.21, -1.07, -0.96],{},[1.27, 1.21, 2.38, 2.21, 4.76, 5.88],{},[0.37, -0.32, -0.19, 0.59, -0.51, 1.55],{},[0.0, 0.0, 0.0, 0.0, 0.0, 0.0],{}1677629601.783111
2023/03/01 00:13:21,logs_a,{},1677629601.949084,{},[0.41, -0.04, 0.48, 0.23, -0.56, -1.39],{},[1.15, 1.27, 1.29, 2.43, 3.11, 4.75],{},[-0.5, 0.37, -0.18, -0.04, 1.71, -0.2],{},[0.0, 0.0, 0.0, 0.0, 0.0, 0.0],{}1677629601.949177
2023/03/01 00:13:22,logs_a,{},1677629602.0596547,{},[-0.04, 0.37, 0.0, 1.12, -0.68],{},[1.25, 1.16, 2.48, 2.17, 3.38],{},[0.41, -0.52, -0.26, 0.79, 1.08],{},[0.0, 0.0, 0.0, 0.0, 0.0],{}1677629602.059758
2023/03/01 00:13:22,logs_a,{},1677629602.1690457,{},[0.49, -0.08, 0.21, 1.11, -0.99, -1.88],{},[1.05, 1.25, 1.34, 2.25, 3.3, 4.64],{},[0.3, 0.4, -0.17, 0.4, 0.72, -0.2],{},[0.0, 0.0, 0.0, 0.0, 0.0, 0.0],{}1677629602.169139
2023/03/01 00:13:22,logs_a,{},1677629602.2822175,{},[0.04, -2.35],{},[1.3, 4.42],{},[0.32, -0.11],{},[0.0, 0.0],{}1677629602.282330
2023/03/01 00:13:22,logs_a,{},1677629602.4478023,{},[-0.34, 0.38, 0.0, 0.61, -1.73, -0.65, 2.36],{},[1.01, 1.16, 1.46, 2.28, 3.02, 6.81, 9.55],{},[-0.17, -0.04, -0.1, 0.63, 1.21, 1.4, 4.44],{},[0.0, 0.0, 0.0, 0.0, 0.0, 0.0, 0.0],{}1677629602.447892
2023/03/01 00:13:22,logs_a,{},1677629602.5557723,{},[0.22, 1.69],{},[1.17, 9.61],{},[0.03, 4.61],{},[0.0, 0.0],{}1677629602.555859
2023/03/01 00:13:22,logs_a,{},1677629602.6692603,{},[0.11, -0.09, 0.15, 1.35],{},[1.19, 1.44, 2.38, 9.39],{},[0.03, -0.05, 0.55, 5.15],{},[0.0, 0.0, 0.0, 0.0],{}1677629602.669445
2023/03/01 00:13:22,logs_a,{},1677629602.781896,{},[0.0, -0.71, 0.19],{},[1.2, 1.33, 1.45],{},[0.05, -0.09, -0.39],{},[0.0, 0.0, 0.0],{}1677629602.782051
2023/03/01 00:13:22,logs_a,{},1677629602.9450028,{},[-0.15, 0.19, -0.38, -0.67],{},[1.16, 1.5, 2.35, 9.33],{},[0.11, 0.03, 0.53, 5.34],{},[0.0, 0.0, 0.0, 0.0],{}1677629602.945148
2023/03/01 00:13:23,logs_a,{},1677629603.0527165,{},[-0.26, -0.5, -0.24, 0.2],{},[1.14, 1.24, 1.45, 3.13],{},[0.13, -0.01, -0.38, 0.5],{},[0.0, 0.0, 0.0, 0.0],{}1677629603.052829
2023/03/01 00:13:23,logs_a,{},1677629603.1620536,{},[0.38, -0.29, -0.59, 0.1, -0.1, -1.68],{},[0.86, 1.11, 1.21, 3.12, 3.13, 9.24],{},[-0.34, 0.1, -0.03, 0.58, 0.54, 5.26],{},[0.0, 0.0, 0.0, 0.0, 0.0, 0.0],{}1677629603.162143
2023/03/01 00:13:23,logs_a,{},1677629603.2720869,{},[0.37, -0.32, -0.63, -0.1, -2.02],{},[0.9, 1.1, 1.18, 3.13, 9.25],{},[0.03, 0.11, -0.06, 0.52, 5.13],{},[0.0, 0.0, 0.0, 0.0, 0.0],{}1677629603.272210
2023/03/01 00:13:23,logs_a,{},1677629603.3821137,{},[0.4, -0.36, -0.63, -0.2, -1.68],{},[0.87, 1.08, 1.19, 3.12, 9.44],{},[-0.2, 0.14, 0.03, 0.56, 4.85],{},[0.0, 0.0, 0.0, 0.0, 0.0],{}1677629603.382233
2023/03/01 00:13:23,logs_a,{},1677629603.5482986,{},[-0.36, -0.7],{},[1.07, 3.63],{},[0.19, 0.3],{},[0.0, 0.0],{}1677629603.548380
2023/03/01 00:13:23,logs_a,{},1677629603.666138,{},[-0.39, -0.81],{},[1.06, 3.54],{},[0.21, 0.78],{},[0.0, 0.0],{}1677629603.666247
2023/03/01 00:13:23,logs_a,{},1677629603.7755034,{},[0.31, -0.28, -0.3],{},[0.84, 1.47, 3.11],{},[-0.39, -0.23, 0.67],{},[0.0, 0.0, 0.0],{}1677629603.775595
2023/03/01 00:13:23,logs_a,{},1677629603.9408524,{},[0.34, -0.06, -0.5],{},[0.8, 0.87, 3.01],{},[-0.45, 0.43, 0.87],{},[0.0, 0.0, 0.0],{}1677629603.940940
2023/03/01 00:13:24,logs_a,{},1677629604.0468907,{},[0.0, -0.65],{},[0.93, 1.34],{},[0.2, 0.08],{},[0.0, 0.0],{}1677629604.046978
2023/03/01 00:13:24,logs_a,{},1677629604.107346,{},[0.0, -0.65],{},[0.93, 1.34],{},[0.2, 0.08],{},[0.0, 0.0],{}1677629604.107433
2023/03/01 00:13:24,logs_a,{},1677629604.164877,{},[0.0, -0.65],{},[0.93, 1.34],{},[0.2, 0.08],{},[0.0, 0.0],{}1677629604.164973
2023/03/01 00:13:24,logs_a,{},1677629604.2757094,{},[0.24, -0.62],{},[0.88, 3.21],{},[-0.35, 0.39],{},[0.0, 0.0],{}1677629604.275798
2023/03/01 00:13:24,logs_a,{},1677629604.440437,{},[0.27, -3.72],{},[0.89, 8.63],{},[-0.28, 5.37],{},[0.0, 0.0],{}1677629604.440536
2023/03/01 00:13:24,logs_a,{},1677629604.5484664,{},[0.27, -0.09, -3.73],{},[0.83, 0.86, 8.93],{},[-0.44, 0.46, 4.89],{},[0.0, 0.0, 0.0],{}1677629604.548584
2023/03/01 00:13:24,logs_a,{},1677629604.667768,{},[0.27],{},[0.82],{},[-0.46],{},[0.0],{}1677629604.667872
2023/03/01 00:13:24,logs_a,{},1677629604.8408065,{},[0.09],{},[0.9],{},[-0.43],{},[0.0],{}1677629604.841040
2023/03/01 00:13:24,logs_a,{},1677629604.9001772,{},[0.09],{},[0.9],{},[-0.43],{},[0.0],{}1677629604.900292
2023/03/01 00:13:24,logs_a,{},1677629604.9527423,{},[0.09],{},[0.9],{},[-0.43],{},[0.0],{}1677629604.952869
2023/03/01 00:13:25,logs_a,{},1677629605.0653133,{},[-0.28],{},[0.95],{},[0.16],{},[0.0],{}1677629605.065431
2023/03/01 00:13:25,logs_a,{},1677629605.1826808,{},[-0.09, 0.0],{},[0.89, 1.11],{},[-0.46, 0.18],{},[0.0, 0.0],{}1677629605.182807
2023/03/01 00:13:25,logs_a,{},1677629605.358124,{},[-0.07, -1.5],{},[0.96, 2.77],{},[-0.42, 0.55],{},[0.0, 0.0],{}1677629605.358330
2023/03/01 00:13:25,logs_a,{},1677629605.4776964,{},[-0.06, -0.42],{},[0.94, 1.01],{},[-0.24, -0.26],{},[0.0, 0.0],{}1677629605.477815
2023/03/01 00:13:25,logs_a,{},1677629605.5358343,{},[-0.06, -0.42],{},[0.94, 1.01],{},[-0.24, -0.26],{},[0.0, 0.0],{}1677629605.535951
2023/03/01 00:13:25,logs_a,{},1677629605.6514015,{},[-0.41],{},[0.98],{},[-0.26],{},[0.0],{}1677629605.651536
2023/03/01 00:13:25,logs_a,{},1677629605.7211874,{},[-0.41],{},[0.98],{},[-0.26],{},[0.0],{}1677629605.721324
2023/03/01 00:13:25,logs_a,{},1677629605.777373,{},[-0.41],{},[0.98],{},[-0.26],{},[0.0],{}1677629605.777504
2023/03/01 00:13:25,logs_a,{},1677629605.836121,{},[-0.41],{},[0.98],{},[-0.26],{},[0.0],{}1677629605.836253
2023/03/01 00:13:25,logs_a,{},1677629605.895214,{},[-0.41],{},[0.98],{},[-0.26],{},[0.0],{}1677629605.895344
2023/03/01 00:13:25,logs_a,{},1677629605.9487221,{},[-0.41],{},[0.98],{},[-0.26],{},[0.0],{}1677629605.948889
2023/03/01 00:13:26,logs_a,{},1677629606.0087256,{},[-0.41],{},[0.98],{},[-0.26],{},[0.0],{}1677629606.008862
2023/03/01 00:13:26,logs_a,{},1677629606.0649998,{},[-0.41],{},[0.98],{},[-0.26],{},[0.0],{}1677629606.065220
2023/03/01 00:13:26,logs_a,{},1677629606.2245388,{},[-0.13],{},[0.97],{},[-0.32],{},[0.0],{}1677629606.224693
2023/03/01 00:13:26,logs_a,{},1677629606.2832491,{},[-0.13],{},[0.97],{},[-0.32],{},[0.0],{}1677629606.283383
2023/03/01 00:13:26,logs_a,{},1677629606.404134,{},[-0.21],{},[0.92],{},[-0.23],{},[0.0],{}1677629606.404379
2023/03/01 00:13:26,logs_a,{},1677629606.4657357,{},[-0.21],{},[0.92],{},[-0.23],{},[0.0],{}1677629606.465873
2023/03/01 00:13:26,logs_a,{},1677629606.5248723,{},[-0.21],{},[0.92],{},[-0.23],{},[0.0],{}1677629606.524996
2023/03/01 00:13:26,logs_a,{},1677629606.580843,{},[-0.21],{},[0.92],{},[-0.23],{},[0.0],{}1677629606.581007
2023/03/01 00:13:26,logs_a,{},1677629606.6502914,{},[-0.21],{},[0.92],{},[-0.23],{},[0.0],{}1677629606.650436
2023/03/01 00:13:26,logs_a,{},1677629606.7327986,{},[-0.21],{},[0.92],{},[-0.23],{},[0.0],{}1677629606.732915
2023/03/01 00:13:26,logs_a,{},1677629606.7954538,{},[-0.21],{},[0.92],{},[-0.23],{},[0.0],{}1677629606.795584
2023/03/01 00:13:26,logs_a,{},1677629606.847689,{},[-0.21],{},[0.92],{},[-0.23],{},[0.0],{}1677629606.847813
2023/03/01 00:13:26,logs_a,{},1677629606.915922,{},[-0.21],{},[0.92],{},[-0.23],{},[0.0],{}1677629606.916044
2023/03/01 00:13:26,logs_a,{},1677629606.9727702,{},[-0.21],{},[0.92],{},[-0.23],{},[0.0],{}1677629606.972903
2023/03/01 00:13:27,logs_a,{},1677629607.0317001,{},[-0.21],{},[0.92],{},[-0.23],{},[0.0],{}1677629607.031817
2023/03/01 00:13:27,logs_a,{},1677629607.0934339,{},[-0.21],{},[0.92],{},[-0.23],{},[0.0],{}1677629607.093574
2023/03/01 00:13:27,logs_a,{},1677629607.146248,{},[-0.21],{},[0.92],{},[-0.23],{},[0.0],{}1677629607.146392
2023/03/01 00:13:27,logs_a,{},1677629607.2040713,{},[-0.21],{},[0.92],{},[-0.23],{},[0.0],{}1677629607.204219
2023/03/01 00:13:27,logs_a,{},1677629607.2589576,{},[-0.21],{},[0.92],{},[-0.23],{},[0.0],{}1677629607.259111
2023/03/01 00:13:27,logs_a,{},1677629607.3179746,{},[-0.21],{},[0.92],{},[-0.23],{},[0.0],{}1677629607.318941
2023/03/01 00:13:27,logs_a,{},1677629607.3745093,{},[-0.21],{},[0.92],{},[-0.23],{},[0.0],{}1677629607.374668
2023/03/01 00:13:27,logs_a,{},1677629607.4326797,{},[-0.21],{},[0.92],{},[-0.23],{},[0.0],{}1677629607.433727
2023/03/01 00:13:27,logs_a,{},1677629607.4898357,{},[-0.21],{},[0.92],{},[-0.23],{},[0.0],{}1677629607.490635
2023/03/01 00:13:27,logs_a,{},1677629607.5467775,{},[-0.21],{},[0.92],{},[-0.23],{},[0.0],{}1677629607.546882
2023/03/01 00:13:27,logs_a,{},1677629607.6104085,{},[-0.21],{},[0.92],{},[-0.23],{},[0.0],{}1677629607.610496
2023/03/01 00:13:27,logs_a,{},1677629607.6649165,{},[-0.21],{},[0.92],{},[-0.23],{},[0.0],{}1677629607.665006
2023/03/01 00:13:27,logs_a,{},1677629607.7208414,{},[-0.21],{},[0.92],{},[-0.23],{},[0.0],{}1677629607.720930
2023/03/01 00:13:27,logs_a,{},1677629607.774994,{},[-0.21],{},[0.92],{},[-0.23],{},[0.0],{}1677629607.775091
2023/03/01 00:13:27,logs_a,{},1677629607.832639,{},[-0.21],{},[0.92],{},[-0.23],{},[0.0],{}1677629607.832738
2023/03/01 00:13:27,logs_a,{},1677629607.9409583,{},[2.02, 8.17],{},[4.27, 15.11],{},[2.6, -2.97],{},[0.0, 0.0],{}1677629607.941044
2023/03/01 00:13:28,logs_a,{},1677629608.0484836,{},[2.26, 7.39, 7.63],{},[4.14, 15.14, 15.5],{},[2.13, 1.35, -2.38],{},[0.0, 0.0, 0.0],{}1677629608.048572
2023/03/01 00:13:28,logs_a,{},1677629608.1604156,{},[6.86],{},[15.41],{},[1.01],{},[0.0],{}1677629608.160514
2023/03/01 00:13:28,logs_a,{},1677629608.268878,{},[5.28, 5.99],{},[16.01, 16.3],{},[1.16, -1.5],{},[0.0, 0.0],{}1677629608.268976
2023/03/01 00:13:28,logs_a,{},1677629608.3806746,{},[5.27],{},[15.94],{},[1.63],{},[0.0],{}1677629608.380778
2023/03/01 00:13:28,logs_a,{},1677629608.545567,{},[3.15, 0.57],{},[16.42, 18.23],{},[1.89, 0.89],{},[0.0, 0.0],{}1677629608.545666
2023/03/01 00:13:28,logs_a,{},1677629608.6721773,{},[2.63, 0.57, 2.71],{},[16.51, 18.23, 17.12],{},[1.89, 0.37, 0.19],{},[0.0, 0.0, -0.6499999761581421],{}1677629608.672269
2023/03/01 00:13:28,logs_a,{},1677629608.8411353,{},[0.79, 2.09, 2.15],{},[4.34, 16.46, 17.1],{},[2.47, 2.15, -0.33],{},[-0.6499999761581421, -0.6499999761581421, -0.6499999761581421],{}1677629608.841240
2023/03/01 00:13:28,logs_a,{},1677629608.950058,{},[1.04, 0.54, -1.13],{},[16.58, 17.2, 18.08],{},[1.53, 0.28, 0.34],{},[-0.6499999761581421, -0.6499999761581421, -0.6499999761581421],{}1677629608.950145
2023/03/01 00:13:29,logs_a,{},1677629609.0617948,{},[0.52, -2.26],{},[16.55, 17.87],{},[1.58, -1.03],{},[-0.6499999761581421, -0.6499999761581421],{}1677629609.061912
2023/03/01 00:13:29,logs_a,{},1677629609.1729958,{},[0.92, 0.52, -2.81],{},[4.21, 16.53, 17.73],{},[2.36, 1.25, -1.24],{},[-0.6499999761581421, -0.6499999761581421, -0.6499999761581421],{}1677629609.173120
2023/03/01 00:13:29,logs_a,{},1677629609.2864065,{},[1.55, -1.68],{},[16.4, 17.89],{},[1.41, 0.28],{},[-0.6499999761581421, -0.6499999761581421],{}1677629609.286511
2023/03/01 00:13:29,logs_a,{},1677629609.4589412,{},[1.54, 1.59, -2.23],{},[16.14, 16.87, 17.71],{},[2.55, 0.01, 0.17],{},[-0.6499999761581421, -0.6499999761581421, -0.6499999761581421],{}1677629609.459062
2023/03/01 00:13:29,logs_a,{},1677629609.5734444,{},[1.53, 2.12],{},[15.97, 16.79],{},[3.21, 0.87],{},[-0.6499999761581421, -0.6499999761581421],{}1677629609.573549
2023/03/01 00:13:29,logs_a,{},1677629609.6854146,{},[2.54, 1.58, -2.21],{},[15.76, 16.73, 17.55],{},[3.21, 0.15, 0.67],{},[-0.6499999761581421, -0.6499999761581421, -0.6499999761581421],{}1677629609.685564
2023/03/01 00:13:29,logs_a,{},1677629609.8586614,{},[2.52],{},[15.72],{},[2.49],{},[-0.6499999761581421],{}1677629609.858801
2023/03/01 00:13:29,logs_a,{},1677629609.9759421,{},[3.01, 3.1],{},[15.6, 16.09],{},[2.41, -2.37],{},[-0.6499999761581421, -0.6499999761581421],{}1677629609.976067
2023/03/01 00:13:30,logs_a,{},1677629610.1592472,{},[1.78, -0.89, 0.87, 2.99, 3.08],{},[4.91, 5.53, 9.19, 15.25, 16.14],{},[2.26, 1.0, 0.22, 3.49, -0.25],{},[-0.6499999761581421, -0.6499999761581421, -0.6499999761581421, -0.6499999761581421, -0.6499999761581421],{}1677629610.159455
2023/03/01 00:13:30,logs_a,{},1677629610.3698845,{},[0.57, 2.46, 2.54],{},[9.04, 14.88, 16.06],{},[0.34, 4.55, 0.45],{},[-0.6499999761581421, -0.6499999761581421, -0.6499999761581421],{}1677629610.370044
2023/03/01 00:13:30,logs_a,{},1677629610.4858913,{},[1.34, 0.28, 1.96, 2.02],{},[7.03, 8.94, 15.18, 16.0],{},[-0.06, -0.49, 3.26, -0.65],{},[-1.309999942779541, -1.309999942779541, -1.309999942779541, -1.309999942779541],{}1677629610.486038
2023/03/01 00:13:30,logs_a,{},1677629610.7524068,{},[1.44, 1.49],{},[15.09, 15.79],{},[2.62, 0.74],{},[-0.6499999761581421, -0.6499999761581421],{}1677629610.752559
2023/03/01 00:13:30,logs_a,{},1677629610.8739982,{},[-2.1, -0.27, 2.39, 1.48],{},[4.72, 8.61, 14.83, 15.73],{},[0.38, -0.31, 2.96, 0.3],{},[-0.6499999761581421, -0.6499999761581421, -0.6499999761581421, -0.6499999761581421],{}1677629610.874202
2023/03/01 00:13:31,logs_a,{},1677629611.0500424,{},[1.52, 3.41, -1.72],{},[3.68, 15.13, 4.69],{},[1.93, -1.46, 0.36],{},[-1.309999942779541, -1.309999942779541, -0.6499999761581421],{}1677629611.050184
2023/03/01 00:13:31,logs_a,{},1677629611.181086,{},[4.35],{},[14.84],{},[-0.73],{},[-0.6499999761581421],{}1677629611.181216
2023/03/01 00:13:31,logs_a,{},1677629611.3699238,{},[-1.16, -1.04, 1.78, 5.27, -1.06],{},[4.49, 4.62, 7.93, 14.39, 16.86],{},[0.02, 0.49, 0.07, 0.45, -0.45],{},[-0.6499999761581421, -0.6499999761581421, -0.6499999761581421, -0.6499999761581421, -0.6499999761581421],{}1677629611.370088
2023/03/01 00:13:31,logs_a,{},1677629611.5459754,{},[1.74, 4.75, -1.12, -1.15],{},[7.74, 14.38, 4.32, 4.41],{},[-0.32, 1.12, 0.17, 0.58],{},[-1.309999942779541, -1.309999942779541, -0.6499999761581421, -0.6499999761581421],{}1677629611.547013
2023/03/01 00:13:31,logs_a,{},1677629611.6927266,{},[1.06, 5.16, -1.23],{},[6.67, 14.1, 4.19],{},[0.39, -0.36, 0.11],{},[-1.309999942779541, -1.309999942779541, -0.6499999761581421],{}1677629611.692983
2023/03/01 00:13:31,logs_a,{},1677629611.867127,{},[-1.44, 1.8],{},[3.94, 4.67],{},[0.03, 1.58],{},[-0.6499999761581421, -0.6499999761581421],{}1677629611.867307
2023/03/01 00:13:32,logs_a,{},1677629612.0464125,{},[-1.27, -1.3],{},[3.85, 3.96],{},[0.18, 0.12],{},[-0.6499999761581421, -0.6499999761581421],{}1677629612.046651
2023/03/01 00:13:32,logs_a,{},1677629612.1728137,{},[0.73, 5.49, -1.11],{},[5.76, 13.53, 3.77],{},[-0.28, 0.95, 0.09],{},[-1.309999942779541, -1.309999942779541, -0.6499999761581421],{}1677629612.172951
2023/03/01 00:13:32,logs_a,{},1677629612.344919,{},[-1.06, -0.84, 5.83, 1.92],{},[3.61, 3.74, 13.12, 15.23],{},[-0.06, 0.01, -0.1, -0.64],{},[-0.6499999761581421, -0.6499999761581421, -0.6499999761581421, -0.6499999761581421],{}1677629612.345031
2023/03/01 00:13:32,logs_a,{},1677629612.4036858,{},[-1.06, -0.84, 5.83, 1.92],{},[3.61, 3.74, 13.12, 15.23],{},[-0.06, 0.01, -0.1, -0.64],{},[-0.6499999761581421, -0.6499999761581421, -0.6499999761581421, -0.6499999761581421],{}1677629612.403813
2023/03/01 00:13:32,logs_a,{},1677629612.4580886,{},[-1.06, -0.84, 5.83, 1.92],{},[3.61, 3.74, 13.12, 15.23],{},[-0.06, 0.01, -0.1, -0.64],{},[-0.6499999761581421, -0.6499999761581421, -0.6499999761581421, -0.6499999761581421],{}1677629612.458392
2023/03/01 00:13:32,logs_a,{},1677629612.5153348,{},[-1.06, -0.84, 5.83, 1.92],{},[3.61, 3.74, 13.12, 15.23],{},[-0.06, 0.01, -0.1, -0.64],{},[-0.6499999761581421, -0.6499999761581421, -0.6499999761581421, -0.6499999761581421],{}1677629612.515463
2023/03/01 00:13:32,logs_a,{},1677629612.5750544,{},[-1.06, -0.84, 5.83, 1.92],{},[3.61, 3.74, 13.12, 15.23],{},[-0.06, 0.01, -0.1, -0.64],{},[-0.6499999761581421, -0.6499999761581421, -0.6499999761581421, -0.6499999761581421],{}1677629612.575180
2023/03/01 00:13:32,logs_a,{},1677629612.7434745,{},[-1.06],{},[3.21],{},[0.31],{},[-0.6499999761581421],{}1677629612.743577
2023/03/01 00:13:32,logs_a,{},1677629612.851457,{},[1.52],{},[3.52],{},[1.3],{},[-1.309999942779541],{}1677629612.851541
2023/03/01 00:13:32,logs_a,{},1677629612.908633,{},[1.52],{},[3.52],{},[1.3],{},[-1.309999942779541],{}1677629612.908731
2023/03/01 00:13:32,logs_a,{},1677629612.9623864,{},[1.52],{},[3.52],{},[1.3],{},[-1.309999942779541],{}1677629612.962686
2023/03/01 00:13:33,logs_a,{},1677629613.0727606,{},[-1.47],{},[3.02],{},[0.23],{},[-0.6499999761581421],{}1677629613.072850
2023/03/01 00:13:33,logs_a,{},1677629613.1836662,{},[1.36, -2.92],{},[2.61, 15.29],{},[0.99, -0.6],{},[-0.6499999761581421, -0.6499999761581421],{}1677629613.183762
2023/03/01 00:13:33,logs_a,{},1677629613.3466692,{},[4.63, 0.76, 4.21],{},[12.53, 2.84, 12.8],{},[-1.63, 0.74, 0.31],{},[-1.309999942779541, -0.6499999761581421, -0.6499999761581421],{}1677629613.346754
2023/03/01 00:13:33,logs_a,{},1677629613.4643562,{},[0.73, -8.97],{},[2.71, 16.89],{},[0.84, 0.87],{},[-1.309999942779541, -0.6499999761581421],{}1677629613.464572
2023/03/01 00:13:33,logs_a,{},1677629613.521613,{},[0.73, -8.97],{},[2.71, 16.89],{},[0.84, 0.87],{},[-1.309999942779541, -0.6499999761581421],{}1677629613.522351
2023/03/01 00:13:33,logs_a,{},1677629613.5770164,{},[0.73, -8.97],{},[2.71, 16.89],{},[0.84, 0.87],{},[-1.309999942779541, -0.6499999761581421],{}1677629613.578245
2023/03/01 00:13:33,logs_a,{},1677629613.6355624,{},[0.73, -8.97],{},[2.71, 16.89],{},[0.84, 0.87],{},[-1.309999942779541, -0.6499999761581421],{}1677629613.635682
2023/03/01 00:13:33,logs_a,{},1677629613.7443142,{},[0.05, 0.0, -0.36],{},[0.36, 3.57, 11.14],{},[-0.02, 0.92, 2.72],{},[0.0, -0.6499999761581421, -0.6499999761581421],{}1677629613.744426
2023/03/01 00:13:33,logs_a,{},1677629613.8519752,{},[-7.65],{},[17.19],{},[-0.66],{},[-0.6499999761581421],{}1677629613.852747
2023/03/01 00:13:33,logs_a,{},1677629613.9644172,{},[-7.03],{},[17.37],{},[-0.7],{},[-0.6499999761581421],{}1677629613.964551
2023/03/01 00:13:34,logs_a,{},1677629614.078745,{},[-7.0],{},[17.29],{},[0.03],{},[-0.6499999761581421],{}1677629614.078853
2023/03/01 00:13:34,logs_a,{},1677629614.1903923,{},[1.2],{},[2.5],{},[1.02],{},[-0.6499999761581421],{}1677629614.190519
2023/03/01 00:13:34,logs_a,{},1677629614.2430987,{},[1.2],{},[2.5],{},[1.02],{},[-0.6499999761581421],{}1677629614.243218
2023/03/01 00:13:34,logs_a,{},1677629614.3522222,{},[1.45],{},[3.52],{},[0.66],{},[-0.6499999761581421],{}1677629614.352367
2023/03/01 00:13:34,logs_a,{},1677629614.410192,{},[1.45],{},[3.52],{},[0.66],{},[-0.6499999761581421],{}1677629614.410298
2023/03/01 00:13:34,logs_a,{},1677629614.4645634,{},[1.45],{},[3.52],{},[0.66],{},[-0.6499999761581421],{}1677629614.464707
2023/03/01 00:13:34,logs_a,{},1677629614.5748408,{},[-4.0],{},[17.81],{},[-0.69],{},[-0.6499999761581421],{}1677629614.574930
2023/03/01 00:13:34,logs_a,{},1677629614.738004,{},[-0.95, -1.13],{},[1.93, 18.06],{},[0.28, -0.26],{},[-0.6499999761581421, -0.6499999761581421],{}1677629614.738082
2023/03/01 00:13:34,logs_a,{},1677629614.8468664,{},[-0.61, -0.84, -0.76, 1.32, 0.54, 4.52, 0.0],{},[1.86, 1.86, 2.06, 2.42, 3.94, 13.56, 18.02],{},[-0.01, 0.39, 0.15, 0.54, 1.63, -2.18, 0.03],{},[-0.6499999761581421, -0.6499999761581421, -0.6499999761581421, -0.6499999761581421, -0.6499999761581421, -0.6499999761581421, -0.6499999761581421],{}1677629614.846936
2023/03/01 00:13:34,logs_a,{},1677629614.9534519,{},[-0.43, -0.52, 2.24],{},[1.91, 1.97, 17.8],{},[-0.06, 0.39, -0.29],{},[-0.6499999761581421, -0.6499999761581421, -0.6499999761581421],{}1677629614.953558
2023/03/01 00:13:35,logs_a,{},1677629615.0614827,{},[-0.43, 3.35],{},[1.89, 17.54],{},[0.25, -0.82],{},[-0.6499999761581421, -0.6499999761581421],{}1677629615.061595
2023/03/01 00:13:35,logs_a,{},1677629615.1688526,{},[-0.28, -0.12, -0.13],{},[1.76, 1.81, 2.0],{},[0.01, 0.57, 0.05],{},[-0.6499999761581421, -0.6499999761581421, -0.6499999761581421],{}1677629615.168982
2023/03/01 00:13:35,logs_a,{},1677629615.2762613,{},[-0.05, 0.0],{},[1.64, 1.85],{},[0.23, 0.32],{},[-0.6499999761581421, -0.6499999761581421],{}1677629615.276330
2023/03/01 00:13:35,logs_a,{},1677629615.435705,{},[0.14, 0.35, 0.26, 0.27],{},[1.47, 1.56, 1.62, 7.93],{},[0.17, 0.16, 0.39, 3.05],{},[-0.6499999761581421, -0.6499999761581421, -0.6499999761581421, -0.6499999761581421],{}1677629615.435815
2023/03/01 00:13:35,logs_a,{},1677629615.5451112,{},[0.22, 0.35, 0.27, 8.46],{},[1.4, 1.51, 1.68, 15.91],{},[0.05, 0.34, 0.11, -0.99],{},[-0.6499999761581421, -0.6499999761581421, -0.6499999761581421, -0.6499999761581421],{}1677629615.545214
2023/03/01 00:13:35,logs_a,{},1677629615.6577268,{},[0.46, 0.48],{},[1.26, 1.39],{},[0.08, 0.45],{},[-0.6499999761581421, -0.6499999761581421],{}1677629615.657892
2023/03/01 00:13:35,logs_a,{},1677629615.7698777,{},[0.44, 0.46, 0.5],{},[1.21, 1.38, 1.52],{},[0.08, 0.21, 0.21],{},[-0.6499999761581421, -0.6499999761581421, -0.6499999761581421],{}1677629615.769999
2023/03/01 00:13:35,logs_a,{},1677629615.9357357,{},[0.71],{},[1.29],{},[0.36],{},[-0.6499999761581421],{}1677629615.935820
2023/03/01 00:13:36,logs_a,{},1677629616.0446818,{},[0.4, 0.35],{},[1.19, 1.22],{},[0.2, -0.57],{},[-0.6499999761581421, -0.6499999761581421],{}1677629616.044878
2023/03/01 00:13:36,logs_a,{},1677629616.1559923,{},[0.4],{},[1.07],{},[0.24],{},[-0.6499999761581421],{}1677629616.156082
2023/03/01 00:13:36,logs_a,{},1677629616.2643738,{},[0.41],{},[1.01],{},[0.14],{},[-0.6499999761581421],{}1677629616.264562
2023/03/01 00:13:36,logs_a,{},1677629616.3196816,{},[0.41],{},[1.01],{},[0.14],{},[-0.6499999761581421],{}1677629616.319839
2023/03/01 00:13:36,logs_a,{},1677629616.3746698,{},[0.41],{},[1.01],{},[0.14],{},[-0.6499999761581421],{}1677629616.374837
2023/03/01 00:13:36,logs_a,{},1677629616.433183,{},[0.41],{},[1.01],{},[0.14],{},[-0.6499999761581421],{}1677629616.434058
2023/03/01 00:13:36,logs_a,{},1677629616.541247,{},[0.46],{},[0.83],{},[0.25],{},[-0.6499999761581421],{}1677629616.541346
2023/03/01 00:13:36,logs_a,{},1677629616.656759,{},[0.4],{},[0.98],{},[-0.5],{},[0.0],{}1677629616.656857
2023/03/01 00:13:36,logs_a,{},1677629616.7125635,{},[0.4],{},[0.98],{},[-0.5],{},[0.0],{}1677629616.712677
2023/03/01 00:13:36,logs_a,{},1677629616.767282,{},[0.4],{},[0.98],{},[-0.5],{},[0.0],{}1677629616.767406
2023/03/01 00:13:36,logs_a,{},1677629616.8238592,{},[0.4],{},[0.98],{},[-0.5],{},[0.0],{}1677629616.823945
2023/03/01 00:13:36,logs_a,{},1677629616.878173,{},[0.4],{},[0.98],{},[-0.5],{},[0.0],{}1677629616.878281
2023/03/01 00:13:36,logs_a,{},1677629616.9888592,{},[3.73],{},[7.54],{},[1.37],{},[0.0],{}1677629616.988951
2023/03/01 00:13:37,logs_a,{},1677629617.0407772,{},[3.73],{},[7.54],{},[1.37],{},[0.0],{}1677629617.040895
2023/03/01 00:13:37,logs_a,{},1677629617.101532,{},[3.73],{},[7.54],{},[1.37],{},[0.0],{}1677629617.101620
2023/03/01 00:13:37,logs_a,{},1677629617.1563482,{},[3.73],{},[7.54],{},[1.37],{},[0.0],{}1677629617.157146
2023/03/01 00:13:37,logs_a,{},1677629617.2122254,{},[3.73],{},[7.54],{},[1.37],{},[0.0],{}1677629617.213060
2023/03/01 00:13:37,logs_a,{},1677629617.2703016,{},[3.73],{},[7.54],{},[1.37],{},[0.0],{}1677629617.270402
2023/03/01 00:13:37,logs_a,{},1677629617.3798606,{},[3.97],{},[7.14],{},[2.25],{},[0.0],{}1677629617.380672
2023/03/01 00:13:37,logs_a,{},1677629617.436004,{},[3.97],{},[7.14],{},[2.25],{},[0.0],{}1677629617.436789
2023/03/01 00:13:37,logs_a,{},1677629617.4928825,{},[3.97],{},[7.14],{},[2.25],{},[0.0],{}1677629617.493004
2023/03/01 00:13:37,logs_a,{},1677629617.5443513,{},[3.97],{},[7.14],{},[2.25],{},[0.0],{}1677629617.545040
2023/03/01 00:13:37,logs_a,{},1677629617.6555994,{},[4.58, 4.94],{},[9.11, 10.14],{},[2.4, 0.44],{},[0.0, 0.0],{}1677629617.656421
2023/03/01 00:13:37,logs_a,{},1677629617.7668848,{},[4.94],{},[10.14],{},[0.4],{},[0.0],{}1677629617.767110
2023/03/01 00:13:37,logs_a,{},1677629617.8770063,{},[3.73, 5.28, 0.04],{},[7.4, 9.92, 1.12],{},[1.99, -0.73, -0.1],{},[0.0, 0.0, 0.6499999761581421],{}1677629617.877126
2023/03/01 00:13:37,logs_a,{},1677629617.9333367,{},[3.73, 5.28, 0.04],{},[7.4, 9.92, 1.12],{},[1.99, -0.73, -0.1],{},[0.0, 0.0, 0.6499999761581421],{}1677629617.933440
2023/03/01 00:13:38,logs_a,{},1677629618.0451198,{},[4.93],{},[10.12],{},[-0.18],{},[0.0],{}1677629618.045212
2023/03/01 00:13:38,logs_a,{},1677629618.1614032,{},[4.93],{},[10.12],{},[-0.29],{},[0.0],{}1677629618.161499
2023/03/01 00:13:38,logs_a,{},1677629618.2717893,{},[4.93],{},[10.11],{},[-0.55],{},[0.0],{}1677629618.271891
2023/03/01 00:13:38,logs_a,{},1677629618.3830936,{},[3.49, 4.58],{},[7.59, 10.31],{},[2.02, -0.16],{},[0.0, 0.0],{}1677629618.383214
2023/03/01 00:13:38,logs_a,{},1677629618.495552,{},[4.58],{},[10.31],{},[0.2],{},[0.0],{}1677629618.495640
2023/03/01 00:13:38,logs_a,{},1677629618.5482693,{},[4.58],{},[10.31],{},[0.2],{},[0.0],{}1677629618.548383
2023/03/01 00:13:38,logs_a,{},1677629618.612133,{},[4.58],{},[10.31],{},[0.2],{},[0.0],{}1677629618.612266
2023/03/01 00:13:38,logs_a,{},1677629618.6647928,{},[4.58],{},[10.31],{},[0.2],{},[0.0],{}1677629618.665577
2023/03/01 00:13:38,logs_a,{},1677629618.7228818,{},[4.58],{},[10.31],{},[0.2],{},[0.0],{}1677629618.722997
2023/03/01 00:13:38,logs_a,{},1677629618.7773528,{},[4.58],{},[10.31],{},[0.2],{},[0.0],{}1677629618.777476
2023/03/01 00:13:38,logs_a,{},1677629618.9415867,{},[3.49, 3.91, 3.96],{},[7.54, 10.66, 10.81],{},[2.19, 0.79, 0.55],{},[0.0, 0.0, 0.0],{}1677629618.942354
2023/03/01 00:13:39,logs_a,{},1677629619.0487535,{},[3.49, 3.91, 3.95],{},[7.63, 10.6, 10.77],{},[1.87, 1.38, 0.85],{},[0.0, 0.0, 0.0],{}1677629619.049486
2023/03/01 00:13:39,logs_a,{},1677629619.1615775,{},[3.22, 3.55, 3.95],{},[7.68, 10.7, 10.76],{},[2.14, 1.39, 0.91],{},[0.0, 0.0, 0.0],{}1677629619.161672
2023/03/01 00:13:39,logs_a,{},1677629619.2704668,{},[3.49, 3.54, 3.59],{},[7.64, 10.71, 10.88],{},[1.82, 1.02, 1.05],{},[0.0, 0.0, 0.0],{}1677629619.270562
2023/03/01 00:13:39,logs_a,{},1677629619.3826756,{},[3.49, 3.55, 3.95],{},[7.57, 10.75, 10.76],{},[2.1, 0.91, 0.91],{},[0.0, 0.0, 0.0],{}1677629619.382791
2023/03/01 00:13:39,logs_a,{},1677629619.570762,{},[3.49, 3.55, 3.95],{},[7.59, 10.75, 10.76],{},[2.04, 0.93, 0.99],{},[0.0, 0.0, 0.0],{}1677629619.570940
2023/03/01 00:13:39,logs_a,{},1677629619.7685885,{},[3.49, 3.95],{},[7.6, 10.75],{},[1.99, 1.06],{},[0.0, 0.0],{}1677629619.768745
2023/03/01 00:13:39,logs_a,{},1677629619.9412894,{},[3.22, 3.55, 3.59],{},[7.69, 10.75, 10.86],{},[2.09, 0.91, 1.16],{},[0.0, 0.0, 0.0],{}1677629619.941405
2023/03/01 00:13:40,logs_a,{},1677629620.0628521,{},[3.49, 3.3, 3.59],{},[7.57, 9.51, 10.84],{},[2.09, 3.16, 1.34],{},[0.0, 0.0, 0.0],{}1677629620.062973
2023/03/01 00:13:40,logs_a,{},1677629620.1827998,{},[3.22, 3.3, 3.59],{},[7.63, 9.44, 10.84],{},[2.29, 3.37, 1.34],{},[0.0, 0.0, 0.0],{}1677629620.182965
2023/03/01 00:13:40,logs_a,{},1677629620.3529654,{},[3.23, 3.3, 3.9, 3.95],{},[7.63, 9.52, 10.62, 10.73],{},[2.38, 3.12, 0.92, 1.22],{},[0.0, 0.0, 0.0, 0.0],{}1677629620.353122
2023/03/01 00:13:40,logs_a,{},1677629620.4677112,{},[3.22, 3.55, 3.59],{},[7.69, 10.74, 10.86],{},[2.1, 0.94, 1.23],{},[0.0, 0.0, 0.0],{}1677629620.467830
2023/03/01 00:13:40,logs_a,{},1677629620.8461893,{},[3.22, 3.55, 3.59],{},[7.68, 10.74, 10.86],{},[2.13, 0.96, 1.18],{},[0.0, 0.0, 0.0],{}1677629620.846323
2023/03/01 00:13:40,logs_a,{},1677629620.9678617,{},[2.95, 3.55],{},[7.72, 10.73],{},[2.35, 1.07],{},[0.0, 0.0],{}1677629620.968013
2023/03/01 00:13:41,logs_a,{},1677629621.2534466,{},[3.22, 3.55, 3.59],{},[7.7, 10.75, 10.85],{},[2.06, 0.84, 1.26],{},[0.0, 0.0, 0.0],{}1677629621.253578
2023/03/01 00:13:41,logs_a,{},1677629621.3673215,{},[3.22, 3.9, 3.95],{},[7.68, 10.63, 10.74],{},[2.11, 0.8, 1.14],{},[0.0, 0.0, 0.0],{}1677629621.367458
2023/03/01 00:13:41,logs_a,{},1677629621.481105,{},[3.49, 3.9, 3.95],{},[7.55, 10.63, 10.74],{},[2.15, 0.85, 1.14],{},[0.0, 0.0, 0.0],{}1677629621.481285
2023/03/01 00:13:41,logs_a,{},1677629621.765641,{},[3.22, 3.9, 3.95],{},[7.64, 10.62, 10.75],{},[2.28, 0.95, 1.08],{},[0.0, 0.0, 0.0],{}1677629621.765768
2023/03/01 00:13:41,logs_a,{},1677629621.8814492,{},[3.22, 3.9, 3.95],{},[7.62, 10.63, 10.74],{},[2.34, 0.89, 1.19],{},[0.0, 0.0, 0.0],{}1677629621.881574
2023/03/01 00:13:42,logs_a,{},1677629622.0583558,{},[3.22, 3.59],{},[7.61, 10.85],{},[2.36, 1.26],{},[0.0, 0.0],{}1677629622.058598
2023/03/01 00:13:42,logs_a,{},1677629622.2543693,{},[3.23, 3.59],{},[7.58, 10.86],{},[2.54, 1.16],{},[0.0, 0.0],{}1677629622.254490
2023/03/01 00:13:42,logs_a,{},1677629622.3651302,{},[3.23, 3.55, 3.59],{},[7.62, 10.73, 10.87],{},[2.39, 1.09, 1.14],{},[0.0, 0.0, 0.0],{}1677629622.365314
2023/03/01 00:13:42,logs_a,{},1677629622.47958,{},[3.22, 3.59],{},[7.64, 10.84],{},[2.27, 1.36],{},[0.0, 0.0],{}1677629622.479733
2023/03/01 00:13:42,logs_a,{},1677629622.6648204,{},[3.22, 3.55, 3.95],{},[7.67, 10.72, 10.73],{},[2.16, 1.19, 1.26],{},[0.0, 0.0, 0.0],{}1677629622.664966
2023/03/01 00:13:42,logs_a,{},1677629622.7792695,{},[3.22, 3.3, 3.55, 3.95],{},[7.64, 9.57, 10.71, 10.75],{},[2.26, 2.98, 1.29, 1.03],{},[0.0, 0.0, 0.0, 0.0],{}1677629622.779483
2023/03/01 00:13:42,logs_a,{},1677629622.980472,{},[3.22, 3.3, 3.9, 3.95],{},[7.64, 9.61, 10.6, 10.74],{},[2.27, 2.83, 1.14, 1.13],{},[0.0, 0.0, 0.0, 0.0],{}1677629622.980607
2023/03/01 00:13:43,logs_a,{},1677629623.1769054,{},[3.22, 3.9, 3.95],{},[7.66, 10.62, 10.72],{},[2.19, 0.97, 1.29],{},[0.0, 0.0, 0.0],{}1677629623.177020
2023/03/01 00:13:43,logs_a,{},1677629623.373386,{},[-0.49, 3.22, 3.55],{},[0.89, 7.63, 10.75],{},[0.28, 2.3, 0.87],{},[0.0, 0.0, 0.0],{}1677629623.373554
2023/03/01 00:13:43,logs_a,{},1677629623.5779772,{},[-0.31, -0.4, -0.32, -0.6, 2.95, 3.55, 3.59, -0.53],{},[0.9, 0.96, 0.97, 1.52, 7.73, 10.73, 10.89, 0.99],{},[0.3, 0.28, 0.47, 0.64, 2.34, 1.11, 0.92, 0.46],{},[0.0, 0.0, 0.0, 0.0, 0.0, 0.0, 0.0, 0.6499999761581421],{}1677629623.578110
